datetime,date,open,high,low,close,quantity,turnover
2026-09-02,2026-09-02,9.253,9.291,9.14,9.284,561123,5159523.502
2026-09-01,2026-09-01,9.516,9.516,9.2,9.317,831659,7725454.815
2026-08-31,2026-08-31,9.5,9.509,9.402,9.402,194394,1837530.17
2026-08-28,2026-08-28,9.531,9.662,9.482,9.65,326692,3125020.131
2026-08-27,2026-08-27,9.445,9.536,9.413,9.484,982219,9313324.049
2026-08-26,2026-08-26,9.267,9.302,9.205,9.276,800125,7382845.933
2026-08-25,2026-08-25,9.295,9.373,9.226,9.276,784653,7313599.991
2026-08-24,2026-08-24,9.205,9.279,9.089,9.192,336979,3102600.676
2026-08-21,2026-08-21,9.341,9.429,9.246,9.359,822156,7703318.32
2026-08-20,2026-08-20,9.505,9.522,9.27,9.282,416836,3915221.424
2026-08-19,2026-08-19,9.499,9.605,9.36,9.481,468371,4438495.421
2026-08-18,2026-08-18,9.748,9.748,9.513,9.546,194923,1871988.255
2026-08-17,2026-08-17,10.014,10.018,9.924,9.975,148107,1476026.804
2026-08-14,2026-08-14,9.976,10.012,9.85,9.85,506478,5051874.668
2026-08-13,2026-08-13,9.782,10.018,9.753,9.964,782069,7650846.591
2026-08-12,2026-08-12,9.695,9.814,9.683,9.746,193006,1885945.329
2026-08-11,2026-08-11,9.698,9.773,9.616,9.645,599344,5797912.66
2026-08-10,2026-08-10,9.785,9.824,9.678,9.692,156817,1527319.446
2026-08-07,2026-08-07,9.571,9.726,9.561,9.726,169084,1631086.294
2026-08-06,2026-08-06,9.535,9.655,9.374,9.589,142002,1350841.818
2026-08-05,2026-08-05,9.829,9.881,9.702,9.727,179565,1756733.559
2026-08-04,2026-08-04,9.297,9.65,9.248,9.639,180153,1692244.738
2026-08-03,2026-08-03,8.976,9.106,8.809,9.099,240844,2156957.113
2026-07-31,2026-07-31,8.908,9.071,8.702,8.737,411992,3665394.891
2026-07-30,2026-07-30,8.353,8.753,8.273,8.653,413110.0,3506371.103
2026-07-29,2026-07-29,8.653,8.741,8.403,8.457,206731,1771499.431
2026-07-28,2026-07-28,8.692,8.733,8.479,8.705,531994,4599661.375
2026-07-27,2026-07-27,9.138,9.177,8.694,8.726,170426,1531993.268
2026-07-24,2026-07-24,9.073,9.149,8.887,9.041,115410.0,1042339.42
2026-07-23,2026-07-23,9.363,9.384,9.01,9.051,78696,726906.795
2026-07-22,2026-07-22,9.387,9.538,9.336,9.524,86335,813084.462
2026-07-21,2026-07-21,9.41,9.531,9.387,9.52,110539,1042412.067
2026-07-20,2026-07-20,9.196,9.426,9.187,9.342,228069,2127980.1
2026-07-17,2026-07-17,9.123,9.227,8.981,9.138,282889,2577031.844
2026-07-16,2026-07-16,9.708,9.708,9.464,9.578,167025,1599585.164
2026-07-15,2026-07-15,9.999,10,9.662,9.694,79019,775620.139
2026-07-14,2026-07-14,9.732,9.866,9.677,9.854,141829,1387631.138
2026-07-13,2026-07-13,9.756,9.829,9.667,9.788,321509,3142203.179
2026-07-10,2026-07-10,9.843,9.956,9.797,9.936,124684,1229848.434
2026-07-09,2026-07-09,9.738,9.899,9.71,9.871,116665,1140993.974
2026-07-08,2026-07-08,9.517,9.573,9.273,9.414,189200.0,1784933.4
2026-07-07,2026-07-07,9.768,9.79,9.461,9.508,146200.0,1413583.2
2026-07-06,2026-07-06,9.865,10.01,9.855,9.997,45000.0,446578.8
2026-07-03,2026-07-03,9.84,9.895,9.839,9.882,109800.0,1081310.8
2026-07-02,2026-07-02,9.939,10.1325,9.702,9.806,204400.0,2039582.2
2026-07-01,2026-07-01,10.2325,10.27,10.0675,10.2025,152800.0,1555434.5
2026-06-30,2026-06-30,10.0575,10.2375,10.015,10.2275,79800.0,811806.5
2026-06-29,2026-06-29,9.704,9.849,9.5,9.794,96200.0,935324.2
2026-06-26,2026-06-26,9.645,9.705,9.438,9.705,232800.0,2238596.2
2026-06-25,2026-06-25,10.0825,10.145,9.567,9.753,266200.0,2628082.5
2026-06-24,2026-06-24,9.877,9.933,9.725,9.882,114400.0,1125338
2026-06-23,2026-06-23,9.968,10.01,9.731,9.847,247800.0,2446274.8
2026-06-22,2026-06-22,10.445,10.6,10.2825,10.355,178400.0,1860553
2026-06-19,2026-06-19,10.32,10.3875,10.2875,10.3775,65200.0,673646.5
2026-06-18,2026-06-18,10.17,10.3425,10.16,10.305,184000.0,1887741
2026-06-17,2026-06-17,10.175,10.1875,10.06,10.105,115000.0,1165799.5
2026-06-16,2026-06-16,10.375,10.455,10.18,10.1925,138400.0,1436677.5
2026-06-15,2026-06-15,10.185,10.385,10.1825,10.37,167800.0,1720850.0
2026-06-12,2026-06-12,9.609,9.881,9.595,9.86,223800.0,2169588.8
2026-06-11,2026-06-11,9.297,9.459,9.185,9.332,145400.0,1352736.2
2026-06-10,2026-06-10,9.389,9.537,9.178,9.26,273400.0,2553821.2
2026-06-09,2026-06-09,9.876,9.933,9.319,9.319,230000.0,2231235.8
2026-06-08,2026-06-08,9.52,9.905,9.503,9.813,235800.0,2266579.6
2026-06-05,2026-06-05,10.115,10.1825,9.905,9.905,189800.0,1912572.4
2026-06-04,2026-06-04,10.4275,10.4275,10.1875,10.34,204000.0,2092409
2026-06-03,2026-06-03,10.5225,10.6,10.4225,10.505,172200.0,1814363
2026-06-02,2026-06-02,10.3825,10.5,10.38,10.5,229600.0,2391506
2026-06-01,2026-06-01,10.4075,10.4175,10.25,10.415,83000.0,858382
2026-05-29,2026-05-29,10.25,10.36,10.21,10.275,178400.0,1829846
2026-05-28,2026-05-28,10.005,10.2075,9.987,10.2075,103400.0,1039942.5
2026-05-27,2026-05-27,10.0975,10.2475,9.956,9.998,717000.0,7218938.6
2026-05-26,2026-05-26,9.914,10.0775,9.877,10.05,176400.0,1760842.6
2026-05-25,2026-05-25,10,10.015,9.979,9.982,42200.0,421688.7
2026-05-22,2026-05-22,9.763,9.87,9.707,9.86,319600.0,3127694
2026-05-21,2026-05-21,9.569,9.675,9.509,9.556,299800.0,2872583.2
2026-05-20,2026-05-20,9.419,9.589,9.419,9.589,88200.0,836525.8
2026-05-19,2026-05-19,9.377,9.417,9.198,9.265,243800.0,2270907.8
2026-05-18,2026-05-18,9.451,9.615,9.36,9.377,205800.0,1947407
2026-05-15,2026-05-15,9.647,9.659,9.484,9.619,399400.0,3826580.2
2026-05-14,2026-05-14,9.697,9.839,9.641,9.824,152000.0,1474420.2
2026-05-13,2026-05-13,9.502,9.604,9.408,9.526,176200.0,1675217.2
2026-05-12,2026-05-12,9.421,9.463,9.206,9.237,169400.0,1589453.6
2026-05-11,2026-05-11,9.479,9.539,9.446,9.524,152800.0,1448202.2
2026-05-08,2026-05-08,9.18,9.392,9.171,9.392,146600.0,1359111.8
2026-05-07,2026-05-07,9.121,9.229,9.086,9.201,164400.0,1506002.6
2026-05-06,2026-05-06,8.883,9.019,8.877,9.019,683600.0,6119974.6
2026-05-05,2026-05-05,8.642,8.777,8.632,8.772,216600.0,1882334.6
2026-05-04,2026-05-04,8.633,8.659,8.498,8.526,203400.0,1751425.2
2026-04-30,2026-04-30,8.288,8.404,8.247,8.301,176200.0,1464481.8
2026-04-29,2026-04-29,8.252,8.27,8.186,8.264,100200.0,824107.2
2026-04-28,2026-04-28,8.293,8.297,8.091,8.091,246400.0,2016742.6
2026-04-27,2026-04-27,8.32,8.351,8.258,8.273,140200.0,1163176
2026-04-24,2026-04-24,8.165,8.279,8.146,8.279,244600.0,2008142.8
2026-04-23,2026-04-23,8.082,8.164,8.041,8.164,246000.0,1992312.6
2026-04-22,2026-04-22,7.95,8.067,7.937,8.062,174000.0,1392382.6
2026-04-21,2026-04-21,7.931,7.981,7.875,7.885,82600.0,654303.8
2026-04-20,2026-04-20,7.859,7.925,7.785,7.831,190000.0,1496654.2
2026-04-17,2026-04-17,7.733,7.938,7.725,7.938,487000.0,3776574
2026-04-16,2026-04-16,7.704,7.739,7.647,7.739,305400.0,2356871.2
2026-04-15,2026-04-15,7.44,7.55,7.431,7.535,205000.0,1532077.4
2026-04-14,2026-04-14,7.225,7.354,7.225,7.354,222600.0,1618329.8
2026-04-13,2026-04-13,7.02,7.12,7,7.111,121400.0,855319.6
2026-04-10,2026-04-10,7.078,7.13,7.068,7.108,404800.0,2873697.8
2026-04-09,2026-04-09,6.975,7.005,6.945,7.005,90000.0,626883.6
2026-04-08,2026-04-08,7.037,7.08,6.909,6.964,228200.0,1596630.8
2026-04-07,2026-04-07,6.621,6.672,6.456,6.516,270200.0,1776583
2026-04-02,2026-04-02,6.402,6.616,6.346,6.578,156200.0,1006087.6
2026-04-01,2026-04-01,6.542,6.598,6.47,6.598,230800.0,1505861
2026-03-31,2026-03-31,6.148,6.25,6.142,6.235,321800.0,
2026-03-30,2026-03-30,6.179,6.261,6.154,6.214,255600.0,1585196.4
2026-03-27,2026-03-27,6.43,6.43,6.216,6.224,442400.0,
2026-03-26,2026-03-26,6.631,6.631,6.497,6.502,230400.0,1511930.0
2026-03-25,2026-03-25,6.702,6.735,6.657,6.715,148400.0,994788.2
2026-03-24,2026-03-24,6.711,6.711,6.544,6.616,291200.0,1934956.4
2026-03-23,2026-03-23,6.426,6.811,6.426,6.664,453400.0,3017658.6
2026-03-20,2026-03-20,6.798,6.798,6.628,6.633,258600.0,1723688.8
2026-03-19,2026-03-19,6.849,6.87,6.72,6.745,224200.0,1525288.8
2026-03-18,2026-03-18,7.148,7.153,6.967,6.973,176200.0,1243157
2026-03-17,2026-03-17,6.961,7.111,6.948,7.059,68800.0,486485
2026-03-16,2026-03-16,6.966,7.044,6.934,7.007,177800.0,1242645.2
2026-03-13,2026-03-13,6.901,7.08,6.893,6.926,147800.0,1030944.4
2026-03-12,2026-03-12,7.107,7.107,6.95,6.998,93800.0,658679.4
2026-03-11,2026-03-11,7.133,7.216,7.094,7.15,518200.0,3692319.4
2026-03-10,2026-03-10,7.155,7.192,7.064,7.192,312400.0,2232688
2026-03-09,2026-03-09,6.763,6.985,6.745,6.972,281600.0,1919531.8
2026-03-06,2026-03-06,7.195,7.195,6.95,7.038,263000.0,1855073.8
2026-03-05,2026-03-05,7.152,7.25,7.122,7.164,244600.0,1758419.2
2026-03-04,2026-03-04,6.934,7.185,6.925,7.185,152200.0,1073122.4
2026-03-03,2026-03-03,6.933,6.956,6.794,6.933,359800.0,2467658
2026-03-02,2026-03-02,6.794,7.075,6.782,7.031,339800.0,2363240.4
2026-02-27,2026-02-27,7.054,7.054,6.893,7.001,404800.0,2826913.4
2026-02-26,2026-02-26,7.214,7.245,6.971,7.05,130400.0,929225.6
2026-02-25,2026-02-25,7.058,7.218,7.056,7.183,275600.0,1959094.2
2026-02-24,2026-02-24,6.915,7.033,6.882,7.015,159600.0,1110742.8
2026-02-23,2026-02-23,6.946,7.031,6.836,6.882,118800.0,822576.2
2026-02-20,2026-02-20,7.012,7.09,6.882,7.048,264800.0,1850223.4
2026-02-19,2026-02-19,7.034,7.034,6.934,6.98,118400.0,824859.6
2026-02-18,2026-02-18,6.917,7.064,6.882,7.064,101600.0,705368.4
2026-02-17,2026-02-17,6.832,6.876,6.717,6.854,388800.0,2630628.8
2026-02-16,2026-02-16,6.897,6.93,6.809,6.819,293800.0,2024508
2026-02-13,2026-02-13,6.852,6.935,6.75,6.893,472400.0,3228541.6
2026-02-12,2026-02-12,7.174,7.188,6.893,6.901,100400.0,710372.8
2026-02-11,2026-02-11,7.093,7.222,7.057,7.077,83600.0,595205.4
2026-02-10,2026-02-10,7.141,7.2,7.093,7.149,152400.0,1091067.4
2026-02-09,2026-02-09,7.084,7.154,6.939,7.154,217000.0,1533879.8
2026-02-06,2026-02-06,6.758,7.031,6.758,7.031,360800.0,2476792.6
2026-02-05,2026-02-05,7.06,7.075,6.774,6.915,348200.0,2407514.6
2026-02-04,2026-02-04,7.258,7.269,7.049,7.059,158200.0,1133943.6
2026-02-03,2026-02-03,7.584,7.585,7.265,7.31,407200.0,3047949.2
2026-02-02,2026-02-02,7.189,7.524,7.188,7.521,267400.0,1947886
2026-01-30,2026-01-30,7.339,7.486,7.329,7.43,194800.0,1442923.2
2026-01-29,2026-01-29,7.613,7.637,7.239,7.313,256600.0,1906564
2026-01-28,2026-01-28,7.648,7.658,7.587,7.587,276400.0,2109337.6
2026-01-27,2026-01-27,7.546,7.546,7.465,7.519,81000.0,608132.4
2026-01-26,2026-01-26,7.388,7.471,7.318,7.47,374600.0,2767104.4
2026-01-23,2026-01-23,7.441,7.516,7.371,7.476,339200.0,2509633
2026-01-22,2026-01-22,7.426,7.482,7.425,7.425,211800.0,1578307.6
2026-01-21,2026-01-21,7.178,7.342,7.074,7.301,284800.0,2053529.6
2026-01-20,2026-01-20,7.227,7.292,7.114,7.289,252000.0,1813378.4
2026-01-19,2026-01-19,7.324,7.347,7.248,7.301,475200.0,3474023
2026-01-16,2026-01-16,7.614,7.632,7.5,7.555,189800.0,1440362
2026-01-15,2026-01-15,7.516,7.681,7.516,7.651,261800.0,1994058.2
2026-01-14,2026-01-14,7.609,7.609,7.375,7.402,297200.0,2225462.6
2026-01-13,2026-01-13,7.624,7.7,7.579,7.654,144400.0,1100065.8
2026-01-12,2026-01-12,7.507,7.632,7.448,7.632,359800.0,2708192.8
2026-01-09,2026-01-09,7.493,7.624,7.492,7.604,208600.0,1569441.6
2026-01-08,2026-01-08,7.522,7.561,7.433,7.448,229000.0,1716092.8
2026-01-07,2026-01-07,7.519,7.613,7.508,7.599,111600.0,842159.8
2026-01-06,2026-01-06,7.409,7.508,7.37,7.471,254000.0,1889096
2026-01-05,2026-01-05,7.351,7.461,7.351,7.446,704000.0,5202469
2026-01-02,2026-01-02,7.421,7.508,7.239,7.268,162800.0,1202213.4
2025-12-30,2025-12-30,7.428,7.444,7.427,7.437,139600.0,1037713.2
2025-12-29,2025-12-29,7.473,7.473,7.394,7.424,195200.0,1450975.8
2025-12-23,2025-12-23,7.397,7.442,7.354,7.434,148200.0,1093881.6
2025-12-22,2025-12-22,7.435,7.455,7.409,7.419,117000.0,870393.4
2025-12-19,2025-12-19,7.261,7.366,7.226,7.358,333200.0,2432602.2
2025-12-18,2025-12-18,7.054,7.255,7.047,7.254,379200.0,2693876.2
2025-12-17,2025-12-17,7.28,7.329,7.035,7.035,107200.0,775031.6
2025-12-16,2025-12-16,7.097,7.209,7.097,7.155,235400.0,1682641
2025-12-15,2025-12-15,7.32,7.39,7.197,7.265,185600.0,1357649.2
2025-12-12,2025-12-12,7.563,7.566,7.247,7.264,411200.0,3074957.8
2025-12-11,2025-12-11,7.487,7.584,7.411,7.454,314400.0,2356378.4
2025-12-10,2025-12-10,7.651,7.651,7.541,7.602,97000.0,
2025-12-09,2025-12-09,7.638,7.644,7.567,7.644,130200.0,990626.2
2025-12-08,2025-12-08,7.683,7.712,7.616,7.616,179800.0,1381639.8
2025-12-05,2025-12-05,7.64,7.716,7.589,7.629,78800.0,604202.6
2025-12-04,2025-12-04,7.592,7.605,7.507,7.559,175000.0,1326679.4
2025-12-03,2025-12-03,7.609,7.611,7.456,7.566,134400.0,
2025-12-02,2025-12-02,7.445,7.625,7.439,7.518,362800.0,
2025-12-01,2025-12-01,7.404,7.466,7.346,7.466,332600.0,2465077.4
2025-11-28,2025-11-28,7.464,7.516,7.457,7.489,134800.0,1007958.2
2025-11-27,2025-11-27,7.432,7.443,7.418,7.42,91600.0,680515
2025-11-26,2025-11-26,7.376,7.44,7.333,7.44,391000.0,2885391.2
2025-11-25,2025-11-25,7.238,7.245,7.077,7.18,265600.0,1903357.8
2025-11-24,2025-11-24,6.983,7.217,6.929,7.202,266600.0,1870108.4
2025-11-21,2025-11-21,6.803,6.878,6.68,6.85,1275600.0,8630996.8
2025-11-20,2025-11-20,7.377,7.462,7.198,7.198,455800.0,3361736.4
2025-11-19,2025-11-19,7.026,7.253,7.016,7.095,363400.0,2585490.0
2025-11-18,2025-11-18,7.099,7.164,6.905,7.057,685200.0,4821768.4
2025-11-17,2025-11-17,7.43,7.452,7.238,7.31,366200.0,2683996.6
2025-11-14,2025-11-14,7.226,7.381,7.01,7.368,554600.0,3983319
2025-11-13,2025-11-13,7.626,7.636,7.33,7.337,226400.0,1690805.2
2025-11-12,2025-11-12,7.712,7.751,7.569,7.593,285800.0,2196178.2
2025-11-11,2025-11-11,7.664,7.664,7.531,7.547,205400.0,1560117.2
2025-11-10,2025-11-10,7.55,7.65,7.528,7.564,399800.0,3029089.4
2025-11-07,2025-11-07,7.488,7.495,7.129,7.137,458800.0,3335962.6
2025-11-06,2025-11-06,7.681,7.772,7.437,7.437,673000.0,5172088
2025-11-05,2025-11-05,7.594,7.761,7.571,7.761,196200.0,1497589.8
2025-11-04,2025-11-04,7.753,7.845,7.69,7.774,526800.0,4087572
2025-11-03,2025-11-03,7.9,8.055,7.9,7.931,367800.0,2937960.6
2025-10-31,2025-10-31,7.99,8.038,7.886,7.902,141600.0,1128026.6
2025-10-30,2025-10-30,8.002,8.002,7.839,7.892,319400.0,2535106.8
2025-10-29,2025-10-29,8.004,8.01,7.945,7.947,168000.0,1340036.4
2025-10-28,2025-10-28,7.78,7.867,7.768,7.86,496600.0,3878030.6
2025-10-27,2025-10-27,7.693,7.757,7.688,7.757,294600.0,2275030.8
2025-10-24,2025-10-24,7.452,7.545,7.429,7.537,738400.0,5531474.6
2025-10-23,2025-10-23,7.319,7.353,7.234,7.352,408800.0,2990190.0
2025-10-22,2025-10-22,7.417,7.42,7.245,7.245,98000.0,723268.6
2025-10-21,2025-10-21,7.385,7.421,7.366,7.408,138600.0,1026161.2
2025-10-20,2025-10-20,7.28,7.397,7.244,7.391,597400.0,4355221.2
2025-10-17,2025-10-17,6.911,7.18,6.85,7.034,295200.0,2051725.4
2025-10-16,2025-10-16,7.239,7.292,7.229,7.238,182200.0,1320817
2025-10-15,2025-10-15,7.17,7.295,7.158,7.215,144600.0,1046586.6
2025-10-14,2025-10-14,7.074,7.107,6.942,7.107,324800.0,2289823.6
2025-10-13,2025-10-13,7.143,7.209,7.111,7.196,365600.0,2622033
2025-10-10,2025-10-10,7.463,7.5,7.098,7.098,390400.0,2858886.8
2025-10-09,2025-10-09,7.449,7.449,7.404,7.407,255400.0,1897389.2
2025-10-08,2025-10-08,7.275,7.382,7.274,7.382,94400.0,691315.4
2025-10-07,2025-10-07,7.286,7.361,7.239,7.239,287800.0,2101432
2025-10-06,2025-10-06,7.252,7.315,7.252,7.289,339000.0,2470648.4
2025-10-03,2025-10-03,7.287,7.295,7.216,7.245,67600.0,490867
2025-10-02,2025-10-02,7.206,7.271,7.199,7.213,170800.0,1233302.8
2025-10-01,2025-10-01,6.96,7.127,6.947,7.127,476800.0,3375569.4
2025-09-30,2025-09-30,7.055,7.078,7.022,7.044,126600.0,891992.8
2025-09-29,2025-09-29,7.081,7.143,7.075,7.086,396800.0,2821023.8
2025-09-26,2025-09-26,6.997,7.048,6.929,6.97,143000.0,1001523.2
2025-09-25,2025-09-25,7.002,7.03,6.86,6.999,149800.0,1045580.2
2025-09-24,2025-09-24,7.057,7.103,7.031,7.031,90400.0,638203.4
2025-09-23,2025-09-23,7.13,7.143,7.09,7.105,123400.0,878564
2025-09-22,2025-09-22,7.057,7.101,7.01,7.09,135400.0,954708.4
2025-09-19,2025-09-19,6.958,7.034,6.953,7.008,226000.0,1582801.6
2025-09-18,2025-09-18,6.915,7.024,6.896,7.01,293800.0,2039978.2
2025-09-17,2025-09-17,6.83,6.834,6.764,6.767,109400.0,744073.2
2025-09-16,2025-09-16,6.897,6.922,6.821,6.826,148000.0,1017101.2
2025-09-15,2025-09-15,6.822,6.866,6.774,6.856,219600.0,1498061.8
2025-09-12,2025-09-12,6.738,6.798,6.725,6.791,138800.0,936738.2
2025-09-11,2025-09-11,6.71,6.752,6.71,6.752,161200.0,1085393.6
2025-09-10,2025-09-10,6.721,6.746,6.683,6.695,117400.0,787774.4
2025-09-09,2025-09-09,6.63,6.646,6.586,6.611,177400.0,1170782.8
2025-09-08,2025-09-08,6.597,6.651,6.59,6.651,188200.0,1245667.4
2025-09-05,2025-09-05,6.63,6.665,6.471,6.523,253600.0,1675567
2025-09-04,2025-09-04,6.484,6.526,6.456,6.515,238400.0,1549004
2025-09-03,2025-09-03,6.433,6.493,6.432,6.439,270200.0,1742551.8
2025-09-02,2025-09-02,6.44,6.44,6.25,6.254,387600.0,2445761.8
2025-09-01,2025-09-01,6.441,6.47,6.431,6.47,188800.0,1217549
2025-08-29,2025-08-29,6.617,6.618,6.432,6.449,173800.0,1139050.0
2025-08-28,2025-08-28,6.566,6.629,6.53,6.605,121200.0,796226.8
2025-08-27,2025-08-27,6.572,6.592,6.533,6.573,185600.0,1220458.8
2025-08-26,2025-08-26,6.483,6.516,6.461,6.495,61600.0,399731.4
2025-08-25,2025-08-25,6.473,6.528,6.441,6.528,212000.0,1373312
2025-08-22,2025-08-22,6.34,6.543,6.34,6.533,559800.0,
2025-08-21,2025-08-21,6.425,6.425,6.35,6.398,601200.0,3848634
2025-08-20,2025-08-20,6.435,6.466,6.233,6.35,244800.0,
2025-08-19,2025-08-19,6.628,6.64,6.5,6.522,183400.0,1206946.2
2025-08-18,2025-08-18,6.636,6.652,6.612,6.612,128800.0,853845.8
2025-08-15,2025-08-15,6.732,6.735,6.623,6.632,170600.0,1141551.6
2025-08-14,2025-08-14,6.703,6.754,6.671,6.711,284000.0,1906053.4
2025-08-13,2025-08-13,6.729,6.772,6.682,6.691,217200.0,1462222.6
2025-08-12,2025-08-12,6.596,6.665,6.563,6.665,238800.0,1581193.6
2025-08-11,2025-08-11,6.63,6.664,6.591,6.649,209800.0,1388632.2
2025-08-08,2025-08-08,6.51,6.594,6.51,6.561,300000.0,1964936.8
2025-08-07,2025-08-07,6.465,6.58,6.46,6.506,206400.0,1351384.4
2025-08-06,2025-08-06,6.368,6.405,6.316,6.405,252800.0,1608107
2025-08-05,2025-08-05,6.473,6.493,6.332,6.332,214400.0,1377596.4
2025-08-04,2025-08-04,6.256,6.399,6.256,6.382,361400.0,2282604.6
2025-08-01,2025-08-01,6.488,6.488,6.157,6.224,761600.0,4805644
2025-07-31,2025-07-31,6.767,6.793,6.611,6.644,179000.0,1203743.4
2025-07-30,2025-07-30,6.537,6.6,6.532,6.582,95800.0,628860.0
2025-07-29,2025-07-29,6.575,6.635,6.54,6.542,97200.0,640214
2025-07-28,2025-07-28,6.481,6.504,6.475,6.496,198800.0,1290303.6
2025-07-25,2025-07-25,6.371,6.395,6.353,6.395,179600.0,1145372
2025-07-24,2025-07-24,6.35,6.376,6.31,6.353,248400.0,1580005.6
2025-07-23,2025-07-23,6.308,6.319,6.254,6.282,106000.0,666375
2025-07-22,2025-07-22,6.366,6.37,6.25,6.288,121800.0,768984.2
2025-07-21,2025-07-21,6.374,6.421,6.333,6.4,132800.0,849541.6
2025-07-18,2025-07-18,6.378,6.378,6.324,6.334,108800.0,690238
2025-07-17,2025-07-17,6.307,6.369,6.293,6.364,117000.0,741299.8
2025-07-16,2025-07-16,6.211,6.28,6.114,6.114,165600.0,1034720.8
2025-07-15,2025-07-15,6.279,6.319,6.27,6.317,294400.0,1848722.2
2025-07-14,2025-07-14,6.116,6.194,6.094,6.187,168600.0,1035327
2025-07-11,2025-07-11,6.163,6.175,6.115,6.166,201000.0,1235218
2025-07-10,2025-07-10,6.157,6.225,6.157,6.196,91400.0,567481.6
2025-07-09,2025-07-09,6.108,6.228,6.104,6.164,243800.0,1503410.6
2025-07-08,2025-07-08,6.116,6.144,6.107,6.113,115400.0,707212
2025-07-07,2025-07-07,6.119,6.158,6.1,6.118,86200.0,528913
2025-07-04,2025-07-04,6.136,6.136,6.077,6.101,72000.0,439398.6
2025-07-03,2025-07-03,6.064,6.188,6.049,6.188,207000.0,1266619.2
2025-07-02,2025-07-02,6.015,6.055,5.939,6.041,377600.0,2259649
2025-07-01,2025-07-01,6.065,6.065,5.938,5.971,271800.0,1631723.2
2025-06-30,2025-06-30,6.09,6.11,6.049,6.069,273200.0,1663663.4
2025-06-27,2025-06-27,6.017,6.064,6.001,6.064,299800.0,1809497
2025-06-26,2025-06-26,5.928,5.966,5.914,5.957,212200.0,1258741
2025-06-25,2025-06-25,5.92,5.982,5.911,5.92,319000.0,1894428
2025-06-24,2025-06-24,5.876,5.885,5.836,5.882,434400.0,2546568.6
2025-06-23,2025-06-23,5.657,5.741,5.656,5.697,200200.0,1139627.8
2025-06-20,2025-06-20,5.693,5.808,5.636,5.704,229800.0,1313250.4
2025-06-19,2025-06-19,5.704,5.704,5.59,5.61,185000.0,1044335.4
2025-06-18,2025-06-18,5.742,5.79,5.725,5.762,209000.0,1203798.2
2025-06-17,2025-06-17,5.75,5.791,5.721,5.781,133600.0,768033
2025-06-16,2025-06-16,5.713,5.815,5.694,5.803,222000.0,1278407.8
2025-06-13,2025-06-13,5.643,5.744,5.629,5.729,392400.0,2225133.8
2025-06-12,2025-06-12,5.784,5.795,5.685,5.787,306600.0,1759962.4
2025-06-11,2025-06-11,5.862,5.912,5.841,5.884,321600.0,1894004.2
2025-06-10,2025-06-10,5.819,5.839,5.786,5.8,75800.0,440968.8
2025-06-09,2025-06-09,5.782,5.855,5.774,5.829,166400.0,965839.4
2025-06-06,2025-06-06,5.732,5.85,5.717,5.805,387000.0,2240785.4
2025-06-05,2025-06-05,5.772,5.85,5.701,5.847,779200.0,4505694.2
2025-06-04,2025-06-04,5.764,5.795,5.715,5.777,357000.0,2051432.4
2025-06-03,2025-06-03,5.622,5.755,5.593,5.751,171000.0,973037.8
2025-06-02,2025-06-02,5.526,5.617,5.467,5.569,219400.0,1212324.2
2025-05-30,2025-05-30,5.599,5.643,5.55,5.587,134400.0,753116.2
2025-05-29,2025-05-29,5.84,5.892,5.609,5.64,391200.0,2245232
2025-05-28,2025-05-28,5.663,5.706,5.631,5.675,162800.0,923278.2
2025-05-27,2025-05-27,5.543,5.629,5.52,5.621,168000.0,936136.6
2025-05-26,2025-05-26,5.502,5.552,5.502,5.535,177200.0,980452.8
2025-05-23,2025-05-23,5.511,5.533,5.296,5.408,427800.0,2297373.2
2025-05-22,2025-05-22,5.532,5.604,5.463,5.567,590000.0,3265858.6
2025-05-21,2025-05-21,5.587,5.691,5.571,5.68,190600.0,1068434.4
2025-05-20,2025-05-20,5.67,5.71,5.655,5.679,210000.0,1195300.2
2025-05-19,2025-05-19,5.586,5.684,5.515,5.677,359800.0,2010077.6
2025-05-16,2025-05-16,5.685,5.75,5.679,5.736,243400.0,1388842.6
2025-05-15,2025-05-15,5.659,5.709,5.584,5.709,296000.0,1665144.2
2025-05-14,2025-05-14,5.672,5.688,5.593,5.683,632200.0,3573809.4
2025-05-13,2025-05-13,5.448,5.65,5.441,5.642,523600.0,2920870.0
2025-05-12,2025-05-12,5.428,5.524,5.372,5.429,696600.0,3797645.2
2025-05-09,2025-05-09,5.062,5.104,4.9995,5.028,402400.0,2038253.8
2025-05-08,2025-05-08,5.026,5.073,4.952,5.058,423200.0,2128209.8
2025-05-07,2025-05-07,4.9055,4.919,4.82,4.8255,191000.0,932767.8
2025-05-06,2025-05-06,4.903,4.9035,4.794,4.8905,350400.0,1694963.9
2025-05-05,2025-05-05,4.951,4.98,4.9065,4.9695,260800.0,1287459.9
2025-05-02,2025-05-02,4.896,5.004,4.8705,4.999,369200.0,1817068.8
2025-04-30,2025-04-30,4.6995,4.716,4.497,4.6425,529600.0,2426661.4
2025-04-29,2025-04-29,4.672,4.71,4.602,4.658,222400.0,1041014.9
2025-04-28,2025-04-28,4.682,4.7225,4.575,4.58,361200.0,1683476.7
2025-04-25,2025-04-25,4.65,4.6515,4.5495,4.588,253400.0,1170311.7
2025-04-24,2025-04-24,4.3,4.5275,4.25,4.511,337200.0,1486561.1
2025-04-23,2025-04-23,4.3055,4.5,4.2935,4.3745,839000.0,3656843.1
2025-04-22,2025-04-22,4.022,4.1165,3.9615,4.108,338200.0,1357062.5
2025-04-17,2025-04-17,4.243,4.2755,4.094,4.146,590600.0,2476170.0
2025-04-16,2025-04-16,4.252,4.37,4.209,4.304,233400.0,992677.6
2025-04-15,2025-04-15,4.4345,4.515,4.375,4.4765,326400.0,1451576.1
2025-04-14,2025-04-14,4.464,4.578,4.4175,4.421,929800.0,4176271.6
2025-04-11,2025-04-11,4.3065,4.311,4.103,4.1905,483200.0,2041766.5
2025-04-10,2025-04-10,4.6565,4.6595,4.2505,4.2505,1172000.0,5240041.7
2025-04-09,2025-04-09,3.8285,3.9485,3.6565,3.8545,1385800.0,5256789.1
2025-04-08,2025-04-08,4.0845,4.353,4.075,4.225,789800.0,3306396.3
2025-04-07,2025-04-07,3.562,4.111,3.513,3.908,1990200.0,7400966.6
2025-04-04,2025-04-04,4.458,4.4965,4.0395,4.1435,814200.0,3512439
2025-04-03,2025-04-03,4.7245,4.7555,4.5085,4.582,780000.0,3619566.7
2025-04-02,2025-04-02,5.051,5.104,4.9275,5.084,349000.0,1759040.0
2025-04-01,2025-04-01,4.997,5.069,4.9,5.045,294000.0,1466254.3
2025-03-31,2025-03-31,4.8495,4.885,4.747,4.863,846800.0,4101422.4
2025-03-28,2025-03-28,5.225,5.266,5,5.017,580600.0,2980868.8
2025-03-27,2025-03-27,5.332,5.383,5.257,5.332,638200.0,3401340.6
2025-03-26,2025-03-26,5.542,5.546,5.381,5.399,444400.0,2431283.8
2025-03-25,2025-03-25,5.473,5.533,5.448,5.504,436800.0,2393843.8
2025-03-24,2025-03-24,5.382,5.477,5.365,5.471,404200.0,2187550.4
2025-03-21,2025-03-21,5.196,5.2,5.08,5.195,161200.0,826212.6
2025-03-20,2025-03-20,5.273,5.311,5.131,5.216,500200.0,2618006.2
2025-03-19,2025-03-19,5.072,5.205,5.069,5.177,346600.0,1775241.8
2025-03-18,2025-03-18,5.206,5.225,5.035,5.084,470400.0,2409530.6
2025-03-17,2025-03-17,5.144,5.263,5.131,5.171,392000.0,2037761.4
2025-03-14,2025-03-14,5.06,5.195,5.049,5.175,250200.0,1286591
2025-03-13,2025-03-13,5.082,5.165,4.9945,5.024,407600.0,2074856.7
2025-03-12,2025-03-12,5.073,5.227,5.037,5.191,904800.0,4644408.4
2025-03-11,2025-03-11,5.08,5.14,4.951,5.021,758200.0,3836750.6
2025-03-10,2025-03-10,5.44,5.44,5.12,5.159,762000.0,3992942.8
2025-03-07,2025-03-07,5.48,5.496,5.307,5.307,592800.0,3232249.8
2025-03-06,2025-03-06,5.711,5.711,5.53,5.618,334400.0,1867746.6
2025-03-05,2025-03-05,5.763,5.801,5.552,5.552,476800.0,2716191.6
2025-03-04,2025-03-04,5.836,5.861,5.6,5.65,1238000.0,7115984.4
2025-03-03,2025-03-03,6.17,6.215,6.034,6.069,374200.0,2305335.2
2025-02-28,2025-02-28,5.987,6.052,5.873,6.012,241600.0,1441676.4
2025-02-27,2025-02-27,6.312,6.403,6.123,6.246,376400.0,2372937
2025-02-26,2025-02-26,6.308,6.364,6.256,6.355,781200.0,4934702.2
2025-02-25,2025-02-25,6.366,6.395,6.151,6.151,309800.0,1945016.6
2025-02-24,2025-02-24,6.599,6.637,6.428,6.517,480600.0,3160879.4
2025-02-21,2025-02-21,6.827,6.902,6.742,6.775,330000.0,2250287.6
2025-02-20,2025-02-20,6.885,6.906,6.751,6.779,214400.0,1461120.2
2025-02-19,2025-02-19,6.93,6.943,6.86,6.93,146000.0,1009097.2
2025-02-18,2025-02-18,6.939,6.962,6.85,6.875,178200.0,1231320.8
2025-02-17,2025-02-17,6.9,6.91,6.877,6.892,167000.0,1151860.8
2025-02-14,2025-02-14,6.844,6.844,6.783,6.815,249600.0,1701132.2
2025-02-13,2025-02-13,6.7,6.801,6.654,6.777,309000.0,2076970.2
2025-02-12,2025-02-12,6.688,6.725,6.55,6.62,316200.0,2088817.6
2025-02-11,2025-02-11,6.702,6.737,6.658,6.733,158600.0,1062511.4
2025-02-10,2025-02-10,6.656,6.775,6.656,6.765,339000.0,2280924
2025-02-07,2025-02-07,6.723,6.773,6.598,6.624,344000.0,2297895.2
2025-02-06,2025-02-06,6.678,6.723,6.656,6.685,234200.0,1567394.2
2025-02-05,2025-02-05,6.511,6.567,6.456,6.567,202600.0,1316772.4
2025-02-04,2025-02-04,6.489,6.615,6.443,6.615,381600.0,2487815.4
2025-02-03,2025-02-03,6.413,6.514,6.354,6.504,976200.0,6272807
2025-01-31,2025-01-31,6.662,6.779,6.657,6.747,445400.0,2984005.4
2025-01-30,2025-01-30,6.579,6.606,6.45,6.498,361600.0,2353764.2
2025-01-29,2025-01-29,6.593,6.598,6.457,6.481,314200.0,2054937.4
2025-01-28,2025-01-28,6.393,6.455,6.276,6.42,468400.0,2981046.2
2025-01-27,2025-01-27,6.308,6.39,6.025,6.26,1024200.0,6383946.2
2025-01-24,2025-01-24,6.762,6.788,6.714,6.733,187000.0,1262438.6
2025-01-23,2025-01-23,6.757,6.773,6.711,6.765,265600.0,1788271.2
2025-01-22,2025-01-22,6.711,6.828,6.688,6.828,280600.0,1891863.8
2025-01-21,2025-01-21,6.598,6.654,6.533,6.571,262200.0,1735909.6
2025-01-20,2025-01-20,6.626,6.653,6.592,6.626,236600.0,1566814.2
2025-01-17,2025-01-17,6.443,6.645,6.438,6.624,412000.0,2688236.6
2025-01-16,2025-01-16,6.585,6.585,6.488,6.488,275800.0,1804422.4
2025-01-15,2025-01-15,6.21,6.477,6.21,6.446,318800.0,2030255
2025-01-14,2025-01-14,6.326,6.367,6.206,6.215,234000.0,1478238.8
2025-01-13,2025-01-13,6.246,6.246,6.131,6.191,221600.0,1369773
2025-01-10,2025-01-10,6.425,6.47,6.232,6.259,382200.0,2431529.2
2025-01-09,2025-01-09,6.405,6.45,6.405,6.429,40000.0,257278.2
2025-01-08,2025-01-08,6.47,6.518,6.418,6.473,216200.0,1398947
2025-01-07,2025-01-07,6.621,6.671,6.467,6.501,447800.0,2945852.8
2025-01-06,2025-01-06,6.585,6.733,6.583,6.714,104400.0,695237.8
2025-01-03,2025-01-03,6.422,6.525,6.397,6.525,204200.0,1316867.2
2025-01-02,2025-01-02,6.456,6.527,6.365,6.471,167800.0,1084590.2
2024-12-30,2024-12-30,6.548,6.58,6.441,6.441,143400.0,938219.6
2024-12-27,2024-12-27,6.707,6.75,6.495,6.558,557800.0,3711634
2024-12-23,2024-12-23,6.586,6.586,6.484,6.548,277800.0,1819945.2
2024-12-20,2024-12-20,6.338,6.582,6.171,6.582,769400.0,4843846.4
2024-12-19,2024-12-19,6.501,6.585,6.434,6.526,632600.0,4109268.4
2024-12-18,2024-12-18,6.908,6.938,6.835,6.906,136800.0,945183
2024-12-17,2024-12-17,6.92,6.959,6.87,6.926,217400.0,1502095.6
2024-12-16,2024-12-16,6.762,6.909,6.747,6.895,439000.0,3000516.6
2024-12-13,2024-12-13,6.745,6.827,6.685,6.73,360000.0,2433284.2
2024-12-12,2024-12-12,6.727,6.727,6.668,6.696,159600.0,1069550.8
2024-12-11,2024-12-11,6.527,6.731,6.525,6.731,725200.0,4845218
2024-12-10,2024-12-10,6.522,6.624,6.509,6.546,282400.0,1850995
2024-12-09,2024-12-09,6.654,6.654,6.496,6.528,105400.0,693276.6
2024-12-06,2024-12-06,6.505,6.614,6.49,6.604,101800.0,666876.8
2024-12-05,2024-12-05,6.545,6.569,6.521,6.543,20800.0,135995.8
2024-12-04,2024-12-04,6.466,6.548,6.466,6.518,304000.0,1982808.6
2024-12-03,2024-12-03,6.399,6.407,6.332,6.396,145800.0,927303.6
2024-12-02,2024-12-02,6.247,6.39,6.219,6.387,154000.0,969854.8
2024-11-29,2024-11-29,6.161,6.227,6.126,6.218,195000.0,1203671.8
2024-11-28,2024-11-28,6.163,6.174,6.149,6.166,28400.0,174791.8
2024-11-27,2024-11-27,6.242,6.242,6.06,6.065,171800.0,1053076
2024-11-26,2024-11-26,6.198,6.26,6.173,6.246,247400.0,1536551.6
2024-11-25,2024-11-25,6.256,6.287,6.175,6.212,303800.0,1895769.6
2024-11-22,2024-11-22,6.152,6.225,6.135,6.183,285200.0,1757607.2
2024-11-21,2024-11-21,6.05,6.168,5.964,6.109,265000.0,1601811.2
2024-11-20,2024-11-20,6.103,6.118,5.94,5.992,324800.0,1965553.4
2024-11-19,2024-11-19,6.025,6.026,5.859,6.026,280400.0,1672501.4
2024-11-18,2024-11-18,6.004,6.041,5.923,6.04,341200.0,2044945.4
2024-11-15,2024-11-15,6.139,6.139,5.954,5.965,475200.0,2874221.4
2024-11-14,2024-11-14,6.291,6.355,6.243,6.271,163200.0,1026707.4
2024-11-13,2024-11-13,6.265,6.308,6.241,6.308,169200.0,1061282.6
2024-11-12,2024-11-12,6.304,6.32,6.266,6.299,124400.0,784186.2
2024-11-11,2024-11-11,6.313,6.364,6.271,6.286,197600.0,1248746.6
2024-11-08,2024-11-08,6.242,6.25,6.168,6.246,275200.0,1708402.2
2024-11-07,2024-11-07,6.063,6.182,6.053,6.175,282400.0,1725832.8
2024-11-06,2024-11-06,5.932,6.019,5.902,5.995,511800.0,3046315.6
2024-11-05,2024-11-05,5.536,5.636,5.535,5.636,78000.0,433751.6
2024-11-04,2024-11-04,5.577,5.577,5.477,5.553,177800.0,988197.4
2024-11-01,2024-11-01,5.54,5.645,5.526,5.629,223400.0,1247358.8
2024-10-31,2024-10-31,5.655,5.707,5.505,5.529,305800.0,1713882
2024-10-30,2024-10-30,5.932,5.932,5.809,5.847,111200.0,655603.4
2024-10-29,2024-10-29,5.795,5.867,5.78,5.848,204400.0,1187762.8
2024-10-28,2024-10-28,5.848,5.876,5.799,5.804,165600.0,965641.4
2024-10-25,2024-10-25,5.725,5.88,5.723,5.859,116400.0,675760.2
2024-10-24,2024-10-24,5.703,5.749,5.689,5.707,96600.0,552205.4
2024-10-23,2024-10-23,5.809,5.819,5.698,5.698,150400.0,866635.8
2024-10-22,2024-10-22,5.752,5.789,5.712,5.773,115600.0,664302.2
2024-10-21,2024-10-21,5.738,5.783,5.679,5.711,99600.0,570961.4
2024-10-18,2024-10-18,5.741,5.766,5.73,5.761,36400.0,209374.8
2024-10-17,2024-10-17,5.724,5.813,5.707,5.746,362200.0,2087740.4
2024-10-16,2024-10-16,5.677,5.684,5.592,5.641,120400.0,679312.8
2024-10-15,2024-10-15,5.805,5.818,5.666,5.692,193000.0,1115357.6
2024-10-14,2024-10-14,5.691,5.815,5.685,5.76,140200.0,805425.4
2024-10-11,2024-10-11,5.673,5.71,5.623,5.675,150600.0,850739
2024-10-10,2024-10-10,5.687,5.69,5.624,5.689,257800.0,1461359
2024-10-09,2024-10-09,5.552,5.659,5.551,5.659,58800.0,327768
2024-10-08,2024-10-08,5.417,5.566,5.393,5.548,129800.0,713059
2024-10-07,2024-10-07,5.531,5.531,5.464,5.511,86400.0,475120.2
2024-10-04,2024-10-04,5.392,5.563,5.392,5.461,319400.0,1746370.2
2024-10-03,2024-10-03,5.364,5.436,5.317,5.413,173200.0,929332.2
2024-10-02,2024-10-02,5.346,5.424,5.32,5.424,105600.0,568638.6
2024-10-01,2024-10-01,5.49,5.534,5.28,5.336,234800.0,1280047.2
2024-09-30,2024-09-30,5.43,5.458,5.396,5.441,140200.0,762788.6
2024-09-27,2024-09-27,5.501,5.525,5.463,5.463,107400.0,590273
2024-09-26,2024-09-26,5.579,5.617,5.442,5.451,214000.0,1190288.8
2024-09-25,2024-09-25,5.355,5.454,5.347,5.443,111600.0,602418.8
2024-09-24,2024-09-24,5.418,5.43,5.313,5.399,211400.0,1137515.2
2024-09-23,2024-09-23,5.354,5.4,5.327,5.394,152600.0,820688.8
2024-09-20,2024-09-20,5.341,5.361,5.264,5.305,199400.0,1062468.4
2024-09-19,2024-09-19,5.289,5.415,5.279,5.4,150400.0,802668.2
2024-09-18,2024-09-18,5.193,5.198,5.149,5.149,249400.0,1291124.8
2024-09-17,2024-09-17,5.18,5.252,5.18,5.217,233000.0,1212889.4
2024-09-16,2024-09-16,5.201,5.221,5.103,5.135,100000.0,515372.8
2024-09-13,2024-09-13,5.196,5.234,5.165,5.231,166200.0,863318.6
2024-09-12,2024-09-12,5.136,5.174,5.097,5.126,168800.0,866925.6
2024-09-11,2024-09-11,4.8635,4.937,4.7655,4.828,84800.0,411688.1
2024-09-10,2024-09-10,4.775,4.87,4.7655,4.86,193800.0,932598.2
2024-09-09,2024-09-09,4.7465,4.807,4.7245,4.7625,262200.0,1249614.7
2024-09-06,2024-09-06,4.8515,4.9195,4.68,4.7005,466000.0,2241715.5
2024-09-05,2024-09-05,4.9155,5.019,4.8555,4.8895,137200.0,674444.1
2024-09-04,2024-09-04,4.908,5.004,4.8765,4.9645,365600.0,1795458.7
2024-09-03,2024-09-03,5.289,5.298,5.069,5.088,211600.0,1090744
2024-09-02,2024-09-02,5.259,5.311,5.24,5.307,54400.0,287223.8
2024-08-30,2024-08-30,5.217,5.278,5.211,5.211,82000.0,430106.6
2024-08-29,2024-08-29,5.128,5.303,5.125,5.29,456600.0,2399803.2
2024-08-28,2024-08-28,5.265,5.29,5.121,5.142,169000.0,882642.2
2024-08-27,2024-08-27,5.238,5.274,5.168,5.236,158200.0,828914.2
2024-08-26,2024-08-26,5.324,5.36,5.193,5.232,81800.0,435318.8
2024-08-23,2024-08-23,5.3,5.386,5.26,5.313,128200.0,685723.2
2024-08-22,2024-08-22,5.41,5.47,5.36,5.36,19200.0,104536
2024-08-21,2024-08-21,5.366,5.449,5.366,5.39,95800.0,518140.6
2024-08-20,2024-08-20,5.432,5.454,5.344,5.383,192200.0,1040840.0
2024-08-19,2024-08-19,5.286,5.315,5.256,5.315,146800.0,776329
2024-08-16,2024-08-16,5.356,5.356,5.249,5.281,203000.0,1074305.4
2024-08-15,2024-08-15,5.073,5.278,5.057,5.269,168000.0,857042.4
2024-08-14,2024-08-14,5.048,5.059,4.949,5.054,359400.0,1808094.7
2024-08-13,2024-08-13,4.895,5.001,4.855,5.001,183200.0,905545.2
2024-08-12,2024-08-12,4.844,4.8975,4.7875,4.826,242400.0,1175852.1
2024-08-09,2024-08-09,4.7635,4.8435,4.7175,4.7775,206600.0,987928.2
2024-08-08,2024-08-08,4.511,4.7365,4.4695,4.7265,893200.0,4123175.3
2024-08-07,2024-08-07,4.668,4.7865,4.638,4.7575,429600.0,2036036.1
2024-08-06,2024-08-06,4.6565,4.673,4.532,4.6345,437200.0,2017386.4
2024-08-05,2024-08-05,4.356,4.575,4.1835,4.548,1051400.0,4610609
2024-08-02,2024-08-02,4.9155,4.9595,4.7215,4.795,774400.0,3746443.7
2024-08-01,2024-08-01,5.424,5.483,5.229,5.229,319000.0,1726377.6
2024-07-31,2024-07-31,5.182,5.344,5.182,5.344,457000.0,2391128.4
2024-07-30,2024-07-30,5.197,5.246,5.089,5.089,70400.0,366318.8
2024-07-29,2024-07-29,5.23,5.288,5.157,5.157,257600.0,1350220.0
2024-07-26,2024-07-26,5.131,5.174,5.103,5.127,161600.0,830606.6
2024-07-25,2024-07-25,5.202,5.202,5.017,5.175,529400.0,2716701
2024-07-24,2024-07-24,5.465,5.494,5.27,5.285,352800.0,1905865
2024-07-23,2024-07-23,5.564,5.662,5.543,5.659,195200.0,1094134.2
2024-07-22,2024-07-22,5.49,5.605,5.482,5.506,210800.0,1175342.8
2024-07-19,2024-07-19,5.528,5.567,5.455,5.455,205000.0,1131706.2
2024-07-18,2024-07-18,5.645,5.656,5.496,5.496,238800.0,1337148.2
2024-07-17,2024-07-17,5.844,5.844,5.634,5.637,320000.0,1832287.4
2024-07-16,2024-07-16,5.94,5.982,5.894,5.907,76200.0,452205.2
2024-07-15,2024-07-15,5.961,6.014,5.934,5.992,95000.0,566786.4
2024-07-12,2024-07-12,5.864,5.963,5.789,5.956,186000.0,1093259.4
2024-07-11,2024-07-11,6.143,6.166,5.906,5.906,348200.0,2109464.6
2024-07-10,2024-07-10,6.04,6.079,6.04,6.066,117600.0,713677.6
2024-07-09,2024-07-09,6.045,6.081,6.039,6.043,178200.0,1079172.4
2024-07-08,2024-07-08,5.981,6.014,5.97,6.007,238000.0,1423954.8
2024-07-05,2024-07-05,5.9,5.96,5.871,5.96,112600.0,663731.6
2024-07-04,2024-07-04,5.888,5.888,5.857,5.865,46000.0,270017
2024-07-03,2024-07-03,5.803,5.852,5.797,5.839,126600.0,735105.6
2024-07-02,2024-07-02,5.666,5.757,5.638,5.757,124000.0,703485.4
2024-07-01,2024-07-01,5.669,5.669,5.588,5.663,381400.0,2154711.8
2024-06-28,2024-06-28,5.752,5.84,5.723,5.753,159800.0,922311
2024-06-27,2024-06-27,5.678,5.737,5.666,5.667,77000.0,438179.8
2024-06-26,2024-06-26,5.695,5.723,5.663,5.674,268800.0,1531038.4
2024-06-25,2024-06-25,5.545,5.648,5.533,5.648,241800.0,1355240.2
2024-06-24,2024-06-24,5.689,5.696,5.599,5.616,400400.0,2255421
2024-06-21,2024-06-21,5.723,5.725,5.652,5.694,140600.0,801357.8
2024-06-20,2024-06-20,5.849,5.866,5.755,5.792,186000.0,1081154.6
2024-06-19,2024-06-19,5.798,5.806,5.787,5.803,93400.0,541402.6
2024-06-18,2024-06-18,5.787,5.813,5.74,5.753,210200.0,1216697.8
2024-06-17,2024-06-17,5.677,5.687,5.636,5.681,209200.0,1185308.6
2024-06-14,2024-06-14,5.615,5.64,5.567,5.621,234000.0,1311281
2024-06-13,2024-06-13,5.579,5.582,5.549,5.569,138800.0,772499.6
2024-06-12,2024-06-12,5.388,5.497,5.387,5.486,106000.0,576943.2
2024-06-11,2024-06-11,5.286,5.321,5.263,5.316,23200.0,122632.8
2024-06-10,2024-06-10,5.246,5.297,5.234,5.297,92600.0,485542.2
2024-06-07,2024-06-07,5.227,5.268,5.157,5.252,235000.0,1230067
2024-06-06,2024-06-06,5.222,5.242,5.211,5.211,77000.0,402661
2024-06-05,2024-06-05,5.03,5.17,5.024,5.17,244800.0,1246021.6
2024-06-04,2024-06-04,4.9545,4.9925,4.9345,4.955,67400.0,334366
2024-06-03,2024-06-03,5.009,5.038,4.956,4.9765,110200.0,552337.5
2024-05-31,2024-05-31,4.9605,4.99,4.8305,4.8305,197200.0,966725.2
2024-05-30,2024-05-30,5.041,5.086,4.9955,5.022,147800.0,746359.3
2024-05-29,2024-05-29,5.116,5.129,5.068,5.117,29600.0,151407.4
2024-05-28,2024-05-28,5.143,5.171,5.107,5.136,175200.0,900594.6
2024-05-27,2024-05-27,5.122,5.146,5.115,5.146,63600.0,325991
2024-05-24,2024-05-24,5.046,5.131,5.043,5.131,181200.0,919105.4
2024-05-23,2024-05-23,5.169,5.196,5.102,5.151,181000.0,933357
2024-05-22,2024-05-22,5.071,5.097,5.057,5.095,58000.0,294511.6
2024-05-21,2024-05-21,5.04,5.053,5.015,5.044,61000.0,307296.4
2024-05-20,2024-05-20,4.994,5.048,4.9915,5.048,120600.0,605169.4
2024-05-17,2024-05-17,5,5.016,4.9775,4.981,161400.0,805754.7
2024-05-16,2024-05-16,5.018,5.037,5.004,5.035,188600.0,945544.4
2024-05-15,2024-05-15,4.8825,4.9565,4.871,4.9565,258000.0,1266550.6
2024-05-14,2024-05-14,4.831,4.8525,4.7835,4.8395,41400.0,199935.4
2024-05-13,2024-05-13,4.8425,4.8445,4.822,4.822,69600.0,336507.9
2024-05-10,2024-05-10,4.8265,4.847,4.806,4.806,42400.0,204767.7
2024-05-09,2024-05-09,4.7805,4.8065,4.7735,4.8065,34400.0,164977.7
2024-05-08,2024-05-08,4.8045,4.813,4.736,4.7915,259400.0,1239837.5
2024-05-07,2024-05-07,4.7835,4.8105,4.769,4.806,283000.0,1352946.9
2024-05-06,2024-05-06,4.696,4.7375,4.693,4.7375,462600.0,2177146.9
2024-05-03,2024-05-03,4.566,4.6815,4.565,4.6695,168200.0,780048.1
2024-05-02,2024-05-02,4.472,4.514,4.436,4.4695,285400.0,1279711.3
2024-04-30,2024-04-30,4.663,4.666,4.596,4.596,61400.0,285412.2
2024-04-29,2024-04-29,4.655,4.6855,4.632,4.634,54200.0,252277.8
2024-04-26,2024-04-26,4.5705,4.6605,4.546,4.632,356400.0,1637713.5
2024-04-25,2024-04-25,4.4255,4.4475,4.3625,4.391,204200.0,902130.2
2024-04-24,2024-04-24,4.574,4.601,4.541,4.547,332600.0,1519182.4
2024-04-23,2024-04-23,4.4105,4.5115,4.386,4.502,360600.0,1594974
2024-04-22,2024-04-22,4.3685,4.389,4.3095,4.3355,263000.0,1147482.3
2024-04-19,2024-04-19,4.4545,4.4875,4.3755,4.3755,356000.0,1579320.8
2024-04-18,2024-04-18,4.5895,4.5945,4.507,4.576,291200.0,1326112.6
2024-04-17,2024-04-17,4.6645,4.7145,4.6,4.6,208200.0,977259
2024-04-16,2024-04-16,4.675,4.7005,4.638,4.6905,361000.0,1688907.1
2024-04-15,2024-04-15,4.885,4.901,4.8255,4.8455,242800.0,1182166.5
2024-04-12,2024-04-12,4.9755,4.9755,4.844,4.893,603600.0,2981832.1
2024-04-11,2024-04-11,4.804,4.85,4.776,4.848,191000.0,916041.3
2024-04-10,2024-04-10,4.8425,4.875,4.738,4.778,332000.0,1596440.6
2024-04-09,2024-04-09,4.8115,4.836,4.7505,4.761,94600.0,455014.6
2024-04-08,2024-04-08,4.8035,4.8415,4.792,4.808,333800.0,1606468.2
2024-04-05,2024-04-05,4.71,4.812,4.7065,4.802,304600.0,1444357.7
2024-04-04,2024-04-04,4.8755,4.923,4.871,4.8975,182800.0,892506.2
2024-04-03,2024-04-03,4.836,4.892,4.7965,4.883,89600.0,433795.2
2024-04-02,2024-04-02,4.9535,4.962,4.7945,4.7945,156600.0,768008.1
2024-03-28,2024-03-28,4.9315,4.9325,4.905,4.9125,124000.0,611108.5
2024-03-27,2024-03-27,4.912,4.944,4.8635,4.8805,120400.0,586688.6
2024-03-26,2024-03-26,4.9395,4.96,4.93,4.9375,145600.0,719794.3
2024-03-25,2024-03-25,4.945,4.9495,4.8775,4.9185,167600.0,823299.8
2024-03-22,2024-03-22,4.946,4.9595,4.906,4.932,199800.0,984376
2024-03-21,2024-03-21,4.931,5.004,4.918,4.9965,337400.0,1670426.3
2024-03-20,2024-03-20,4.7655,4.8005,4.7655,4.7685,22600.0,107980.4
2024-03-19,2024-03-19,4.7325,4.7545,4.666,4.742,243600.0,1143200.0
2024-03-18,2024-03-18,4.7015,4.8115,4.691,4.7725,385000.0,1830335.2
2024-03-15,2024-03-15,4.7425,4.776,4.6335,4.6445,360400.0,1681919.5
2024-03-14,2024-03-14,4.807,4.811,4.7225,4.7725,254400.0,1208296.8
2024-03-13,2024-03-13,4.853,4.853,4.763,4.763,104600.0,503905.3
2024-03-12,2024-03-12,4.7725,4.8395,4.7065,4.803,257400.0,1232702.4
2024-03-11,2024-03-11,4.7155,4.7445,4.685,4.722,307800.0,1449919.2
2024-03-08,2024-03-08,4.8855,4.942,4.8335,4.8335,135800.0,665939.4
2024-03-07,2024-03-07,4.724,4.882,4.714,4.868,222400.0,1072656.4
2024-03-06,2024-03-06,4.7625,4.796,4.739,4.789,479000.0,2286234.7
2024-03-05,2024-03-05,4.862,4.8655,4.708,4.7285,200200.0,960640.7
2024-03-04,2024-03-04,4.9445,4.9635,4.912,4.912,200800.0,991535.4
2024-03-01,2024-03-01,4.853,4.891,4.801,4.8815,256200.0,1242545.8
2024-02-29,2024-02-29,4.711,4.798,4.6895,4.758,94600.0,447389
2024-02-28,2024-02-28,4.7575,4.763,4.7105,4.746,211200.0,1002360.6
2024-02-27,2024-02-27,4.7515,4.7775,4.7475,4.7525,144400.0,687918.8
2024-02-26,2024-02-26,4.743,4.7825,4.743,4.775,126400.0,602543.9
2024-02-23,2024-02-23,4.788,4.842,4.7615,4.7775,253000.0,1215180.3
2024-02-22,2024-02-22,4.684,4.764,4.684,4.764,439200.0,2068538.5
2024-02-21,2024-02-21,4.546,4.546,4.492,4.5065,111400.0,504021.8
2024-02-20,2024-02-20,4.6435,4.6435,4.4975,4.533,323200.0,1470096
2024-02-19,2024-02-19,4.662,4.693,4.662,4.6825,125800.0,588608.6
2024-02-16,2024-02-16,4.78,4.8095,4.668,4.7225,895600.0,4224234.8
2024-02-15,2024-02-15,4.7675,4.7755,4.703,4.7165,99400.0,472269.7
2024-02-14,2024-02-14,4.686,4.734,4.663,4.6885,318000.0,1492942.6
2024-02-13,2024-02-13,4.7685,4.7685,4.611,4.682,298600.0,1397710.9
2024-02-12,2024-02-12,4.804,4.851,4.799,4.851,243000.0,1171077.5
2024-02-09,2024-02-09,4.7415,4.7865,4.74,4.7725,297400.0,1412918.5
2024-02-08,2024-02-08,4.7105,4.7355,4.695,4.7335,216000.0,1017573.6
2024-02-07,2024-02-07,4.6065,4.719,4.605,4.693,135800.0,631177.4
2024-02-06,2024-02-06,4.6725,4.6785,4.6075,4.617,475000.0,2211170.9
2024-02-05,2024-02-05,4.6225,4.6615,4.6095,4.6215,139800.0,648182.3
2024-02-02,2024-02-02,4.5255,4.6155,4.5175,4.6155,639600.0,2919655.4
2024-02-01,2024-02-01,4.434,4.4485,4.3835,4.397,339800.0,1502518.4
2024-01-31,2024-01-31,4.494,4.4965,4.3815,4.408,502800.0,2229553.7
2024-01-30,2024-01-30,4.601,4.624,4.569,4.581,323800.0,1486979.5
2024-01-29,2024-01-29,4.533,4.5505,4.529,4.5475,114600.0,520173.9
2024-01-26,2024-01-26,4.4975,4.555,4.48,4.545,272800.0,1232467.8
2024-01-25,2024-01-25,4.542,4.617,4.533,4.6145,342800.0,1570139.5
2024-01-24,2024-01-24,4.5535,4.595,4.535,4.5775,248600.0,1134948.1
2024-01-23,2024-01-23,4.4545,4.4895,4.4385,4.4645,169200.0,756669.7
2024-01-22,2024-01-22,4.483,4.502,4.448,4.475,136200.0,609656.9
2024-01-19,2024-01-19,4.3215,4.3565,4.3175,4.3455,189800.0,823050.1
2024-01-18,2024-01-18,4.1765,4.2825,4.173,4.2825,324000.0,1368393.8
2024-01-17,2024-01-17,4.1515,4.1745,4.0925,4.1515,361200.0,1497726.5
2024-01-16,2024-01-16,4.1315,4.233,4.1235,4.229,382400.0,1608414.4
2024-01-15,2024-01-15,4.2,4.2015,4.1775,4.1875,175400.0,736186.1
2024-01-12,2024-01-12,4.1595,4.203,4.15,4.1775,171200.0,713905.2
2024-01-11,2024-01-11,4.199,4.208,4.0915,4.0995,379800.0,1579649.5
2024-01-10,2024-01-10,4.138,4.1515,4.117,4.1315,141800.0,586859.8
2024-01-09,2024-01-09,4.0745,4.101,4.0345,4.101,280400.0,1140781.2
2024-01-08,2024-01-08,3.9345,4.0245,3.9055,4.0205,279000.0,1105809.6
2024-01-05,2024-01-05,3.92,3.977,3.8945,3.96,230800.0,908325.2
2024-01-04,2024-01-04,3.9885,3.9915,3.945,3.9785,151600.0,602137.2
2024-01-03,2024-01-03,4.051,4.0545,3.989,4,455600.0,1827306
2024-01-02,2024-01-02,4.177,4.182,4.046,4.078,423200.0,1740731.1
2023-12-29,2023-12-29,4.198,4.2115,4.181,4.193,160000.0,671733.2
2023-12-28,2023-12-28,4.204,4.2095,4.184,4.1985,204200.0,858044.6
2023-12-27,2023-12-27,4.1775,4.21,4.162,4.17,50200.0,210085.9
2023-12-22,2023-12-22,4.126,4.177,4.1255,4.158,122000.0,507454.8
2023-12-21,2023-12-21,4.1295,4.1565,4.116,4.133,210200.0,867534.2
2023-12-20,2023-12-20,4.1945,4.2065,4.1665,4.2005,66600.0,278591.8
2023-12-19,2023-12-19,4.164,4.181,4.162,4.1765,302600.0,1262399.2
2023-12-18,2023-12-18,4.114,4.1525,4.114,4.1525,99400.0,410170.8
2023-12-15,2023-12-15,4.0785,4.142,4.0785,4.142,264600.0,1089637.6
2023-12-14,2023-12-14,4.146,4.1495,4.055,4.055,826600.0,3402991.4
2023-12-13,2023-12-13,4.06,4.0785,4.05,4.0585,494200.0,2007455.3
2023-12-12,2023-12-12,3.9915,4.0075,3.9625,4.0015,421600.0,1678910.5
2023-12-11,2023-12-11,3.91,3.9695,3.892,3.9375,175400.0,686101.2
2023-12-08,2023-12-08,3.8645,3.9145,3.8395,3.9015,622800.0,2421302
2023-12-07,2023-12-07,3.7815,3.858,3.7815,3.8565,345000.0,1315046.6
2023-12-06,2023-12-06,3.8505,3.875,3.8095,3.8095,456600.0,1752906.5
2023-12-05,2023-12-05,3.748,3.8345,3.74,3.8065,160600.0,603102.3
2023-12-04,2023-12-04,3.8105,3.825,3.717,3.735,199000.0,750640.6
2023-12-01,2023-12-01,3.801,3.8165,3.7755,3.807,945000.0,3598050.6
2023-11-30,2023-11-30,3.8335,3.848,3.7675,3.768,466000.0,1774685.2
2023-11-29,2023-11-29,3.8215,3.882,3.8175,3.822,353200.0,1358379.6
2023-11-28,2023-11-28,3.7875,3.8165,3.7755,3.8165,56200.0,212562.2
2023-11-27,2023-11-27,3.7945,3.8255,3.7935,3.825,650800.0,2477020.1
2023-11-24,2023-11-24,3.8295,3.848,3.7965,3.8145,227600.0,869017.4
2023-11-23,2023-11-23,3.851,3.8515,3.8415,3.848,102600.0,394708.6
2023-11-22,2023-11-22,3.7955,3.9015,3.7955,3.8565,378600.0,1453429.1
2023-11-21,2023-11-21,3.8395,3.8415,3.763,3.7795,203200.0,774300.8
2023-11-20,2023-11-20,3.745,3.807,3.745,3.805,276600.0,1043731.1
2023-11-17,2023-11-17,3.7855,3.7905,3.746,3.7515,143600.0,542045.7
2023-11-16,2023-11-16,3.7665,3.771,3.7385,3.7385,302800.0,1137160.8
2023-11-15,2023-11-15,3.789,3.82,3.7845,3.799,348000.0,1323462.4
2023-11-14,2023-11-14,3.684,3.7875,3.673,3.763,496600.0,1856581.3
2023-11-13,2023-11-13,3.664,3.6875,3.645,3.678,170600.0,625829.8
2023-11-10,2023-11-10,3.5475,3.632,3.525,3.623,146000.0,521249.2
2023-11-09,2023-11-09,3.5865,3.6105,3.5765,3.605,340800.0,1225236.8
2023-11-08,2023-11-08,3.5835,3.603,3.571,3.578,353400.0,1269970.6
2023-11-07,2023-11-07,3.504,3.6005,3.504,3.6005,334600.0,1189799.7
2023-11-06,2023-11-06,3.494,3.512,3.482,3.5015,230400.0,806099.6
2023-11-03,2023-11-03,3.419,3.491,3.4055,3.491,292800.0,1006419.7
2023-11-02,2023-11-02,3.37,3.4205,3.37,3.42,272600.0,925824
2023-11-01,2023-11-01,3.2145,3.296,3.205,3.284,296000.0,964051.8
2023-10-31,2023-10-31,3.152,3.187,3.143,3.1795,242400.0,768202
2023-10-30,2023-10-30,3.1795,3.2065,3.14,3.161,47000.0,149117.7
2023-10-27,2023-10-27,3.143,3.1755,3.141,3.162,274000.0,863483.8
2023-10-26,2023-10-26,3.1465,3.2115,3.1415,3.1415,245400.0,776027.4
2023-10-25,2023-10-25,3.3415,3.357,3.282,3.282,160600.0,533550.5
2023-10-24,2023-10-24,3.3325,3.3865,3.3315,3.359,44600.0,149205.7
2023-10-23,2023-10-23,3.316,3.321,3.2335,3.321,541600.0,1771269.6
2023-10-20,2023-10-20,3.3735,3.393,3.3045,3.3045,370600.0,1244830.3
2023-10-19,2023-10-19,3.4735,3.5035,3.446,3.469,310800.0,1076728.2
2023-10-18,2023-10-18,3.5375,3.563,3.512,3.534,158000.0,557014.5
2023-10-17,2023-10-17,3.595,3.5975,3.4925,3.579,258200.0,918396.8
2023-10-16,2023-10-16,3.5475,3.6085,3.5085,3.604,260600.0,922991.5
2023-10-13,2023-10-13,3.619,3.6345,3.5545,3.5545,399600.0,1443802.9
2023-10-12,2023-10-12,3.6355,3.67,3.6325,3.6565,236600.0,862034.5
2023-10-11,2023-10-11,3.581,3.611,3.5775,3.5855,176200.0,633158
2023-10-10,2023-10-10,3.5545,3.6135,3.5395,3.6135,333000.0,1186075.1
2023-10-09,2023-10-09,3.4655,3.482,3.4555,3.48,206200.0,715005.8
2023-10-06,2023-10-06,3.4035,3.448,3.351,3.448,142600.0,483779.9
2023-10-05,2023-10-05,3.424,3.431,3.346,3.3595,90400.0,304542.9
2023-10-04,2023-10-04,3.3105,3.4,3.3105,3.3955,958200.0,3212283.3
2023-10-03,2023-10-03,3.4765,3.4905,3.363,3.363,209400.0,724242.6
2023-10-02,2023-10-02,3.4395,3.482,3.4025,3.482,215000.0,738671.3
2023-09-29,2023-09-29,3.4075,3.4745,3.4035,3.4255,180200.0,618886.6
2023-09-28,2023-09-28,3.358,3.3915,3.316,3.3915,266800.0,892839.1
2023-09-27,2023-09-27,3.339,3.3655,3.33,3.343,352400.0,1180849.3
2023-09-26,2023-09-26,3.3735,3.389,3.3225,3.332,343600.0,1150145.7
2023-09-25,2023-09-25,3.3895,3.405,3.349,3.401,314600.0,1061663.8
2023-09-22,2023-09-22,3.376,3.4305,3.376,3.4285,60000.0,203702.2
2023-09-21,2023-09-21,3.478,3.478,3.3985,3.407,365600.0,1252793.3
2023-09-20,2023-09-20,3.5845,3.6,3.5615,3.5615,266200.0,955194.7
2023-09-19,2023-09-19,3.5945,3.6075,3.5245,3.545,155600.0,554910.6
2023-09-18,2023-09-18,3.61,3.6165,3.5745,3.61,725000.0,2605948.9
2023-09-15,2023-09-15,3.75,3.75,3.61,3.61,230600.0,851651.2
2023-09-14,2023-09-14,3.6745,3.7305,3.662,3.7185,127200.0,469037.1
2023-09-13,2023-09-13,3.6205,3.664,3.606,3.664,126600.0,458872.2
2023-09-12,2023-09-12,3.704,3.704,3.6415,3.6535,294200.0,1086132.6
2023-09-11,2023-09-11,3.6505,3.6865,3.6465,3.662,72600.0,266421.9
2023-09-08,2023-09-08,3.635,3.663,3.6025,3.659,253200.0,919030.3
2023-09-07,2023-09-07,3.643,3.643,3.5725,3.612,474800.0,1707105.4
2023-09-06,2023-09-06,3.7115,3.713,3.6665,3.6665,100000.0,369414.3
2023-09-05,2023-09-05,3.6995,3.76,3.6775,3.7295,288400.0,1066494.5
2023-09-04,2023-09-04,3.7185,3.7255,3.7055,3.7055,263400.0,979242
2023-09-01,2023-09-01,3.688,3.737,3.688,3.702,94800.0,351672.7
2023-08-31,2023-08-31,3.656,3.725,3.654,3.701,211200.0,779048.7
2023-08-30,2023-08-30,3.6255,3.641,3.596,3.6375,166800.0,603541.3
2023-08-29,2023-08-29,3.509,3.612,3.4955,3.612,97000.0,344586.1
2023-08-28,2023-08-28,3.4485,3.4985,3.448,3.4695,182200.0,633610.0
2023-08-25,2023-08-25,3.384,3.436,3.362,3.4035,481800.0,1638703.6
2023-08-24,2023-08-24,3.6285,3.6285,3.4415,3.4415,325200.0,1149733.8
2023-08-23,2023-08-23,3.4535,3.528,3.438,3.5235,154400.0,534680.8
2023-08-22,2023-08-22,3.418,3.4745,3.418,3.4525,113800.0,393298.8
2023-08-21,2023-08-21,3.3195,3.393,3.3195,3.354,561800.0,1890897.5
2023-08-18,2023-08-18,3.3265,3.3265,3.26,3.2885,265400.0,871526.1
2023-08-17,2023-08-17,3.421,3.4235,3.371,3.371,198600.0,674690.3
2023-08-16,2023-08-16,3.477,3.4865,3.4455,3.464,278200.0,964485.4
2023-08-15,2023-08-15,3.5465,3.5465,3.464,3.5,506800.0,1781260.2
2023-08-14,2023-08-14,3.4445,3.532,3.4445,3.5125,164600.0,574740.5
2023-08-11,2023-08-11,3.499,3.499,3.427,3.427,290800.0,1007005.2
2023-08-10,2023-08-10,3.51,3.5775,3.5055,3.5345,418400.0,1480948.1
2023-08-09,2023-08-09,3.5945,3.5945,3.473,3.483,219400.0,774340.1
2023-08-08,2023-08-08,3.586,3.5925,3.512,3.5205,418400.0,1491418.4
2023-08-07,2023-08-07,3.589,3.6015,3.556,3.5585,301800.0,1083591.7
2023-08-04,2023-08-04,3.6405,3.665,3.571,3.6275,317400.0,1150967.8
2023-08-03,2023-08-03,3.5915,3.6205,3.5725,3.6145,295400.0,1061688.7
2023-08-02,2023-08-02,3.709,3.7215,3.638,3.641,229600.0,842802
2023-08-01,2023-08-01,3.7855,3.7855,3.75,3.778,116800.0,440012.4
2023-07-31,2023-07-31,3.766,3.7865,3.7535,3.77,85600.0,323065.8
2023-07-28,2023-07-28,3.707,3.7765,3.707,3.7765,610200.0,2278732.5
2023-07-27,2023-07-27,3.69,3.809,3.69,3.777,760800.0,2860275
2023-07-26,2023-07-26,3.6775,3.6775,3.608,3.623,284800.0,1039233
2023-07-25,2023-07-25,3.6375,3.678,3.629,3.678,198800.0,724961.6
2023-07-24,2023-07-24,3.5985,3.6425,3.584,3.6125,549200.0,1987334
2023-07-21,2023-07-21,3.627,3.67,3.608,3.6325,55200.0,200956.3
2023-07-20,2023-07-20,3.7095,3.7375,3.666,3.6955,167400.0,621326.3
2023-07-19,2023-07-19,3.7655,3.806,3.758,3.803,259600.0,980858.2
2023-07-18,2023-07-18,3.681,3.6925,3.66,3.679,218200.0,800916.1
2023-07-17,2023-07-17,3.636,3.6715,3.6235,3.6695,236000.0,862677.1
2023-07-14,2023-07-14,3.643,3.7,3.6325,3.687,298000.0,1092450.8
2023-07-13,2023-07-13,3.5715,3.605,3.568,3.598,307400.0,1103474.2
2023-07-12,2023-07-12,3.5075,3.582,3.5075,3.548,291600.0,1039677.4
2023-07-11,2023-07-11,3.48,3.499,3.4545,3.4685,138600.0,482319.2
2023-07-10,2023-07-10,3.446,3.4915,3.441,3.4685,310000.0,1074412.9
2023-07-07,2023-07-07,3.512,3.544,3.506,3.5115,174800.0,616552
2023-07-06,2023-07-06,3.557,3.566,3.48,3.4955,474600.0,1676850.2
2023-07-05,2023-07-05,3.5535,3.621,3.5445,3.5875,280800.0,1005219.2
2023-07-04,2023-07-04,3.574,3.585,3.5725,3.579,65600.0,234639.7
2023-07-03,2023-07-03,3.5805,3.5945,3.5595,3.5595,56600.0,202978.3
2023-06-30,2023-06-30,3.4875,3.577,3.4875,3.557,315800.0,1111096.1
2023-06-29,2023-06-29,3.4795,3.4965,3.44,3.4715,172400.0,598723.7
2023-06-28,2023-06-28,3.4245,3.502,3.4225,3.4855,98600.0,340503
2023-06-27,2023-06-27,3.367,3.391,3.353,3.3895,162800.0,547373.4
2023-06-26,2023-06-26,3.442,3.471,3.4055,3.4215,210200.0,723479
2023-06-23,2023-06-23,3.476,3.5,3.422,3.434,104400.0,360523
2023-06-22,2023-06-22,3.3845,3.46,3.375,3.4595,302400.0,1025572.3
2023-06-21,2023-06-21,3.5095,3.521,3.408,3.4265,776800.0,2713704.9
2023-06-20,2023-06-20,3.5045,3.5365,3.476,3.4945,207800.0,729005.7
2023-06-19,2023-06-19,3.5295,3.538,3.5125,3.5145,215000.0,758124.5
2023-06-16,2023-06-16,3.552,3.613,3.552,3.567,134000.0,479385.1
2023-06-15,2023-06-15,3.518,3.541,3.472,3.541,204600.0,716714.2
2023-06-14,2023-06-14,3.4865,3.517,3.4675,3.516,161600.0,563727.1
2023-06-13,2023-06-13,3.4675,3.499,3.434,3.4815,402800.0,1392964.4
2023-06-12,2023-06-12,3.364,3.3835,3.361,3.3835,191800.0,647336.7
2023-06-09,2023-06-09,3.3045,3.3845,3.3005,3.34,170400.0,570648
2023-06-08,2023-06-08,3.2185,3.2995,3.2185,3.2995,789800.0,2565683.9
2023-06-07,2023-06-07,3.3625,3.3995,3.3115,3.3225,341400.0,1145647.5
2023-06-06,2023-06-06,3.363,3.3755,3.346,3.362,409200.0,1375818.8
2023-06-05,2023-06-05,3.3445,3.405,3.3445,3.405,209000.0,704644.6
2023-06-02,2023-06-02,3.3115,3.363,3.302,3.356,719600.0,2392848.1
2023-06-01,2023-06-01,3.2365,3.2695,3.214,3.2675,250400.0,810235
2023-05-31,2023-05-31,3.264,3.2805,3.226,3.226,432400.0,1411966.8
2023-05-30,2023-05-30,3.284,3.3405,3.278,3.297,644000.0,2132514.4
2023-05-29,2023-05-29,3.2745,3.2775,3.2675,3.2675,129000.0,422416.2
2023-05-26,2023-05-26,3.0835,3.218,3.072,3.214,488400.0,1531084.7
2023-05-25,2023-05-25,3.0325,3.0835,3.0325,3.073,858400.0,2622423.9
2023-05-24,2023-05-24,2.9545,2.959,2.8965,2.916,273000.0,798719
2023-05-23,2023-05-23,3.032,3.038,3.01,3.0155,362000.0,1094861.1
2023-05-22,2023-05-22,3.009,3.0375,2.9935,3.0335,254400.0,764911.7
2023-05-19,2023-05-19,3.027,3.0425,2.999,2.999,527000.0,1598519
2023-05-18,2023-05-18,2.9075,3.0015,2.9075,3.0015,192600.0,565579.4
2023-05-17,2023-05-17,2.842,2.869,2.842,2.865,95600.0,272896.3
2023-05-16,2023-05-16,2.8155,2.8525,2.8125,2.848,178000.0,504552.3
2023-05-15,2023-05-15,2.811,2.816,2.782,2.811,294400.0,826557.8
2023-05-12,2023-05-12,2.813,2.826,2.789,2.789,422200.0,1187707.2
2023-05-11,2023-05-11,2.8015,2.807,2.773,2.802,834000.0,2331720.1
2023-05-10,2023-05-10,2.719,2.766,2.705,2.761,539600.0,1477568.8
2023-05-09,2023-05-09,2.734,2.74,2.7225,2.7255,253600.0,691797.1
2023-05-08,2023-05-08,2.7185,2.7205,2.6995,2.716,237800.0,645091.5
2023-05-05,2023-05-05,2.6375,2.709,2.6375,2.703,498600.0,1343502.6
2023-05-04,2023-05-04,2.639,2.6485,2.6,2.6315,1158200.0,3044505.9
2023-05-03,2023-05-03,2.6755,2.6875,2.6635,2.6635,423600.0,1131876.7
2023-05-02,2023-05-02,2.738,2.7385,2.6525,2.6605,250400.0,680908.9
2023-04-28,2023-04-28,2.679,2.7125,2.6735,2.684,281000.0,753831.3
2023-04-27,2023-04-27,2.586,2.65,2.5815,2.65,667600.0,1752099.8
2023-04-26,2023-04-26,2.583,2.5845,2.545,2.582,427000.0,1094344.7
2023-04-25,2023-04-25,2.5955,2.6065,2.581,2.581,410400.0,1063045.5
2023-04-24,2023-04-24,2.62,2.646,2.598,2.598,79000.0,208393.7
2023-04-21,2023-04-21,2.6405,2.642,2.6145,2.6365,1004000.0,2631829.3
2023-04-20,2023-04-20,2.6585,2.659,2.6215,2.6535,377800.0,997966.5
2023-04-19,2023-04-19,2.66,2.671,2.6415,2.665,179800.0,477893.2
2023-04-18,2023-04-18,2.688,2.7255,2.6735,2.6855,591000.0,1606866.3
2023-04-17,2023-04-17,2.6825,2.6935,2.6605,2.6605,827200.0,2215655.4
2023-04-14,2023-04-14,2.6605,2.6935,2.6425,2.659,952200.0,2529419.4
2023-04-13,2023-04-13,2.6065,2.639,2.5875,2.6385,502600.0,1307587.2
2023-04-12,2023-04-12,2.6405,2.699,2.6035,2.6125,837600.0,2209234.6
2023-04-11,2023-04-11,2.6945,2.701,2.646,2.646,379200.0,1016477.6
2023-04-06,2023-04-06,2.646,2.6535,2.6125,2.6535,585600.0,1542180.0
2023-04-05,2023-04-05,2.7065,2.7065,2.632,2.6415,507800.0,1355347
2023-04-04,2023-04-04,2.726,2.755,2.7005,2.707,236000.0,645204.6
2023-04-03,2023-04-03,2.736,2.737,2.701,2.701,260400.0,709446
2023-03-31,2023-03-31,2.6605,2.7125,2.6585,2.708,307800.0,824302.7
2023-03-30,2023-03-30,2.632,2.6625,2.629,2.6545,375600.0,992044.8
2023-03-29,2023-03-29,2.5745,2.6045,2.569,2.5985,540200.0,1401985.9
2023-03-28,2023-03-28,2.5755,2.5755,2.5015,2.522,1201800.0,3044504.4
2023-03-27,2023-03-27,2.629,2.635,2.59,2.59,933000.0,2441207.9
2023-03-24,2023-03-24,2.5995,2.606,2.559,2.57,540000.0,1392953.9
2023-03-23,2023-03-23,2.555,2.6325,2.554,2.616,937000.0,2427619.7
2023-03-22,2023-03-22,2.5825,2.626,2.578,2.603,346400.0,898828.5
2023-03-21,2023-03-21,2.551,2.582,2.5445,2.563,355600.0,911280.6
2023-03-20,2023-03-20,2.5205,2.5485,2.496,2.5095,1115400.0,2814150.2
2023-03-17,2023-03-17,2.5765,2.6025,2.5265,2.538,1459200.0,3744545.6
2023-03-16,2023-03-16,2.47025,2.5535,2.44,2.5405,445000.0,1116824.2
2023-03-15,2023-03-15,2.4005,2.431,2.346,2.40275,1190600.0,2857976.05
2023-03-14,2023-03-14,2.31625,2.4025,2.31575,2.39975,537800.0,1273653.95
2023-03-13,2023-03-13,2.32975,2.347,2.21975,2.31425,889800.0,2047022.35
2023-03-10,2023-03-10,2.34425,2.38575,2.28825,2.367,1254200.0,2941616.45
2023-03-09,2023-03-09,2.44025,2.49175,2.42225,2.4695,509000.0,1257753.3
2023-03-08,2023-03-08,2.4285,2.44825,2.42025,2.42875,466400.0,1135551.35
2023-03-07,2023-03-07,2.4685,2.47625,2.4235,2.444,244800.0,599195.9
2023-03-06,2023-03-06,2.4695,2.5185,2.46175,2.5115,830800.0,2067344.65
2023-03-03,2023-03-03,2.3635,2.42775,2.3635,2.42775,221000.0,527611.35
2023-03-02,2023-03-02,2.2795,2.3205,2.2795,2.3085,1173000.0,2683039.65
2023-03-01,2023-03-01,2.3835,2.38925,2.30975,2.31725,282200.0,664178
2023-02-28,2023-02-28,2.36875,2.39925,2.3645,2.38425,227800.0,541599.8
2023-02-27,2023-02-27,2.38875,2.4175,2.38275,2.3845,291400.0,696634.8
2023-02-24,2023-02-24,2.41775,2.41775,2.335,2.34625,107800.0,254741.1
2023-02-23,2023-02-23,2.42125,2.45,2.384,2.384,565600.0,1372766.55
2023-02-22,2023-02-22,2.387,2.4035,2.3555,2.38675,921000.0,2193625.7
2023-02-21,2023-02-21,2.46225,2.466,2.397,2.4015,321600.0,780744.5
2023-02-20,2023-02-20,2.48,2.49375,2.4765,2.48125,95000.0,235521.15
2023-02-17,2023-02-17,2.4955,2.504,2.4505,2.4505,246400.0,611478.9
2023-02-16,2023-02-16,2.632,2.632,2.5455,2.59,1575600.0,4062827.7
2023-02-15,2023-02-15,2.5385,2.5805,2.5375,2.5805,757400.0,1934804.3
2023-02-14,2023-02-14,2.5375,2.5775,2.4885,2.5015,1276600.0,3233540.6
2023-02-13,2023-02-13,2.463,2.532,2.462,2.528,464600.0,1158329.85
2023-02-10,2023-02-10,2.4835,2.495,2.439,2.4635,841600.0,2072019.85
2023-02-09,2023-02-09,2.5745,2.597,2.548,2.548,473600.0,1221978.7
2023-02-08,2023-02-08,2.6185,2.63,2.5395,2.5395,1241400.0,3221959.4
2023-02-07,2023-02-07,2.536,2.5675,2.523,2.5675,418400.0,1063522.6
2023-02-06,2023-02-06,2.5395,2.56,2.5025,2.5585,576600.0,1458349.9
2023-02-03,2023-02-03,2.524,2.6495,2.519,2.6495,1875600.0,4800252.4
2023-02-02,2023-02-02,2.4795,2.6125,2.4775,2.6125,1845800.0,4702436.8
2023-02-01,2023-02-01,2.344,2.354,2.32725,2.33925,541200.0,1270587.85
2023-01-31,2023-01-31,2.29575,2.33225,2.2605,2.33225,350800.0,806605.55
2023-01-30,2023-01-30,2.34675,2.34675,2.29575,2.32275,1044800.0,2429183.2
2023-01-27,2023-01-27,2.31275,2.3715,2.30925,2.3715,385800.0,900531.9
2023-01-26,2023-01-26,2.26625,2.31625,2.266,2.2855,280200.0,637658.35
2023-01-25,2023-01-25,2.24025,2.24125,2.1505,2.194,256600.0,558967
2023-01-24,2023-01-24,2.2685,2.2695,2.24175,2.26525,252200.0,569845.45
2023-01-23,2023-01-23,2.1795,2.27825,2.169,2.26625,442600.0,979477.1
2023-01-20,2023-01-20,2.093,2.1355,2.0775,2.133,266600.0,558776.5
2023-01-19,2023-01-19,2.1135,2.1195,2.06425,2.06425,380800.0,794509.95
2023-01-18,2023-01-18,2.17575,2.206,2.14225,2.14225,262200.0,570294.1
2023-01-17,2023-01-17,2.14125,2.188,2.14125,2.16675,170600.0,370014.1
2023-01-16,2023-01-16,2.1525,2.16375,2.12825,2.15325,248600.0,534623.55
2023-01-13,2023-01-13,2.1245,2.131,2.10075,2.11825,143400.0,303340.65
2023-01-12,2023-01-12,2.12125,2.148,2.07925,2.105,642200.0,1361078.9
2023-01-11,2023-01-11,2.05025,2.0885,2.05025,2.086,227400.0,470631.45
2023-01-10,2023-01-10,2.01275,2.04275,1.99475,2.02125,451000.0,908984.85
2023-01-09,2023-01-09,2.01075,2.09025,2.01075,2.0865,679600.0,1393709.1
2023-01-06,2023-01-06,1.936,1.98275,1.92,1.98275,897800.0,1755137.65
2023-01-05,2023-01-05,1.97175,1.99825,1.9355,1.947,543000.0,1065638.5
2023-01-04,2023-01-04,1.98675,2.00075,1.942,2.00075,544600.0,1079478.9
2023-01-03,2023-01-03,2.0125,2.0535,1.95325,1.95325,287600.0,574132.35
2023-01-02,2023-01-02,2.00075,2.05375,2.00075,2.05375,131200.0,265309.85
2022-12-30,2022-12-30,1.96125,1.967,1.943,1.943,110800.0,217276.4
2022-12-29,2022-12-29,1.9145,1.98375,1.912,1.98375,717600.0,1383691
2022-12-28,2022-12-28,1.964,1.96875,1.912,1.912,184600.0,357786.6
2022-12-27,2022-12-27,2.044,2.044,1.96075,1.96225,68400.0,138187.75
2022-12-23,2022-12-23,2.00375,2.01625,1.95425,1.994,357800.0,711950.35
2022-12-22,2022-12-22,2.10775,2.10775,1.98175,1.98175,232400.0,481745.6
2022-12-21,2022-12-21,2.0625,2.12075,2.0535,2.11225,503400.0,1040504.75
2022-12-20,2022-12-20,2.0195,2.05225,2.00675,2.0285,1053000.0,2143742.3
2022-12-19,2022-12-19,2.113,2.133,2.0585,2.0585,343600.0,724898.6
2022-12-16,2022-12-16,2.1375,2.14225,2.09725,2.1135,852800.0,1809278.95
2022-12-15,2022-12-15,2.265,2.265,2.156,2.15925,343600.0,756878
2022-12-14,2022-12-14,2.348,2.366,2.329,2.3625,148600.0,349152.9
2022-12-13,2022-12-13,2.30675,2.46925,2.30675,2.39725,1668000.0,3993147.5
2022-12-12,2022-12-12,2.25775,2.2675,2.2465,2.25375,671800.0,1513072.5
2022-12-09,2022-12-09,2.2955,2.3045,2.249,2.29875,459200.0,1050905.3
2022-12-08,2022-12-08,2.24075,2.28575,2.238,2.2705,442600.0,1003694.4
2022-12-07,2022-12-07,2.27175,2.27175,2.20475,2.2245,563400.0,1258795.45
2022-12-06,2022-12-06,2.358,2.365,2.2705,2.287,354600.0,825881.15
2022-12-05,2022-12-05,2.405,2.416,2.37375,2.37375,215800.0,519901.15
2022-12-02,2022-12-02,2.4395,2.45075,2.336,2.406,246400.0,585795.25
2022-12-01,2022-12-01,2.471,2.4775,2.42075,2.45425,622800.0,1527139.85
2022-11-30,2022-11-30,2.28825,2.305,2.27825,2.305,223000.0,510892.25
2022-11-29,2022-11-29,2.3345,2.342,2.26175,2.26925,485400.0,1123840.1
2022-11-28,2022-11-28,2.3435,2.3655,2.31075,2.3385,358000.0,838135.45
2022-11-25,2022-11-25,2.4215,2.4215,2.37425,2.37425,476200.0,1142035.6
2022-11-24,2022-11-24,2.41075,2.4315,2.41075,2.42475,82600.0,199795.6
2022-11-23,2022-11-23,2.37825,2.42025,2.37325,2.40775,501800.0,1197431.5
2022-11-22,2022-11-22,2.3165,2.34725,2.30775,2.3365,429200.0,992927.15
2022-11-21,2022-11-21,2.35325,2.3675,2.3345,2.3345,149200.0,350558.35
2022-11-18,2022-11-18,2.34525,2.40175,2.32525,2.354,303200.0,718703
2022-11-17,2022-11-17,2.38925,2.38925,2.3,2.33675,749200.0,1740731.15
2022-11-16,2022-11-16,2.44175,2.44175,2.344,2.369,285400.0,680883.95
2022-11-15,2022-11-15,2.39875,2.47875,2.39475,2.47675,491200.0,1199646.7
2022-11-14,2022-11-14,2.394,2.402,2.3685,2.3915,431600.0,1030919.45
2022-11-11,2022-11-11,2.3865,2.39475,2.31875,2.35175,675600.0,1596380.6
2022-11-10,2022-11-10,2.11475,2.30625,2.1115,2.30625,1075800.0,2446553.95
2022-11-09,2022-11-09,2.20275,2.20375,2.1345,2.13875,486000.0,1050631.9
2022-11-08,2022-11-08,2.1525,2.231,2.1525,2.231,147000.0,321267.3
2022-11-07,2022-11-07,2.113,2.156,2.113,2.141,762800.0,1630403.6
2022-11-04,2022-11-04,2.12025,2.174,2.06525,2.091,542800.0,1153380.6
2022-11-03,2022-11-03,2.199,2.199,2.12025,2.14125,253400.0,551591.8
2022-11-02,2022-11-02,2.34,2.3415,2.27675,2.27675,237000.0,549596.25
2022-11-01,2022-11-01,2.406,2.42675,2.3355,2.3355,280800.0,667590.35
2022-10-31,2022-10-31,2.39325,2.3985,2.343,2.38,401000.0,955116.2
2022-10-28,2022-10-28,2.22575,2.3765,2.20975,2.3615,224000.0,511675.35
2022-10-27,2022-10-27,2.34175,2.351,2.29975,2.317,425000.0,987512.2
2022-10-26,2022-10-26,2.38275,2.431,2.348,2.42875,503200.0,1200782.55
2022-10-25,2022-10-25,2.41175,2.45625,2.386,2.45625,136200.0,328769.45
2022-10-24,2022-10-24,2.3715,2.385,2.29625,2.35125,94400.0,221052.75
2022-10-21,2022-10-21,2.24075,2.297,2.2135,2.275,297000.0,668866.25
2022-10-20,2022-10-20,2.2535,2.33075,2.24575,2.33075,373200.0,855659.3
2022-10-19,2022-10-19,2.3095,2.32775,2.27075,2.287,438400.0,1008735.4
2022-10-18,2022-10-18,2.3255,2.36925,2.25625,2.25625,633800.0,1469539.5
2022-10-17,2022-10-17,2.18625,2.26875,2.17125,2.252,1167400.0,2605389.85
2022-10-14,2022-10-14,2.284,2.32125,2.1875,2.191,476600.0,1072825.55
2022-10-13,2022-10-13,2.17375,2.21925,2.05125,2.20975,873200.0,1871979.6
2022-10-12,2022-10-12,2.2085,2.22925,2.18,2.1925,374000.0,826903.95
2022-10-11,2022-10-11,2.197,2.232,2.1675,2.21725,429000.0,942282.05
2022-10-10,2022-10-10,2.26575,2.29575,2.2245,2.23725,360000.0,815352.25
2022-10-07,2022-10-07,2.4375,2.45025,2.31475,2.31475,250600.0,595923.4
2022-10-06,2022-10-06,2.46825,2.512,2.43075,2.488,517200.0,1274751.8
2022-10-05,2022-10-05,2.4225,2.4365,2.36775,2.395,297400.0,711797.5
2022-10-04,2022-10-04,2.3925,2.4685,2.38975,2.4545,757000.0,1827512.9
2022-10-03,2022-10-03,2.2405,2.319,2.2185,2.30875,1146000.0,2615596.2
2022-09-30,2022-09-30,2.351,2.378,2.31,2.36425,797400.0,1874491.85
2022-09-29,2022-09-29,2.44625,2.452,2.316,2.3315,227400.0,542101.2
2022-09-28,2022-09-28,2.388,2.4665,2.35975,2.45075,220800.0,529612.9
2022-09-27,2022-09-27,2.4645,2.4925,2.44175,2.44175,337400.0,833875.7
2022-09-26,2022-09-26,2.399,2.4865,2.3965,2.442,285200.0,700341.8
2022-09-23,2022-09-23,2.45125,2.46275,2.3965,2.416,310200.0,750627.25
2022-09-22,2022-09-22,2.494,2.5415,2.45125,2.4565,321400.0,805601.75
2022-09-21,2022-09-21,2.5835,2.6245,2.575,2.6245,40000.0,104008.3
2022-09-20,2022-09-20,2.631,2.638,2.576,2.5945,57600.0,149812.1
2022-09-19,2022-09-19,2.559,2.592,2.5315,2.5555,214200.0,550548.7
2022-09-16,2022-09-16,2.5665,2.571,2.5195,2.5265,149200.0,380503.9
2022-09-15,2022-09-15,2.7255,2.7255,2.6205,2.631,100600.0,269878
2022-09-14,2022-09-14,2.689,2.703,2.652,2.692,581200.0,1559814.6
2022-09-13,2022-09-13,2.9685,2.998,2.731,2.738,626600.0,1770846.8
2022-09-12,2022-09-12,2.8925,2.954,2.8835,2.942,520000.0,1515360.4
2022-09-09,2022-09-09,2.8085,2.896,2.8085,2.896,452200.0,1291232.8
2022-09-08,2022-09-08,2.7865,2.8305,2.7245,2.829,251000.0,697872.7
2022-09-07,2022-09-07,2.6825,2.7305,2.6735,2.725,247200.0,667170.4
2022-09-06,2022-09-06,2.7545,2.7685,2.662,2.7155,309600.0,848657
2022-09-05,2022-09-05,2.7275,2.7405,2.71,2.7325,169600.0,462366.4
2022-09-02,2022-09-02,2.788,2.8425,2.764,2.834,831000.0,2329642.5
2022-09-01,2022-09-01,2.72,2.7515,2.6895,2.712,591400.0,1607802
2022-08-31,2022-08-31,2.843,2.876,2.7815,2.797,263000.0,740196.9
2022-08-30,2022-08-30,2.8985,2.939,2.8,2.807,159800.0,464520.3
2022-08-29,2022-08-29,2.9075,2.9075,2.8635,2.8805,330200.0,950710.5
2022-08-26,2022-08-26,3.194,3.2005,3.0135,3.035,128600.0,403888.5
2022-08-25,2022-08-25,3.147,3.173,3.1155,3.145,208200.0,652194.5
2022-08-24,2022-08-24,3.082,3.115,3.0645,3.115,46800.0,143843.4
2022-08-23,2022-08-23,3.085,3.119,3.0685,3.0885,202200.0,627045.6
2022-08-22,2022-08-22,3.205,3.2075,3.113,3.127,299200.0,950525.4
2022-08-19,2022-08-19,3.311,3.311,3.231,3.231,452600.0,1486860.1
2022-08-18,2022-08-18,3.2785,3.356,3.2785,3.356,157000.0,517741.1
2022-08-17,2022-08-17,3.3865,3.3865,3.28,3.281,167800.0,559001.6
2022-08-16,2022-08-16,3.3835,3.4065,3.322,3.3795,764200.0,2565670.6
2022-08-15,2022-08-15,3.3115,3.366,3.297,3.361,387800.0,1288879.2
2022-08-12,2022-08-12,3.1935,3.277,3.189,3.277,308800.0,995504.2
2022-08-11,2022-08-11,3.2475,3.2915,3.216,3.2295,860600.0,2779765
2022-08-10,2022-08-10,3.061,3.1885,3.061,3.1885,227600.0,718135.9
2022-08-09,2022-08-09,3.1655,3.1655,3.044,3.0785,688400.0,2146563.4
2022-08-08,2022-08-08,3.212,3.265,3.201,3.206,416800.0,1342734.9
2022-08-05,2022-08-05,3.2245,3.2245,3.1325,3.1355,616800.0,1954056.5
2022-08-04,2022-08-04,3.1875,3.234,3.158,3.17,1088200.0,3495137
2022-08-03,2022-08-03,3.032,3.179,3.032,3.179,800600.0,2462290.4
2022-08-02,2022-08-02,3.0105,3.0605,2.993,3.0495,459800.0,1384135
2022-08-01,2022-08-01,3.039,3.0935,3,3.0705,246600.0,744707.7
2022-07-29,2022-07-29,3.017,3.034,2.9795,2.986,123000.0,370286.2
2022-07-28,2022-07-28,2.862,2.9195,2.838,2.9195,334000.0,957790.5
2022-07-27,2022-07-27,2.7565,2.8365,2.748,2.8275,481000.0,1350696.2
2022-07-26,2022-07-26,2.7645,2.768,2.7055,2.7055,657200.0,1810356.4
2022-07-25,2022-07-25,2.8,2.831,2.75,2.7835,263800.0,740067.6
2022-07-22,2022-07-22,2.863,2.91,2.8205,2.8205,278000.0,803240.3
2022-07-21,2022-07-21,2.8175,2.8635,2.8125,2.8635,343600.0,972470.2
2022-07-20,2022-07-20,2.7475,2.837,2.735,2.837,712400.0,1964186.9
2022-07-19,2022-07-19,2.612,2.696,2.5745,2.696,1085400.0,2836707.7
2022-07-18,2022-07-18,2.6985,2.7105,2.6825,2.7015,175800.0,473256
2022-07-15,2022-07-15,2.581,2.653,2.581,2.646,579200.0,1508277.7
2022-07-14,2022-07-14,2.544,2.544,2.48725,2.5125,431400.0,1079661.75
2022-07-13,2022-07-13,2.5915,2.5915,2.45775,2.5445,537400.0,1352272.25
2022-07-12,2022-07-12,2.592,2.6685,2.5875,2.624,385400.0,1006413.5
2022-07-11,2022-07-11,2.6605,2.685,2.62,2.6295,127800.0,340454.6
2022-07-08,2022-07-08,2.674,2.7195,2.63,2.7135,698400.0,1877618.3
2022-07-07,2022-07-07,2.593,2.6665,2.593,2.6575,142000.0,371599.9
2022-07-06,2022-07-06,2.5355,2.571,2.528,2.54,144200.0,366970.2
2022-07-05,2022-07-05,2.4325,2.4325,2.37225,2.40875,158200.0,382217.6
2022-07-04,2022-07-04,2.3865,2.393,2.37625,2.38975,55000.0,130823.7
2022-07-01,2022-07-01,2.31775,2.39975,2.3165,2.3765,369200.0,869114.4
2022-06-30,2022-06-30,2.3645,2.398,2.3155,2.375,392800.0,926252.6
2022-06-29,2022-06-29,2.4,2.4445,2.38725,2.43675,414600.0,996683
2022-06-28,2022-06-28,2.587,2.6115,2.4935,2.4965,257600.0,655066.4
2022-06-27,2022-06-27,2.608,2.647,2.5555,2.579,675000.0,1775784
2022-06-24,2022-06-24,2.483,2.563,2.483,2.543,494600.0,1235363.45
2022-06-23,2022-06-23,2.353,2.4425,2.34225,2.418,1202800.0,2888912.4
2022-06-22,2022-06-22,2.31175,2.4235,2.283,2.413,2112200.0,4904776.85
2022-06-21,2022-06-21,2.32525,2.40675,2.32525,2.39775,786800.0,1844470.8
2022-06-20,2022-06-20,2.2995,2.30525,2.294,2.30525,62800.0,144169.8
2022-06-17,2022-06-17,2.2345,2.29775,2.22075,2.267,1828600.0,4111831.85
2022-06-16,2022-06-16,2.3735,2.3825,2.21775,2.2305,611000.0,1412871.05
2022-06-15,2022-06-15,2.3375,2.39075,2.32575,2.38775,252800.0,598176
2022-06-14,2022-06-14,2.3795,2.3795,2.29375,2.322,116200.0,271808.9
2022-06-13,2022-06-13,2.4185,2.43,2.323,2.35125,273200.0,651331.9
2022-06-10,2022-06-10,2.688,2.711,2.518,2.519,208400.0,546813
2022-06-09,2022-06-09,2.8045,2.8505,2.78,2.812,283600.0,798874.5
2022-06-08,2022-06-08,2.8235,2.874,2.818,2.8695,307800.0,877381.1
2022-06-07,2022-06-07,2.776,2.842,2.743,2.8085,188000.0,526949
2022-06-06,2022-06-06,2.828,2.892,2.8245,2.8325,938400.0,2679023.8
2022-06-03,2022-06-03,2.9165,2.9165,2.7675,2.7835,1126600.0,3206786.8
2022-06-02,2022-06-02,2.8145,2.8445,2.75,2.833,273200.0,765848.6
2022-06-01,2022-06-01,2.834,2.903,2.797,2.797,232600.0,662767.3
2022-05-31,2022-05-31,2.8395,2.8565,2.775,2.808,511200.0,1439440.4
2022-05-30,2022-05-30,2.9155,2.9185,2.873,2.8875,945400.0,2730032.8
2022-05-27,2022-05-27,2.662,2.8055,2.656,2.805,210200.0,572844.9
2022-05-26,2022-05-26,2.514,2.649,2.514,2.6325,246400.0,633372
2022-05-25,2022-05-25,2.5075,2.53,2.447,2.48625,171200.0,425796.5
2022-05-24,2022-05-24,2.46825,2.49775,2.37625,2.3985,143200.0,348382.65
2022-05-23,2022-05-23,2.58,2.5815,2.49125,2.562,64800.0,165426.3
2022-05-20,2022-05-20,2.577,2.6245,2.48125,2.502,309600.0,799500.0
2022-05-19,2022-05-19,2.5605,2.587,2.494,2.586,228400.0,577935.45
2022-05-18,2022-05-18,2.834,2.835,2.678,2.678,125600.0,353854.5
2022-05-17,2022-05-17,2.7805,2.86,2.7625,2.819,115400.0,325972.5
2022-05-16,2022-05-16,2.7805,2.7895,2.734,2.734,220200.0,609824
2022-05-13,2022-05-13,2.6865,2.795,2.6845,2.795,124800.0,341653.2
2022-05-12,2022-05-12,2.5835,2.6955,2.533,2.6355,813400.0,2094106.7
2022-05-11,2022-05-11,2.797,2.8505,2.6725,2.744,1035200.0,2887364.8
2022-05-10,2022-05-10,2.786,2.833,2.703,2.715,176800.0,490040.0
2022-05-09,2022-05-09,2.906,2.906,2.7345,2.746,487600.0,1373489.8
2022-05-06,2022-05-06,3.0055,3.018,2.8535,2.9665,509600.0,1491961.4
2022-05-05,2022-05-05,3.2775,3.2845,3.0325,3.056,796600.0,2548903.4
2022-05-04,2022-05-04,3.158,3.1655,3.035,3.038,100200.0,310836
2022-05-03,2022-05-03,3.133,3.1575,3.0925,3.136,233400.0,730733.7
2022-05-02,2022-05-02,3.068,3.101,2.991,3.044,651000.0,1988330.6
2022-04-29,2022-04-29,3.2655,3.3015,3.1705,3.2,1318200.0,4268751.3
2022-04-28,2022-04-28,3.2165,3.262,3.145,3.186,477400.0,1540065.2
2022-04-27,2022-04-27,3.1005,3.207,3.074,3.173,300200.0,939179.5
2022-04-26,2022-04-26,3.2985,3.3065,3.1255,3.1255,300800.0,958867.1
2022-04-25,2022-04-25,3.18,3.242,3.1415,3.219,363200.0,1150850.4
2022-04-22,2022-04-22,3.3915,3.397,3.319,3.319,384800.0,1293125.9
2022-04-21,2022-04-21,3.5335,3.6265,3.529,3.529,586400.0,2107224.6
2022-04-20,2022-04-20,3.5595,3.6575,3.5225,3.532,447200.0,1599702.9
2022-04-19,2022-04-19,3.525,3.609,3.45,3.609,84800.0,295361.3
2022-04-14,2022-04-14,3.617,3.639,3.5435,3.55,179800.0,648466.1
2022-04-13,2022-04-13,3.5485,3.5855,3.4925,3.5855,236200.0,833527.7
2022-04-12,2022-04-12,3.497,3.6345,3.4725,3.5955,327800.0,1166358.9
2022-04-11,2022-04-11,3.626,3.644,3.518,3.5425,442800.0,1577146.8
2022-04-08,2022-04-08,3.812,3.827,3.68,3.7165,439000.0,1646002.8
2022-04-07,2022-04-07,3.76,3.795,3.705,3.705,232400.0,875037.8
2022-04-06,2022-04-06,3.927,3.9305,3.728,3.7315,207400.0,785438.2
2022-04-05,2022-04-05,4.0815,4.0905,3.963,3.964,169800.0,687209
2022-04-04,2022-04-04,3.912,4.0335,3.8815,4.032,79800.0,315799.4
2022-04-01,2022-04-01,3.927,3.94,3.8615,3.8615,163800.0,640624.2
2022-03-31,2022-03-31,4.006,4.0225,3.951,3.9695,115000.0,458417.6
2022-03-30,2022-03-30,4.053,4.053,3.9835,4.0085,181800.0,729641.4
2022-03-29,2022-03-29,3.9995,4.044,3.9745,4.02,532600.0,2136720.4
2022-03-28,2022-03-28,3.8565,3.9375,3.8405,3.8705,263000.0,1022726.9
2022-03-25,2022-03-25,3.855,3.895,3.7805,3.808,225800.0,864499
2022-03-24,2022-03-24,3.7515,3.801,3.7385,3.7765,154200.0,579368.4
2022-03-23,2022-03-23,3.798,3.821,3.7315,3.785,169200.0,638576.4
2022-03-22,2022-03-22,3.679,3.8095,3.671,3.78,422200.0,1581758.6
2022-03-21,2022-03-21,3.637,3.687,3.599,3.617,168000.0,611771.2
2022-03-18,2022-03-18,3.471,3.6015,3.466,3.599,255000.0,892386.5
2022-03-17,2022-03-17,3.4505,3.452,3.3775,3.4285,738600.0,2528348.2
2022-03-16,2022-03-16,3.3115,3.4025,3.301,3.375,214800.0,717339.8
2022-03-15,2022-03-15,3.0335,3.2005,2.993,3.196,402600.0,1226965.5
2022-03-14,2022-03-14,3.193,3.22,3.0765,3.0765,263200.0,835757.9
2022-03-11,2022-03-11,3.2905,3.3985,3.237,3.237,203200.0,668335
2022-03-10,2022-03-10,3.3215,3.326,3.191,3.191,496400.0,1630620.4
2022-03-09,2022-03-09,3.2155,3.317,3.201,3.287,439800.0,1432563
2022-03-08,2022-03-08,3.173,3.236,3.1145,3.124,741800.0,2362233.4
2022-03-07,2022-03-07,3.342,3.4605,3.3205,3.3325,188200.0,632996.8
2022-03-04,2022-03-04,3.486,3.517,3.3925,3.398,327000.0,1133812.9
2022-03-03,2022-03-03,3.58,3.6675,3.5215,3.5345,224800.0,801655.2
2022-03-02,2022-03-02,3.4675,3.5705,3.4525,3.562,232000.0,811902.5
2022-03-01,2022-03-01,3.577,3.59,3.49,3.51,377200.0,1340808.2
2022-02-28,2022-02-28,3.454,3.5705,3.417,3.5705,480400.0,1663711
2022-02-25,2022-02-25,3.3405,3.4955,3.34,3.489,481400.0,1643614.1
2022-02-24,2022-02-24,3.0375,3.223,2.992,3.2175,365400.0,1116069.6
2022-02-23,2022-02-23,3.392,3.4345,3.288,3.3015,471800.0,1578792.5
2022-02-22,2022-02-22,3.25,3.4335,3.25,3.356,709000.0,2337273.5
2022-02-21,2022-02-21,3.44,3.449,3.2995,3.31,357200.0,1206861.7
2022-02-18,2022-02-18,3.528,3.535,3.415,3.422,218800.0,762514
2022-02-17,2022-02-17,3.674,3.685,3.572,3.595,141600.0,512518.6
2022-02-16,2022-02-16,3.6895,3.7175,3.594,3.622,81800.0,300141
2022-02-15,2022-02-15,3.58,3.6955,3.574,3.672,102600.0,375663.3
2022-02-14,2022-02-14,3.525,3.6,3.443,3.6,232800.0,810374.1
2022-02-11,2022-02-11,3.7085,3.76,3.674,3.674,159800.0,596393.1
2022-02-10,2022-02-10,3.912,3.912,3.783,3.8065,186800.0,718668.6
2022-02-09,2022-02-09,3.794,3.8765,3.7925,3.872,183200.0,700824.3
2022-02-08,2022-02-08,3.6875,3.7385,3.652,3.7375,167000.0,615539.7
2022-02-07,2022-02-07,3.741,3.7785,3.714,3.714,258400.0,965888
2022-02-04,2022-02-04,3.7685,3.7685,3.5815,3.684,359600.0,1322222.5
2022-02-03,2022-02-03,3.875,3.875,3.7605,3.7605,179600.0,686825.1
2022-02-02,2022-02-02,4.0525,4.091,3.9465,3.9475,413200.0,1665789.4
2022-02-01,2022-02-01,3.9395,3.947,3.8455,3.9215,550600.0,2151388.1
2022-01-31,2022-01-31,3.7035,3.85,3.701,3.838,585000.0,2218630.6
2022-01-28,2022-01-28,3.5675,3.605,3.434,3.5995,601000.0,2097804.9
2022-01-27,2022-01-27,3.5055,3.691,3.505,3.6655,431600.0,1544872.3
2022-01-26,2022-01-26,3.588,3.6975,3.5845,3.6735,574400.0,2099178.9
2022-01-25,2022-01-25,3.5795,3.6345,3.4815,3.488,674000.0,2401863
2022-01-24,2022-01-24,3.71,3.732,3.4435,3.4495,584000.0,2084368.5
2022-01-21,2022-01-21,3.837,3.86,3.7305,3.846,581600.0,2214661.7
2022-01-20,2022-01-20,4.019,4.12,3.98,4.1065,240600.0,977373.9
2022-01-19,2022-01-19,4.0185,4.143,4.01,4.01,206400.0,844886.6
2022-01-18,2022-01-18,4.1665,4.1715,4.087,4.11,199000.0,820292.2
2022-01-17,2022-01-17,4.2425,4.269,4.2295,4.2475,41800.0,177838
2022-01-14,2022-01-14,4.1865,4.23,4.094,4.2025,211000.0,881200.8
2022-01-13,2022-01-13,4.381,4.432,4.315,4.354,131600.0,575139.2
2022-01-12,2022-01-12,4.4295,4.475,4.3725,4.4085,184800.0,818191
2022-01-11,2022-01-11,4.288,4.366,4.2455,4.366,350400.0,1505478.4
2022-01-10,2022-01-10,4.313,4.313,4.0585,4.1305,324400.0,1354861
2022-01-07,2022-01-07,4.3705,4.422,4.237,4.2915,272600.0,1183706.3
2022-01-06,2022-01-06,4.3815,4.4595,4.3065,4.411,1037600.0,4545872.5
2022-01-05,2022-01-05,4.6725,4.6725,4.5825,4.6005,312400.0,1443207.8
2022-01-04,2022-01-04,4.836,4.861,4.631,4.6535,441800.0,2118938.4
2022-01-03,2022-01-03,4.75,4.7735,4.7015,4.756,182200.0,864513.2
2021-12-30,2021-12-30,4.8165,4.8315,4.8125,4.815,64000.0,308585.4
2021-12-29,2021-12-29,4.8325,4.8555,4.7615,4.7685,97600.0,469256.9
2021-12-28,2021-12-28,4.8415,4.8925,4.806,4.806,125600.0,611094.8
2021-12-27,2021-12-27,4.7035,4.82,4.7035,4.808,123600.0,588297.2
2021-12-23,2021-12-23,4.6225,4.705,4.615,4.704,56000.0,260061.9
2021-12-22,2021-12-22,4.5075,4.593,4.473,4.593,497800.0,2243155.6
2021-12-21,2021-12-21,4.4055,4.429,4.3235,4.393,312800.0,1370451.4
2021-12-20,2021-12-20,4.3255,4.327,4.2565,4.2565,243800.0,1048232.9
2021-12-17,2021-12-17,4.446,4.507,4.3385,4.4595,733600.0,3229743.3
2021-12-16,2021-12-16,4.7465,4.8005,4.533,4.533,357400.0,1668302.8
2021-12-15,2021-12-15,4.5295,4.5295,4.4325,4.4325,374800.0,1685681.5
2021-12-14,2021-12-14,4.625,4.6265,4.423,4.4315,513200.0,2307463.6
2021-12-13,2021-12-13,4.75,4.7825,4.63,4.6365,172800.0,822011.2
2021-12-10,2021-12-10,4.647,4.723,4.6255,4.6345,373600.0,1739124.4
2021-12-09,2021-12-09,4.7565,4.764,4.7135,4.7325,441200.0,2094293.8
2021-12-08,2021-12-08,4.7775,4.7815,4.684,4.71,156200.0,743219.4
2021-12-07,2021-12-07,4.5785,4.733,4.5725,4.733,259600.0,1202692.1
2021-12-06,2021-12-06,4.417,4.4445,4.3065,4.404,452800.0,1989990.6
2021-12-03,2021-12-03,4.534,4.5795,4.348,4.3745,340200.0,1521088.1
2021-12-02,2021-12-02,4.5125,4.535,4.4075,4.4805,284400.0,1278765.9
2021-12-01,2021-12-01,4.7255,4.7775,4.689,4.761,162400.0,769813.5
2021-11-30,2021-11-30,4.7155,4.7745,4.652,4.652,200600.0,945486.4
2021-11-29,2021-11-29,4.681,4.748,4.6585,4.748,209000.0,982797.5
2021-11-26,2021-11-26,4.6845,4.7045,4.592,4.592,743400.0,3451385.7
2021-11-25,2021-11-25,4.8385,4.8385,4.811,4.831,877200.0,4229922.4
2021-11-24,2021-11-24,4.7645,4.7735,4.7,4.7735,180000.0,852176.1
2021-11-23,2021-11-23,4.77,4.812,4.6495,4.683,565400.0,2636755
2021-11-22,2021-11-22,4.9525,5.015,4.929,4.944,240400.0,1193523.1
2021-11-19,2021-11-19,4.8605,4.9035,4.8605,4.8985,79400.0,388144.6
2021-11-18,2021-11-18,4.758,4.7785,4.72,4.765,41400.0,197262.9
2021-11-17,2021-11-17,4.726,4.756,4.714,4.756,513600.0,2435817.5
2021-11-16,2021-11-16,4.638,4.712,4.6205,4.712,85800.0,400145.3
2021-11-15,2021-11-15,4.6235,4.638,4.6005,4.6105,112000.0,517625.2
2021-11-12,2021-11-12,4.531,4.608,4.5225,4.601,28800.0,130915.8
2021-11-11,2021-11-11,4.5075,4.5525,4.504,4.5355,49800.0,225633.7
2021-11-10,2021-11-10,4.5735,4.58,4.485,4.5465,188600.0,856359.9
2021-11-09,2021-11-09,4.6185,4.6565,4.566,4.5775,419600.0,1943020.1
2021-11-08,2021-11-08,4.627,4.656,4.6165,4.648,169600.0,787110.0
2021-11-05,2021-11-05,4.6455,4.7155,4.635,4.6875,128200.0,600934.3
2021-11-04,2021-11-04,4.554,4.635,4.55,4.6305,95000.0,435713.4
2021-11-03,2021-11-03,4.4385,4.439,4.4255,4.438,66800.0,296188.7
2021-11-02,2021-11-02,4.3745,4.423,4.3675,4.4165,90800.0,400351.8
2021-11-01,2021-11-01,4.396,4.408,4.3135,4.366,63200.0,276465.1
2021-10-29,2021-10-29,4.222,4.315,4.209,4.315,59400.0,251727.2
2021-10-28,2021-10-28,4.227,4.274,4.227,4.2675,37200.0,157995.4
2021-10-27,2021-10-27,4.206,4.258,4.1815,4.2475,89400.0,378795
2021-10-26,2021-10-26,4.2135,4.2665,4.2105,4.236,36400.0,153717.8
2021-10-25,2021-10-25,4.0875,4.1225,4.08,4.1225,149800.0,614666.8
2021-10-22,2021-10-22,4.12,4.134,4.063,4.063,214400.0,882586.3
2021-10-21,2021-10-21,4.0575,4.122,4.0575,4.1025,25200.0,103118.9
2021-10-20,2021-10-20,4.1025,4.115,4.094,4.1015,56200.0,230800.9
2021-10-19,2021-10-19,4.058,4.093,4.046,4.091,119800.0,487448.2
2021-10-18,2021-10-18,3.954,4.012,3.9405,4.012,62200.0,246270.3
2021-10-15,2021-10-15,3.9475,3.967,3.944,3.961,66800.0,263838.4
2021-10-14,2021-10-14,3.8385,3.9095,3.8385,3.9095,81400.0,314265.8
2021-10-13,2021-10-13,3.7105,3.797,3.7105,3.7505,184400.0,693870.9
2021-10-12,2021-10-12,3.7185,3.8055,3.7185,3.758,48600.0,183385.1
2021-10-11,2021-10-11,3.797,3.8615,3.76,3.8525,90600.0,344879.9
2021-10-08,2021-10-08,3.886,3.894,3.8335,3.8335,124000.0,479908.2
2021-10-07,2021-10-07,3.864,3.915,3.859,3.9115,159400.0,618477.8
2021-10-06,2021-10-06,3.681,3.7255,3.6385,3.7255,121600.0,447157.6
2021-10-05,2021-10-05,3.6605,3.762,3.656,3.7535,211000.0,779011.5
2021-10-04,2021-10-04,3.759,3.765,3.6035,3.6035,300600.0,1106493.9
2021-10-01,2021-10-01,3.6995,3.7635,3.684,3.748,115600.0,429733.8
2021-09-30,2021-09-30,3.8485,3.85,3.8065,3.81,178000.0,683822.2
2021-09-29,2021-09-29,3.809,3.8515,3.799,3.8005,172000.0,659136.8
2021-09-28,2021-09-28,3.9375,3.9375,3.7775,3.7845,180400.0,693044.7
2021-09-27,2021-09-27,4.0705,4.0705,3.9415,3.9715,129000.0,515892.6
2021-09-24,2021-09-24,3.9975,4.012,3.982,3.992,60600.0,242482.4
2021-09-23,2021-09-23,3.994,4.0355,3.98,4.023,204200.0,820576.4
2021-09-22,2021-09-22,3.9175,3.9545,3.905,3.9545,69000.0,270956.1
2021-09-21,2021-09-21,3.9115,3.955,3.8745,3.9315,212600.0,836078.4
2021-09-20,2021-09-20,4.0025,4.0025,3.863,3.873,293000.0,1148008.1
2021-09-17,2021-09-17,4.134,4.134,4.0305,4.0305,58400.0,238311.2
2021-09-16,2021-09-16,4.1005,4.115,4.062,4.062,130800.0,537244.6
2021-09-15,2021-09-15,4.081,4.081,4.0245,4.0265,52400.0,211664.7
2021-09-14,2021-09-14,4.062,4.123,4.0605,4.075,33200.0,136184.3
2021-09-13,2021-09-13,4.1145,4.145,4.0365,4.0465,386200.0,1562604
2021-09-10,2021-09-10,4.153,4.1845,4.1295,4.1295,335400.0,1394584.2
2021-09-09,2021-09-09,4.133,4.181,4.133,4.1615,39000.0,162938
2021-09-08,2021-09-08,4.169,4.197,4.1355,4.1425,40800.0,170526.5
2021-09-07,2021-09-07,4.186,4.192,4.155,4.1845,48800.0,203561.4
2021-09-06,2021-09-06,4.1945,4.1995,4.183,4.196,100800.0,422321.1
2021-09-03,2021-09-03,4.1435,4.164,4.126,4.164,68200.0,282770.1
2021-09-02,2021-09-02,4.168,4.178,4.1645,4.167,413600.0,1723755.6
2021-09-01,2021-09-01,4.1815,4.1955,4.1575,4.188,32400.0,135220.6
2021-08-31,2021-08-31,4.2085,4.2085,4.122,4.151,105400.0,436783.8
2021-08-30,2021-08-30,4.0815,4.156,4.08,4.153,151000.0,621619.6
2021-08-27,2021-08-27,4.0255,4.066,4.0255,4.0595,155600.0,630987
2021-08-26,2021-08-26,4.0305,4.049,4,4.0215,75600.0,304243.6
2021-08-25,2021-08-25,4.0645,4.072,4.0505,4.0555,135200.0,548475
2021-08-24,2021-08-24,4.084,4.084,4.0395,4.045,165800.0,672166.7
2021-08-23,2021-08-23,3.951,4.019,3.9365,4.019,431000.0,1705715.2
2021-08-20,2021-08-20,3.8435,3.9345,3.819,3.9225,92600.0,359104.2
2021-08-19,2021-08-19,3.7635,3.8475,3.7365,3.8475,115600.0,438166.8
2021-08-18,2021-08-18,3.882,3.897,3.8565,3.8565,71600.0,277653.2
2021-08-17,2021-08-17,3.9125,3.9125,3.8695,3.879,66600.0,259052.6
2021-08-16,2021-08-16,3.9105,3.9105,3.819,3.8515,97800.0,378085.4
2021-08-13,2021-08-13,3.92,3.922,3.9035,3.9105,31600.0,123787.7
2021-08-12,2021-08-12,3.8785,3.9065,3.85,3.9065,8200.0,31749.1
2021-08-11,2021-08-11,3.9095,3.9185,3.8595,3.871,70200.0,274126.1
2021-08-10,2021-08-10,3.936,3.954,3.885,3.897,112000.0,438176.3
2021-08-09,2021-08-09,3.9065,3.9325,3.9,3.928,20000.0,78494.5
2021-08-06,2021-08-06,3.9255,3.935,3.902,3.9065,246200.0,965385.1
2021-08-05,2021-08-05,3.882,3.928,3.882,3.919,94600.0,368490.3
2021-08-04,2021-08-04,3.8635,3.871,3.8385,3.871,116600.0,449167.3
2021-08-03,2021-08-03,3.82,3.8325,3.765,3.7915,114400.0,434352
2021-08-02,2021-08-02,3.8565,3.8565,3.8,3.8465,22600.0,86651.1
2021-07-30,2021-07-30,3.748,3.8085,3.7405,3.796,86200.0,324637.5
2021-07-29,2021-07-29,3.8445,3.8665,3.8225,3.8585,133000.0,510783.9
2021-07-28,2021-07-28,3.814,3.8905,3.813,3.866,83400.0,321416.5
2021-07-27,2021-07-27,3.9095,3.924,3.7605,3.7605,50000.0,193458.5
2021-07-26,2021-07-26,3.9255,3.9255,3.883,3.9115,110000.0,429168.1
2021-07-23,2021-07-23,3.845,3.8995,3.818,3.8995,128000.0,491989.4
2021-07-22,2021-07-22,3.7905,3.812,3.78,3.81,27800.0,105264.6
2021-07-21,2021-07-21,3.731,3.742,3.7,3.742,98200.0,366104.9
2021-07-20,2021-07-20,3.6765,3.6965,3.6555,3.6965,25800.0,94484.9
2021-07-19,2021-07-19,3.684,3.685,3.5745,3.636,99000.0,359501.5
2021-07-16,2021-07-16,3.7385,3.782,3.715,3.715,16400.0,61288.3
2021-07-15,2021-07-15,3.8035,3.8215,3.7235,3.7605,73000.0,277055.3
2021-07-14,2021-07-14,3.8105,3.8335,3.7945,3.808,54600.0,208568.4
2021-07-13,2021-07-13,3.771,3.845,3.756,3.845,39400.0,149256.6
2021-07-12,2021-07-12,3.7505,3.7785,3.7345,3.752,92800.0,347853.2
2021-07-09,2021-07-09,3.6995,3.7335,3.6735,3.7335,26800.0,98789.1
2021-07-08,2021-07-08,3.7415,3.7415,3.6235,3.6525,116000.0,427220.4
2021-07-07,2021-07-07,3.741,3.7835,3.7325,3.7325,83000.0,312956.9
2021-07-06,2021-07-06,3.6715,3.731,3.6715,3.716,72200.0,267889
2021-07-05,2021-07-05,3.7045,3.7045,3.673,3.6805,44400.0,163353.7
2021-07-02,2021-07-02,3.6095,3.6655,3.6095,3.6595,26800.0,97655.2
2021-07-01,2021-07-01,3.615,3.6345,3.5855,3.587,110400.0,398423.3
2021-06-30,2021-06-30,3.609,3.62,3.6055,3.6135,15800.0,57052.3
2021-06-29,2021-06-29,3.5595,3.587,3.5595,3.577,26000.0,92972.5
2021-06-28,2021-06-28,3.4935,3.5465,3.4935,3.5465,19200.0,67379.2
2021-06-25,2021-06-25,3.4925,3.4995,3.478,3.4905,49000.0,171188.1
2021-06-24,2021-06-24,3.466,3.5155,3.466,3.512,11400.0,39860.3
2021-06-23,2021-06-23,3.4675,3.4675,3.438,3.4465,16600.0,57246.3
2021-06-22,2021-06-22,3.3895,3.432,3.367,3.432,25200.0,85311.8
2021-06-21,2021-06-21,3.3425,3.392,3.3425,3.375,32000.0,108323.3
2021-06-18,2021-06-18,3.4235,3.4235,3.363,3.363,38600.0,130941.9
2021-06-17,2021-06-17,3.264,3.414,3.264,3.414,5600.0,18809.8
2021-06-16,2021-06-16,3.2905,3.298,3.2825,3.29,10000.0,32929.1
2021-06-15,2021-06-15,3.3335,3.335,3.2865,3.2865,12800.0,42494
2021-06-14,2021-06-14,3.2925,3.2925,3.2775,3.282,13400.0,43931.3
2021-06-11,2021-06-11,3.236,3.2605,3.236,3.26,12400.0,40304.6
2021-06-10,2021-06-10,3.166,3.222,3.152,3.217,30800.0,98594.8
2021-06-09,2021-06-09,3.172,3.195,3.171,3.176,42200.0,134089.6
2021-06-08,2021-06-08,3.1735,3.201,3.147,3.149,55400.0,176422.8
2021-06-07,2021-06-07,3.147,3.147,3.125,3.126,188600.0,591010.9
2021-06-04,2021-06-04,3.052,3.166,3.052,3.1445,40400.0,124872.1
2021-06-03,2021-06-03,3.0985,3.0985,3.03,3.0645,82800.0,254285.1
2021-06-02,2021-06-02,3.088,3.117,3.088,3.1085,73400.0,228010.9
2021-06-01,2021-06-01,3.1095,3.13,3.0825,3.084,8000.0,24962.2
2021-05-31,2021-05-31,3.1155,3.1155,3.091,3.0915,50200.0,155653.5
2021-05-28,2021-05-28,3.106,3.131,3.106,3.131,8600.0,26860.2
2021-05-27,2021-05-27,3.0935,3.122,3.0905,3.112,19800.0,61482.3
2021-05-26,2021-05-26,3.1065,3.117,3.1065,3.107,39400.0,122731.9
2021-05-25,2021-05-25,3.1115,3.1115,3.0685,3.0685,135000.0,418747.1
2021-05-21,2021-05-21,3.024,3.0475,3.007,3.007,55200.0,167695.7
2021-05-20,2021-05-20,2.902,3.0085,2.882,3.0085,141600.0,417099.2
2021-05-19,2021-05-19,2.851,2.8595,2.7975,2.8545,134200.0,381699.9
2021-05-18,2021-05-18,2.989,2.989,2.951,2.9555,97800.0,290036.9
2021-05-17,2021-05-17,2.9815,2.983,2.93,2.93,7000.0,20718.2
2021-05-14,2021-05-14,2.9135,2.9735,2.912,2.9735,75200.0,221284.6
2021-05-13,2021-05-13,2.8395,2.9165,2.825,2.8855,39800.0,114954
2021-05-12,2021-05-12,2.9615,2.97,2.86,2.86,56600.0,164229.4
2021-05-11,2021-05-11,2.936,2.956,2.85,2.956,304800.0,877950.3
2021-05-10,2021-05-10,3.1245,3.1245,3.031,3.034,130600.0,406452.9
2021-05-07,2021-05-07,3.123,3.1855,3.114,3.1765,61400.0,193140.4
2021-05-06,2021-05-06,3.1135,3.1135,3.0505,3.0785,4800.0,14793.6
2021-05-05,2021-05-05,3.1055,3.146,3.1055,3.137,201800.0,634019.9
2021-05-04,2021-05-04,3.203,3.203,3.044,3.05,91800.0,289907.5
2021-05-03,2021-05-03,3.253,3.264,3.203,3.2125,47600.0,154209.1
2021-04-30,2021-04-30,3.2455,3.254,3.226,3.229,7800.0,25273.9
2021-04-29,2021-04-29,3.288,3.3065,3.242,3.242,41200.0,134201
2021-04-28,2021-04-28,3.286,3.286,3.248,3.2555,118400.0,386026.7
2021-04-27,2021-04-27,3.3165,3.3165,3.2615,3.2745,54400.0,178193.9
2021-04-26,2021-04-26,3.252,3.291,3.2345,3.2875,26200.0,85152.1
2021-04-23,2021-04-23,3.191,3.2625,3.1865,3.2625,18600.0,59582.1
2021-04-22,2021-04-22,3.266,3.28,3.2495,3.28,62800.0,204718.4
2021-04-21,2021-04-21,3.207,3.242,3.187,3.242,67000.0,214348
2021-04-20,2021-04-20,3.2515,3.26,3.185,3.185,61800.0,200078.9
2021-04-19,2021-04-19,3.34,3.34,3.2565,3.2565,86400.0,286084.4
2021-04-16,2021-04-16,3.3235,3.337,3.317,3.32,28400.0,94363.3
2021-04-15,2021-04-15,3.2615,3.3175,3.258,3.3155,45600.0,148891.1
2021-04-14,2021-04-14,3.3175,3.3435,3.268,3.2725,27400.0,91153.5
2021-04-13,2021-04-13,3.2545,3.309,3.2495,3.2895,22400.0,73626.6
2021-04-12,2021-04-12,3.261,3.2725,3.2365,3.2365,29600.0,96390.5
2021-04-09,2021-04-09,3.2175,3.2295,3.1975,3.228,28800.0,92894.9
2021-04-08,2021-04-08,3.218,3.2325,3.21,3.2185,202200.0,652659.4
2021-04-07,2021-04-07,3.176,3.176,3.14,3.161,110400.0,347761.3
2021-04-06,2021-04-06,3.1625,3.189,3.1515,3.189,88400.0,279440.0
2021-04-01,2021-04-01,3.0085,3.078,3.0065,3.051,48000.0,145305.4
2021-03-31,2021-03-31,2.88,2.983,2.88,2.981,87400.0,256829.3
2021-03-30,2021-03-30,2.892,2.8935,2.865,2.8905,3400.0,9746.7
2021-03-29,2021-03-29,2.8745,2.9105,2.861,2.8775,13400.0,38537
2021-03-26,2021-03-26,2.845,2.851,2.782,2.851,2200.0,6217.1
2021-03-25,2021-03-25,2.8285,2.85,2.761,2.8145,20200.0,56406.4
2021-03-24,2021-03-24,2.935,2.965,2.893,2.893,23000.0,67894.4
2021-03-23,2021-03-23,2.9265,2.9655,2.907,2.9475,136600.0,402702.2
2021-03-22,2021-03-22,2.8515,2.9475,2.8515,2.9475,21400.0,62097.2
2021-03-19,2021-03-19,2.8295,2.849,2.7535,2.834,29400.0,82028.3
2021-03-18,2021-03-18,2.914,2.914,2.866,2.88,10000.0,28769.6
2021-03-17,2021-03-17,2.9585,2.9585,2.8795,2.893,79000.0,230080.5
2021-03-16,2021-03-16,2.945,3.02,2.945,2.991,40600.0,121502
2021-03-15,2021-03-15,2.8365,2.8775,2.8365,2.869,9200.0,26373.2
2021-03-12,2021-03-12,2.833,2.833,2.7965,2.806,79400.0,223520.9
2021-03-11,2021-03-11,2.854,2.911,2.854,2.911,107800.0,311028.8
2021-03-10,2021-03-10,2.797,2.8645,2.79,2.8175,53000.0,149843.6
2021-03-09,2021-03-09,2.6815,2.7835,2.6815,2.7835,47000.0,128429
2021-03-08,2021-03-08,2.669,2.756,2.6485,2.732,94800.0,254885
2021-03-05,2021-03-05,2.6345,2.6505,2.5985,2.5985,25400.0,66984.7
2021-03-04,2021-03-04,2.7445,2.775,2.6985,2.7485,75800.0,209001.4
2021-03-03,2021-03-03,2.9395,2.9395,2.824,2.8405,8600.0,24394.7
2021-03-02,2021-03-02,2.974,3,2.923,2.923,67800.0,202178.7
2021-03-01,2021-03-01,2.9355,2.9575,2.9135,2.9575,52200.0,153299.5
2021-02-26,2021-02-26,2.751,2.815,2.7485,2.7755,42000.0,116691.4
2021-02-25,2021-02-25,2.9765,2.9765,2.8725,2.8725,46000.0,133902.2
2021-02-24,2021-02-24,2.9245,2.9785,2.862,2.933,123600.0,361311.6
2021-02-23,2021-02-23,2.986,2.986,2.778,2.8795,102400.0,298185.8
2021-02-22,2021-02-22,3.055,3.056,2.991,3.012,48200.0,146375.8
2021-02-19,2021-02-19,3.151,3.178,3.151,3.177,38600.0,122097
2021-02-18,2021-02-18,3.188,3.188,3.1015,3.123,72000.0,225737.4
2021-02-17,2021-02-17,3.221,3.2225,3.136,3.136,34000.0,108193.1
2021-02-16,2021-02-16,3.255,3.2615,3.225,3.232,81200.0,264148.6
2021-02-15,2021-02-15,3.2425,3.252,3.24,3.251,8200.0,26599.7
2021-02-12,2021-02-12,3.1855,3.203,3.183,3.203,23600.0,75323.1
2021-02-11,2021-02-11,3.164,3.195,3.164,3.195,14800.0,47124
2021-02-10,2021-02-10,3.204,3.204,3.138,3.138,66000.0,210767.2
2021-02-09,2021-02-09,3.1755,3.187,3.159,3.185,16000.0,50638.1
2021-02-08,2021-02-08,3.1885,3.203,3.171,3.171,60600.0,193251.4
2021-02-05,2021-02-05,3.1795,3.186,3.135,3.1445,41600.0,130871.8
2021-02-04,2021-02-04,3.101,3.112,3.101,3.112,1600.0,4963.7
2021-02-03,2021-02-03,3.1315,3.1535,3.0955,3.0955,1600.0,5023.6
2021-02-02,2021-02-02,3.0395,3.125,3.0395,3.0865,67000.0,205535
2021-02-01,2021-02-01,2.8765,2.961,2.8765,2.961,22000.0,63963.5
2021-01-29,2021-01-29,2.8735,2.9,2.8525,2.8525,21600.0,62481
2021-01-28,2021-01-28,2.872,2.9,2.872,2.898,800,2314.4
2021-01-27,2021-01-27,3.1035,3.1175,2.9895,2.9895,47400.0,145328.8
2021-01-26,2021-01-26,3.0515,3.089,3.0515,3.0875,1400.0,4285.9
2021-01-25,2021-01-25,3.0645,3.0895,3.0325,3.0325,13600.0,41880.0
2021-01-22,2021-01-22,3.02,3.02,2.995,3.0105,32000.0,96042
2021-01-21,2021-01-21,3.036,3.043,3.024,3.0305,11000.0,33425.7
2021-01-20,2021-01-20,2.995,2.995,2.9805,2.9865,5200.0,15501.5
2021-01-19,2021-01-19,2.851,2.851,2.824,2.824,2200.0,6229.3
2021-01-18,2021-01-18,2.792,2.802,2.792,2.801,1000.0,2802
2021-01-15,2021-01-15,2.8275,2.837,2.8235,2.8265,1200.0,3400.9
2021-01-14,2021-01-14,2.8525,2.861,2.8445,2.861,49200.0,139951.8
2021-01-13,2021-01-13,2.82,2.864,2.82,2.864,0,0
2021-01-12,2021-01-12,2.844,2.8465,2.816,2.823,5800.0,16492.7
2021-01-11,2021-01-11,2.889,2.889,2.832,2.8565,6200.0,17616.6
2021-01-08,2021-01-08,2.836,2.8555,2.836,2.8555,6800.0,19359.6
2021-01-07,2021-01-07,2.71,2.8025,2.709,2.7995,126600.0,347652.9
2021-01-06,2021-01-06,2.6865,2.7325,2.6295,2.7325,6600.0,17589.7
2021-01-04,2021-01-04,2.8155,2.8155,2.786,2.81,18200.0,50915
2020-12-30,2020-12-30,2.7935,2.7935,2.7855,2.7855,0,0
2020-12-29,2020-12-29,2.8015,2.8055,2.79,2.79,42000.0,117435.8
2020-12-28,2020-12-28,2.758,2.794,2.758,2.783,65400.0,181109.2
2020-12-23,2020-12-23,2.75,2.75,2.727,2.7295,8000.0,21940.2
2020-12-22,2020-12-22,2.7455,2.7455,2.707,2.707,93200.0,255496
2020-12-21,2020-12-21,2.748,2.748,2.67,2.67,4800.0,13041
2020-12-18,2020-12-18,2.738,2.753,2.738,2.7485,1000.0,2753
2020-12-17,2020-12-17,2.736,2.736,2.724,2.724,28800.0,78717.1
2020-12-16,2020-12-16,2.702,2.7095,2.696,2.7095,2600.0,7021.6
2020-12-15,2020-12-15,2.658,2.681,2.652,2.652,77200.0,206124.3
2020-12-14,2020-12-14,2.62,2.6735,2.6125,2.666,42200.0,110281.3
2020-12-11,2020-12-11,2.6005,2.6005,2.5705,2.5705,2000.0,5163.7
2020-12-10,2020-12-10,2.591,2.5995,2.56,2.5925,46200.0,119417.3
2020-12-09,2020-12-09,2.7165,2.718,2.7045,2.7045,2800.0,7608
2020-12-08,2020-12-08,2.697,2.697,2.6915,2.6915,5200.0,14006.2
2020-12-07,2020-12-07,2.673,2.7045,2.665,2.6965,36800.0,98394.1
2020-12-04,2020-12-04,2.6515,2.6665,2.6515,2.6665,0,0
