strategy1;strategy2;correlation
EUNK;SXRV;0.34518205
EUNK;CL2_FLEURY;0.12034661
EUNK;CL2_DAY;0.12034661
EUNK;CL2_GAP;0.12505340
EUNK;L8I7;0.08569080
EUNK;L8I7_GAP;0.12036673
EUNK;QQQ3;0.38587411
SXRV;CL2_FLEURY;0.13996051
SXRV;CL2_DAY;0.13996051
SXRV;CL2_GAP;0.19389632
SXRV;L8I7;0.11508759
SXRV;L8I7_GAP;0.19881504
SXRV;QQQ3;0.62471647
CL2_FLEURY;CL2_DAY;1.00000000
CL2_FLEURY;CL2_GAP;-0.14057443
CL2_FLEURY;L8I7;0.73958582
CL2_FLEURY;L8I7_GAP;-0.11395742
CL2_FLEURY;QQQ3;0.06460221
CL2_DAY;CL2_GAP;-0.14057443
CL2_DAY;L8I7;0.73958582
CL2_DAY;L8I7_GAP;-0.11395742
CL2_DAY;QQQ3;0.06460221
CL2_GAP;L8I7;-0.06449450
CL2_GAP;L8I7_GAP;0.91248580
CL2_GAP;QQQ3;0.15840735
L8I7;L8I7_GAP;-0.05413018
L8I7;QQQ3;0.03385093
L8I7_GAP;QQQ3;0.13322444
