entryDate;exitDate;entryPrice;exitPrice;quantity;profit%;closeReason;buyType
2014-03-03;2014-03-04;5.98;6.23;1671;4,18;OTP TUESDAY;LUNES
2014-03-04;2014-03-07;6.27;6.09;1659;-2,87;WEEKLY_CLOSE;NO_LUNES
2014-03-10;2014-03-14;6.13;5.86;1646;-4,40;WEEKLY_CLOSE;LUNES
2014-03-17;2014-03-19;5.87;6.14;1642;4,60;OTP WEDNESDAY;LUNES
2014-03-19;2014-03-21;6.10;6.06;1651;-0,66;WEEKLY_CLOSE;NO_LUNES
2014-03-24;2014-03-25;5.92;5.80;1688;-2,03;SLL TUESDAY;LUNES
2014-03-31;2014-04-02;5.60;5.96;1747;6,43;OTP WEDNESDAY;LUNES
2014-04-02;2014-04-03;5.97;5.85;1742;-2,01;SLL THURSDAY;NO_LUNES
2014-04-07;2014-04-08;5.33;5.22;1910;-2,06;SLL TUESDAY;LUNES
2014-04-14;2014-04-16;5.01;5.21;1988;3,99;OTP WEDNESDAY;LUNES
2014-04-16;2014-04-17;5.16;5.29;2005;2,52;WEEKLY_CLOSE;NO_LUNES
2014-04-28;2014-04-30;5.32;5.41;1992;1,69;WEEKLY_CLOSE;LUNES
2014-05-05;2014-05-09;5.50;5.27;1958;-4,18;WEEKLY_CLOSE;LUNES
2014-05-12;2014-05-15;5.57;5.45;1850;-2,15;SLL THURSDAY;LUNES
2014-05-19;2014-05-22;5.54;5.80;1818;4,69;OTP THURSDAY;LUNES
2014-05-22;2014-05-23;5.91;5.95;1783;0,68;WEEKLY_CLOSE;NO_LUNES
2014-05-26;2014-05-30;6.07;6.33;1746;4,28;OTP FRIDAY;LUNES
2014-05-30;2014-06-06;6.32;6.60;1747;4,43;WEEKLY_CLOSE;NO_LUNES
2014-06-09;2014-06-11;6.59;6.45;1748;-2,12;SLL WEDNESDAY;LUNES
2014-06-16;2014-06-20;6.51;6.67;1730;2,46;WEEKLY_CLOSE;LUNES
2014-06-23;2014-06-27;6.69;6.80;1723;1,64;WEEKLY_CLOSE;LUNES
2014-06-30;2014-07-03;6.88;7.16;1701;4,07;OTP THURSDAY;LUNES
2014-07-03;2014-07-04;7.25;7.30;1678;0,69;WEEKLY_CLOSE;NO_LUNES
2014-07-07;2014-07-11;7.27;7.12;1684;-2,06;SLL FRIDAY;LUNES
2014-07-14;2014-07-18;7.37;7.31;1625;-0,81;WEEKLY_CLOSE;LUNES
2014-07-21;2014-07-24;7.31;7.73;1623;5,75;OTP THURSDAY;LUNES
2014-07-24;2014-07-25;7.74;7.51;1619;-2,97;WEEKLY_CLOSE;NO_LUNES
2014-07-28;2014-07-30;7.57;7.89;1605;4,23;OTP WEDNESDAY;LUNES
2014-08-04;2014-08-08;7.23;7.08;1750;-2,07;WEEKLY_CLOSE;LUNES
2014-08-11;2014-08-14;7.27;7.58;1702;4,26;OTP THURSDAY;LUNES
2014-08-14;2014-08-19;7.64;8.01;1687;4,84;OTP TUESDAY;NO_LUNES
2014-08-19;2014-08-22;8.08;8.26;1671;2,23;WEEKLY_CLOSE;NO_LUNES
2014-08-25;2014-08-29;8.43;8.48;1636;0,59;WEEKLY_CLOSE;LUNES
2014-09-01;2014-09-02;8.65;8.47;1602;-2,08;SLL TUESDAY;LUNES
2014-09-08;2014-09-12;8.73;8.60;1553;-1,49;WEEKLY_CLOSE;LUNES
2014-09-15;2014-09-19;8.53;8.90;1564;4,34;OTP FRIDAY;LUNES
2014-09-19;2014-09-25;8.88;8.70;1566;-2,03;SLL THURSDAY;NO_LUNES
2014-09-29;2014-10-03;8.50;8.51;1601;0,12;WEEKLY_CLOSE;LUNES
2014-10-06;2014-10-10;8.58;7.75;1586;-9,67;WEEKLY_CLOSE;LUNES
2014-10-13;2014-10-17;7.33;7.19;1676;-1,91;WEEKLY_CLOSE;LUNES
2014-10-20;2014-10-22;7.20;8.00;1672;11,11;OTP WEDNESDAY;LUNES
2014-10-22;2014-10-24;8.10;8.33;1649;2,84;WEEKLY_CLOSE;NO_LUNES
2014-10-27;2014-10-31;8.42;9.15;1630;8,67;OTP FRIDAY;LUNES
2014-10-31;2014-11-07;9.21;9.36;1618;1,63;WEEKLY_CLOSE;NO_LUNES
2014-11-10;2014-11-14;9.38;9.77;1613;4,16;WEEKLY_CLOSE;LUNES
2014-11-17;2014-11-21;9.71;10.14;1621;4,43;OTP FRIDAY;LUNES
2014-11-21;2014-11-28;10.11;10.66;1624;5,44;WEEKLY_CLOSE;NO_LUNES
2014-12-01;2014-12-05;11.00;10.58;1572;-3,82;WEEKLY_CLOSE;LUNES
2014-12-08;2014-12-12;10.50;9.79;1583;-6,76;WEEKLY_CLOSE;LUNES
2014-12-15;2014-12-19;9.67;10.50;1601;8,58;OTP FRIDAY;LUNES
2014-12-22;2014-12-23;10.50;10.29;1599;-2,00;SLL TUESDAY;LUNES
2014-12-29;2014-12-30;10.63;10.45;1547;-1,69;WEEKLY_CLOSE;LUNES
2015-01-05;2015-01-06;9.93;9.73;1626;-2,01;SLL TUESDAY;LUNES
2015-01-12;2015-01-16;10.11;9.64;1563;-4,65;WEEKLY_CLOSE;LUNES
2015-01-19;2015-01-22;9.69;10.21;1554;5,37;OTP THURSDAY;LUNES
2015-01-22;2015-01-23;10.68;11.09;1484;3,84;WEEKLY_CLOSE;NO_LUNES
2015-01-26;2015-01-27;11.05;10.82;1488;-2,08;SLL TUESDAY;LUNES
2015-02-02;2015-02-06;10.21;10.68;1575;4,60;OTP FRIDAY;LUNES
2015-02-06;2015-02-09;10.93;10.71;1537;-2,01;SLL MONDAY;NO_LUNES
2015-02-16;2015-02-19;12.01;11.76;1370;-2,08;SLL THURSDAY;LUNES
2015-02-23;2015-02-27;12.17;12.57;1322;3,29;WEEKLY_CLOSE;LUNES
2015-03-02;2015-03-06;12.57;12.65;1321;0,64;WEEKLY_CLOSE;LUNES
2015-03-09;2015-03-10;12.57;12.31;1328;-2,07;SLL TUESDAY;LUNES
2015-03-16;2015-03-17;12.06;12.64;1354;4,81;OTP TUESDAY;LUNES
2015-03-23;2015-03-27;13.06;11.70;1309;-10,41;WEEKLY_CLOSE;LUNES
2015-03-30;2015-04-02;12.15;11.74;1259;-3,37;WEEKLY_CLOSE;LUNES
2015-04-13;2015-04-14;12.88;12.62;1147;-2,02;SLL TUESDAY;LUNES
2015-04-20;2015-04-21;12.24;12.83;1181;4,82;OTP TUESDAY;LUNES
2015-04-21;2015-04-24;12.85;13.49;1178;4,98;WEEKLY_CLOSE;NO_LUNES
2015-04-27;2015-04-28;13.57;13.29;1170;-2,06;SLL TUESDAY;LUNES
2015-05-04;2015-05-08;12.83;12.46;1211;-2,88;WEEKLY_CLOSE;LUNES
2015-05-11;2015-05-15;12.78;12.47;1179;-2,43;WEEKLY_CLOSE;LUNES
2015-05-18;2015-05-21;12.63;13.24;1163;4,83;OTP THURSDAY;LUNES
2015-05-21;2015-05-22;13.18;13.29;1167;0,83;WEEKLY_CLOSE;NO_LUNES
2015-05-25;2015-05-29;12.93;13.16;1199;1,78;WEEKLY_CLOSE;LUNES
2015-06-01;2015-06-05;13.20;12.76;1194;-3,33;WEEKLY_CLOSE;LUNES
2015-06-08;2015-06-12;12.70;12.35;1198;-2,76;WEEKLY_CLOSE;LUNES
2015-06-15;2015-06-19;12.21;12.86;1211;5,32;OTP FRIDAY;LUNES
2015-06-19;2015-06-26;12.86;12.83;1210;-0,23;WEEKLY_CLOSE;NO_LUNES
2015-06-29;2015-07-03;12.00;12.25;1292;2,08;WEEKLY_CLOSE;LUNES
2015-07-06;2015-07-07;12.14;11.89;1302;-2,06;SLL TUESDAY;LUNES
2015-07-13;2015-07-14;12.03;12.87;1286;6,98;OTP TUESDAY;LUNES
2015-07-14;2015-07-17;13.11;14.03;1261;7,02;OTP FRIDAY;NO_LUNES
2015-07-17;2015-07-20;14.35;14.93;1232;4,04;OTP MONDAY;NO_LUNES
2015-07-27;2015-07-31;13.21;13.93;1391;5,45;OTP FRIDAY;LUNES
2015-08-03;2015-08-05;13.37;14.23;1448;6,43;TPH WEDNESDAY;LUNES
2015-08-10;2015-08-14;13.45;12.83;1530;-4,61;WEEKLY_CLOSE;LUNES
2015-08-17;2015-08-21;13.18;10.72;1488;-18,66;WEEKLY_CLOSE;LUNES
2015-08-24;2015-08-28;10.67;11.01;1493;3,19;WEEKLY_CLOSE;LUNES
2015-08-31;2015-09-04;10.50;10.02;1564;-4,57;WEEKLY_CLOSE;LUNES
2015-09-07;2015-09-09;10.17;11.20;1540;10,13;OTP WEDNESDAY;LUNES
2015-09-14;2015-09-16;10.73;11.17;1606;4,10;OTP WEDNESDAY;LUNES
2015-09-16;2015-09-18;11.14;10.98;1608;-1,44;WEEKLY_CLOSE;NO_LUNES
2015-09-21;2015-09-22;10.78;10.56;1637;-2,04;SLL TUESDAY;LUNES
2015-09-28;2015-10-01;10.07;9.86;1715;-2,09;SLL THURSDAY;LUNES
2015-10-05;2015-10-06;10.25;10.73;1648;4,68;OTP TUESDAY;LUNES
2015-10-12;2015-10-14;10.99;10.77;1607;-2,00;SLL WEDNESDAY;LUNES
2015-10-19;2015-10-23;11.60;12.77;1491;10,09;OTP FRIDAY;LUNES
2015-10-23;2015-10-30;13.25;13.83;1435;4,38;OTP FRIDAY;NO_LUNES
2015-10-30;2015-11-04;13.74;14.33;1443;4,29;OTP WEDNESDAY;NO_LUNES
2015-11-04;2015-11-06;14.29;14.31;1446;0,14;WEEKLY_CLOSE;NO_LUNES
2015-11-09;2015-11-13;14.65;12.95;1411;-11,60;WEEKLY_CLOSE;LUNES
2015-11-16;2015-11-18;12.82;13.54;1423;5,62;OTP WEDNESDAY;LUNES
2015-11-18;2015-11-20;13.64;14.37;1412;5,35;WEEKLY_CLOSE;NO_LUNES
2015-11-23;2015-11-27;14.50;14.44;1398;-0,41;WEEKLY_CLOSE;LUNES
2015-11-30;2015-12-03;14.59;14.29;1382;-2,06;SLL THURSDAY;LUNES
2015-12-07;2015-12-11;14.36;12.83;1374;-10,65;WEEKLY_CLOSE;LUNES
2015-12-14;2015-12-15;12.47;12.98;1412;4,09;OTP TUESDAY;LUNES
2015-12-15;2015-12-17;13.31;14.17;1376;6,46;TPH THURSDAY;NO_LUNES
2015-12-21;2015-12-23;12.81;13.24;1520;3,36;WEEKLY_CLOSE;LUNES
2015-12-28;2015-12-30;13.12;13.89;1532;5,87;OTP WEDNESDAY;LUNES
2016-01-04;2016-01-06;12.23;11.98;1739;-2,04;SLL WEDNESDAY;LUNES
2016-01-11;2016-01-13;10.54;11.29;1974;7,12;OTP WEDNESDAY;LUNES
2016-01-18;2016-01-22;9.63;10.16;2312;5,50;WEEKLY_CLOSE;LUNES
2016-01-25;2016-01-29;10.17;10.00;2308;-1,67;WEEKLY_CLOSE;LUNES
2016-02-01;2016-02-05;10.23;8.52;2254;-16,72;WEEKLY_CLOSE;LUNES
2016-02-08;2016-02-12;8.37;8.24;2292;-1,55;WEEKLY_CLOSE;LUNES
2016-02-15;2016-02-16;8.57;8.99;2201;4,90;OTP TUESDAY;LUNES
2016-02-22;2016-02-23;9.58;9.38;2064;-2,09;SLL TUESDAY;LUNES
2016-02-29;2016-03-01;9.58;10.20;2018;6,47;TPH TUESDAY;LUNES
2016-03-07;2016-03-09;10.29;10.08;1999;-2,04;SLL WEDNESDAY;LUNES
2016-03-14;2016-03-18;10.49;10.79;1919;2,86;WEEKLY_CLOSE;LUNES
2016-03-21;2016-03-24;10.76;10.69;1922;-0,65;WEEKLY_CLOSE;LUNES
2016-04-04;2016-04-08;11.57;11.15;1774;-3,63;WEEKLY_CLOSE;LUNES
2016-04-11;2016-04-14;11.21;11.73;1763;4,64;OTP THURSDAY;LUNES
2016-04-14;2016-04-15;11.78;11.78;1754;0,00;WEEKLY_CLOSE;NO_LUNES
2016-04-18;2016-04-19;11.47;11.92;1799;3,92;OTP TUESDAY;LUNES
2016-04-25;2016-04-29;11.08;9.85;1934;-11,10;WEEKLY_CLOSE;LUNES
2016-05-02;2016-05-04;10.04;9.83;1895;-2,09;SLL WEDNESDAY;LUNES
2016-05-09;2016-05-10;9.78;10.21;1903;4,40;OTP TUESDAY;LUNES
2016-05-10;2016-05-12;10.34;10.13;1877;-2,03;SLL THURSDAY;NO_LUNES
2016-05-16;2016-05-17;10.05;10.50;1890;4,48;OTP TUESDAY;LUNES
2016-05-23;2016-05-25;10.33;11.27;1919;9,10;OTP WEDNESDAY;LUNES
2016-05-25;2016-05-27;11.21;11.54;1928;2,94;WEEKLY_CLOSE;NO_LUNES
2016-05-30;2016-06-03;11.59;11.35;1917;-2,07;SLL FRIDAY;LUNES
2016-06-06;2016-06-10;11.41;11.10;1906;-2,72;WEEKLY_CLOSE;LUNES
2016-06-13;2016-06-14;10.94;10.72;1931;-2,01;SLL TUESDAY;LUNES
2016-06-20;2016-06-24;10.67;10.17;1939;-4,69;WEEKLY_CLOSE;LUNES
2016-06-27;2016-06-30;9.67;10.48;2037;8,38;OTP THURSDAY;LUNES
2016-06-30;2016-07-01;10.56;10.91;2019;3,31;WEEKLY_CLOSE;NO_LUNES
2016-07-04;2016-07-08;10.93;11.56;2014;5,76;WEEKLY_CLOSE;LUNES
2016-07-11;2016-07-15;11.75;12.06;1979;2,64;WEEKLY_CLOSE;LUNES
2016-07-18;2016-07-21;12.10;12.69;1971;4,88;OTP THURSDAY;LUNES
2016-07-21;2016-07-22;12.69;12.69;1969;0,00;WEEKLY_CLOSE;NO_LUNES
2016-07-25;2016-07-29;12.70;13.10;1965;3,15;WEEKLY_CLOSE;LUNES
2016-08-01;2016-08-05;13.16;13.73;1954;4,33;WEEKLY_CLOSE;LUNES
2016-08-08;2016-08-12;13.72;13.66;1954;-0,44;WEEKLY_CLOSE;LUNES
2016-08-22;2016-08-26;13.45;13.63;1982;1,34;WEEKLY_CLOSE;LUNES
2016-08-29;2016-09-01;13.50;13.23;1999;-2,00;SLL THURSDAY;LUNES
2016-09-05;2016-09-09;13.56;13.13;1949;-3,17;WEEKLY_CLOSE;LUNES
2016-09-12;2016-09-15;12.57;13.51;2033;7,48;OTP THURSDAY;LUNES
2016-09-15;2016-09-16;13.51;13.61;2031;0,74;WEEKLY_CLOSE;NO_LUNES
2016-09-19;2016-09-23;13.92;14.16;1984;1,72;WEEKLY_CLOSE;LUNES
2016-09-26;2016-09-30;13.69;14.11;2050;3,07;WEEKLY_CLOSE;LUNES
2016-10-03;2016-10-07;14.02;14.09;2061;0,50;WEEKLY_CLOSE;LUNES
2016-10-10;2016-10-14;14.43;13.94;2011;-3,40;WEEKLY_CLOSE;LUNES
2016-10-17;2016-10-21;13.66;14.28;2050;4,54;OTP FRIDAY;LUNES
2016-10-21;2016-10-25;14.28;14.88;2048;4,20;OTP TUESDAY;NO_LUNES
2016-10-31;2016-11-01;14.02;13.73;2171;-2,07;SLL TUESDAY;LUNES
2016-11-07;2016-11-10;13.04;14.25;2284;9,28;OTP THURSDAY;LUNES
2016-11-14;2016-11-18;13.73;14.30;2368;4,15;WEEKLY_CLOSE;LUNES
2016-11-21;2016-11-25;14.33;14.76;2361;3,00;WEEKLY_CLOSE;LUNES
2016-11-28;2016-12-02;14.50;13.65;2401;-5,86;WEEKLY_CLOSE;LUNES
2016-12-05;2016-12-09;13.80;14.61;2372;5,87;OTP FRIDAY;LUNES
2016-12-09;2016-12-12;15.03;14.72;2303;-2,06;SLL MONDAY;NO_LUNES
2016-12-19;2016-12-23;15.55;15.45;2178;-0,64;WEEKLY_CLOSE;LUNES
2017-01-02;2017-01-06;14.83;15.67;2267;5,66;OTP FRIDAY;LUNES
2017-01-06;2017-01-13;15.90;16.48;2232;3,65;WEEKLY_CLOSE;NO_LUNES
2017-01-16;2017-01-20;16.44;16.38;2235;-0,36;WEEKLY_CLOSE;LUNES
2017-01-23;2017-01-26;16.20;17.27;2258;6,60;OTP THURSDAY;LUNES
2017-01-26;2017-01-27;17.28;17.32;2254;0,23;WEEKLY_CLOSE;NO_LUNES
2017-01-30;2017-02-03;17.16;17.07;2273;-0,52;WEEKLY_CLOSE;LUNES
2017-02-06;2017-02-10;17.13;18.00;2263;5,08;OTP FRIDAY;LUNES
2017-02-10;2017-02-16;18.03;19.00;2257;5,38;OTP THURSDAY;NO_LUNES
2017-02-20;2017-02-24;19.20;19.18;2231;-0,10;WEEKLY_CLOSE;LUNES
2017-02-27;2017-03-03;19.50;19.55;2192;0,26;WEEKLY_CLOSE;LUNES
2017-03-06;2017-03-10;19.33;19.69;2215;1,86;WEEKLY_CLOSE;LUNES
2017-03-13;2017-03-17;19.65;19.84;2217;0,97;WEEKLY_CLOSE;LUNES
2017-03-20;2017-03-21;19.74;19.34;2226;-2,03;SLL TUESDAY;LUNES
2017-03-27;2017-03-29;18.56;19.76;2317;6,47;OTP WEDNESDAY;LUNES
2017-03-29;2017-03-31;19.82;20.23;2308;2,07;WEEKLY_CLOSE;NO_LUNES
2017-04-03;2017-04-06;20.20;19.79;2309;-2,03;SLL THURSDAY;LUNES
2017-04-10;2017-04-13;20.17;19.78;2263;-1,93;WEEKLY_CLOSE;LUNES
2017-04-24;2017-04-28;20.44;21.47;2188;5,04;OTP FRIDAY;LUNES
2017-04-28;2017-05-02;21.31;22.24;2202;4,36;OTP TUESDAY;NO_LUNES
2017-05-08;2017-05-12;21.84;22.41;2240;2,61;WEEKLY_CLOSE;LUNES
2017-05-15;2017-05-17;22.58;22.12;2221;-2,04;SLL WEDNESDAY;LUNES
2017-05-22;2017-05-25;21.58;22.52;2275;4,36;OTP THURSDAY;LUNES
2017-05-25;2017-05-26;22.88;23.06;2237;0,79;WEEKLY_CLOSE;NO_LUNES
2017-05-29;2017-05-31;23.15;22.68;2226;-2,03;SLL WEDNESDAY;LUNES
2017-06-05;2017-06-09;23.94;24.05;2106;0,46;WEEKLY_CLOSE;LUNES
2017-06-12;2017-06-15;22.10;21.65;2290;-2,04;SLL THURSDAY;LUNES
2017-06-19;2017-06-23;22.12;23.10;2239;4,43;OTP FRIDAY;LUNES
2017-06-23;2017-06-27;22.93;22.47;2253;-2,01;SLL TUESDAY;NO_LUNES
2017-07-03;2017-07-06;21.20;20.77;2386;-2,03;SLL THURSDAY;LUNES
2017-07-10;2017-07-13;21.20;22.33;2335;5,33;OTP THURSDAY;LUNES
2017-07-13;2017-07-14;22.41;22.61;2325;0,89;WEEKLY_CLOSE;NO_LUNES
2017-07-17;2017-07-21;22.96;23.23;2287;1,18;WEEKLY_CLOSE;LUNES
2017-07-24;2017-07-28;23.33;22.90;2275;-1,84;WEEKLY_CLOSE;LUNES
2017-07-31;2017-08-01;23.24;22.77;2239;-2,02;SLL TUESDAY;LUNES
2017-08-07;2017-08-09;23.20;22.73;2196;-2,03;SLL WEDNESDAY;LUNES
2017-08-14;2017-08-18;22.70;21.94;2196;-3,35;WEEKLY_CLOSE;LUNES
2017-08-21;2017-08-25;21.68;21.78;2220;0,46;WEEKLY_CLOSE;LUNES
2017-08-28;2017-08-31;21.96;22.83;2200;3,96;OTP THURSDAY;LUNES
2017-08-31;2017-09-01;23.43;23.62;2142;0,81;WEEKLY_CLOSE;NO_LUNES
2017-09-04;2017-09-08;23.17;22.77;2181;-1,73;WEEKLY_CLOSE;LUNES
2017-09-11;2017-09-15;23.17;23.53;2141;1,55;WEEKLY_CLOSE;LUNES
2017-09-18;2017-09-20;23.61;23.13;2132;-2,03;SLL WEDNESDAY;LUNES
2017-09-25;2017-09-29;22.74;23.39;2166;2,86;WEEKLY_CLOSE;LUNES
2017-10-02;2017-10-06;23.74;24.79;2132;4,42;OTP FRIDAY;LUNES
2017-10-06;2017-10-13;24.62;24.84;2145;0,89;WEEKLY_CLOSE;NO_LUNES
2017-10-16;2017-10-19;24.98;24.48;2130;-2,00;SLL THURSDAY;LUNES
2017-10-23;2017-10-24;25.33;24.82;2057;-2,01;SLL TUESDAY;LUNES
2017-10-30;2017-11-01;26.36;27.60;1935;4,70;OTP WEDNESDAY;LUNES
2017-11-06;2017-11-10;27.82;27.65;1918;-0,61;WEEKLY_CLOSE;LUNES
2017-11-13;2017-11-14;28.00;27.44;1892;-2,00;SLL TUESDAY;LUNES
2017-11-20;2017-11-22;27.41;28.61;1892;4,38;OTP WEDNESDAY;LUNES
2017-11-22;2017-11-24;28.47;28.53;1899;0,21;WEEKLY_CLOSE;NO_LUNES
2017-11-27;2017-11-29;28.53;27.95;1897;-2,03;SLL WEDNESDAY;LUNES
2017-12-04;2017-12-07;28.00;27.44;1892;-2,00;SLL THURSDAY;LUNES
2017-12-11;2017-12-12;27.48;28.74;1887;4,59;OTP TUESDAY;LUNES
2017-12-12;2017-12-13;28.82;28.24;1880;-2,01;SLL WEDNESDAY;NO_LUNES
2017-12-18;2017-12-20;30.30;29.69;1751;-2,01;SLL WEDNESDAY;LUNES
2018-01-08;2018-01-12;31.33;32.39;1657;3,38;WEEKLY_CLOSE;LUNES
2018-01-15;2018-01-19;32.72;33.25;1639;1,62;WEEKLY_CLOSE;LUNES
2018-01-22;2018-01-23;33.33;34.92;1633;4,77;OTP TUESDAY;LUNES
2018-01-23;2018-01-24;35.19;34.48;1619;-2,02;SLL WEDNESDAY;NO_LUNES
2018-01-29;2018-01-30;35.00;34.30;1594;-2,00;SLL TUESDAY;LUNES
2018-02-05;2018-02-09;31.33;26.09;1743;-16,73;WEEKLY_CLOSE;LUNES
2018-02-12;2018-02-14;27.46;29.07;1654;5,86;OTP WEDNESDAY;LUNES
2018-02-14;2018-02-16;29.35;31.88;1637;8,62;OTP FRIDAY;NO_LUNES
2018-02-16;2018-02-20;31.92;31.28;1633;-2,01;SLL TUESDAY;NO_LUNES
2018-02-26;2018-02-27;32.83;34.54;1555;5,21;OTP TUESDAY;LUNES
2018-02-27;2018-03-02;34.23;30.92;1567;-9,67;WEEKLY_CLOSE;NO_LUNES
2018-03-05;2018-03-06;31.19;33.23;1552;6,54;OTP TUESDAY;LUNES
2018-03-12;2018-03-14;35.67;34.95;1444;-2,02;SLL WEDNESDAY;LUNES
2018-03-19;2018-03-23;34.87;29.33;1446;-15,89;WEEKLY_CLOSE;LUNES
2018-03-26;2018-03-27;29.33;31.33;1445;6,82;OTP TUESDAY;LUNES
2018-04-09;2018-04-12;27.26;29.03;1659;6,49;TPH THURSDAY;LUNES
2018-04-16;2018-04-17;28.93;30.81;1663;6,50;TPH TUESDAY;LUNES
2018-04-23;2018-04-24;29.33;28.74;1745;-2,01;SLL TUESDAY;LUNES
2018-04-30;2018-05-03;29.85;29.25;1679;-2,01;SLL THURSDAY;LUNES
2018-05-07;2018-05-09;31.00;32.32;1582;4,26;OTP WEDNESDAY;LUNES
2018-05-09;2018-05-11;32.21;33.95;1586;5,40;OTP FRIDAY;NO_LUNES
2018-05-11;2018-05-15;33.85;33.17;1589;-2,01;SLL TUESDAY;NO_LUNES
2018-05-21;2018-05-23;33.60;32.92;1567;-2,02;SLL WEDNESDAY;LUNES
2018-05-28;2018-05-29;35.08;34.37;1469;-2,02;SLL TUESDAY;LUNES
2018-06-04;2018-06-06;36.30;37.86;1390;4,30;OTP WEDNESDAY;LUNES
2018-06-06;2018-06-07;37.67;36.91;1395;-2,02;SLL THURSDAY;NO_LUNES
2018-06-11;2018-06-14;37.10;39.51;1387;6,50;TPH THURSDAY;LUNES
2018-06-18;2018-06-21;38.66;40.40;1416;4,50;OTP THURSDAY;LUNES
2018-06-25;2018-06-29;36.66;36.26;1559;-1,09;WEEKLY_CLOSE;LUNES
2018-07-02;2018-07-03;35.20;36.73;1604;4,35;OTP TUESDAY;LUNES
2018-07-09;2018-07-13;38.28;40.00;1538;4,49;OTP FRIDAY;LUNES
2018-07-13;2018-07-20;40.87;40.88;1503;0,02;WEEKLY_CLOSE;NO_LUNES
2018-07-23;2018-07-24;39.66;41.30;1548;4,14;OTP TUESDAY;LUNES
2018-07-24;2018-07-26;41.57;40.73;1536;-2,02;SLL THURSDAY;NO_LUNES
2018-07-30;2018-08-02;38.88;38.10;1608;-2,01;SLL THURSDAY;LUNES
2018-08-06;2018-08-10;41.19;42.20;1486;2,45;WEEKLY_CLOSE;LUNES
2018-08-13;2018-08-14;41.53;42.63;1508;2,65;WEEKLY_CLOSE;LUNES
2018-08-20;2018-08-22;41.74;40.90;1539;-2,01;SLL WEDNESDAY;LUNES
2018-08-27;2018-08-30;43.02;45.00;1462;4,60;OTP THURSDAY;LUNES
2018-08-30;2018-08-31;45.19;45.30;1454;0,24;WEEKLY_CLOSE;NO_LUNES
2018-09-03;2018-09-04;45.35;44.44;1451;-2,01;SLL TUESDAY;LUNES
2018-09-10;2018-09-14;42.11;43.41;1530;3,09;WEEKLY_CLOSE;LUNES
2018-09-17;2018-09-19;42.84;41.98;1549;-2,01;SLL WEDNESDAY;LUNES
2018-09-24;2018-09-27;41.80;44.51;1554;6,48;TPH THURSDAY;LUNES
2018-10-01;2018-10-04;45.00;44.10;1535;-2,00;SLL THURSDAY;LUNES
2018-10-08;2018-10-09;40.91;40.09;1653;-2,00;SLL TUESDAY;LUNES
2018-10-15;2018-10-17;35.75;39.38;1852;10,15;OTP WEDNESDAY;LUNES
2018-10-22;2018-10-26;35.97;32.05;2026;-10,90;WEEKLY_CLOSE;LUNES
2018-10-29;2018-11-02;32.41;34.87;2001;7,59;OTP FRIDAY;LUNES
2018-11-05;2018-11-06;33.42;32.75;2086;-2,00;SLL TUESDAY;LUNES
2018-11-12;2018-11-16;35.13;31.42;1943;-10,56;WEEKLY_CLOSE;LUNES
2018-11-19;2018-11-23;31.99;27.60;1906;-13,72;WEEKLY_CLOSE;LUNES
2018-11-26;2018-11-28;27.98;29.85;1878;6,68;OTP WEDNESDAY;LUNES
2018-11-28;2018-11-29;29.89;31.83;1874;6,49;TPH THURSDAY;NO_LUNES
2018-12-03;2018-12-04;32.50;33.80;1834;4,00;OTP TUESDAY;LUNES
2018-12-10;2018-12-11;28.02;29.84;2210;6,50;TPH TUESDAY;LUNES
2018-12-17;2018-12-21;28.13;22.83;2342;-18,84;WEEKLY_CLOSE;LUNES
2019-01-07;2019-01-09;24.67;25.89;2165;4,95;OTP WEDNESDAY;LUNES
2019-01-09;2019-01-11;26.23;26.13;2135;-0,38;WEEKLY_CLOSE;NO_LUNES
2019-01-14;2019-01-16;25.63;27.10;2174;5,74;OTP WEDNESDAY;LUNES
2019-01-16;2019-01-18;27.73;29.07;2123;4,83;WEEKLY_CLOSE;NO_LUNES
2019-01-21;2019-01-22;28.52;27.94;2161;-2,03;SLL TUESDAY;LUNES
2019-01-28;2019-02-01;28.32;29.87;2130;5,47;OTP FRIDAY;LUNES
2019-02-01;2019-02-06;29.80;31.38;2133;5,30;OTP WEDNESDAY;NO_LUNES
2019-02-06;2019-02-07;31.42;30.79;2128;-2,01;SLL THURSDAY;NO_LUNES
2019-02-11;2019-02-13;30.36;31.90;2156;5,07;OTP WEDNESDAY;LUNES
2019-02-13;2019-02-14;31.83;31.19;2159;-2,01;SLL THURSDAY;NO_LUNES
2019-02-18;2019-02-21;32.43;31.78;2074;-2,00;SLL THURSDAY;LUNES
2019-02-25;2019-02-27;33.00;32.34;1995;-2,00;SLL WEDNESDAY;LUNES
2019-03-04;2019-03-05;33.97;33.29;1898;-2,00;SLL TUESDAY;LUNES
2019-03-11;2019-03-12;32.23;34.12;1958;5,86;OTP TUESDAY;LUNES
2019-03-12;2019-03-15;34.44;35.86;1938;4,12;WEEKLY_CLOSE;NO_LUNES
2019-03-18;2019-03-22;36.05;37.98;1926;5,35;OTP FRIDAY;LUNES
2019-03-25;2019-03-29;35.32;36.58;2069;3,57;WEEKLY_CLOSE;LUNES
2019-04-01;2019-04-04;37.77;39.28;2002;4,00;OTP THURSDAY;LUNES
2019-04-04;2019-04-05;39.06;39.82;2011;1,95;WEEKLY_CLOSE;NO_LUNES
2019-04-08;2019-04-12;39.71;39.92;2014;0,53;WEEKLY_CLOSE;LUNES
2019-04-15;2019-04-18;39.80;41.07;2019;3,19;WEEKLY_CLOSE;LUNES
2019-04-29;2019-04-30;43.92;43.04;1886;-2,00;SLL TUESDAY;LUNES
2019-05-06;2019-05-07;41.37;40.54;1960;-2,01;SLL TUESDAY;LUNES
2019-05-13;2019-05-17;38.07;39.69;2085;4,26;WEEKLY_CLOSE;LUNES
2019-05-20;2019-05-24;38.64;35.29;2139;-8,67;WEEKLY_CLOSE;LUNES
2019-05-27;2019-05-31;35.51;33.54;2124;-5,55;WEEKLY_CLOSE;LUNES
2019-06-03;2019-06-06;32.16;33.76;2213;4,98;OTP THURSDAY;LUNES
2019-06-06;2019-06-07;33.81;36.00;2208;6,48;TPH FRIDAY;NO_LUNES
2019-06-10;2019-06-11;36.67;38.33;2165;4,53;OTP TUESDAY;LUNES
2019-06-17;2019-06-18;37.54;39.98;2208;6,50;TPH TUESDAY;LUNES
2019-06-24;2019-06-25;41.06;40.23;2148;-2,02;SLL TUESDAY;LUNES
2019-07-01;2019-07-05;41.60;42.21;2075;1,47;WEEKLY_CLOSE;LUNES
2019-07-08;2019-07-11;42.12;43.87;2078;4,15;OTP THURSDAY;LUNES
2019-07-11;2019-07-12;44.10;43.99;2065;-0,25;WEEKLY_CLOSE;NO_LUNES
2019-07-15;2019-07-19;44.32;43.88;2047;-0,99;WEEKLY_CLOSE;LUNES
2019-07-22;2019-07-24;42.63;44.33;2105;3,99;OTP WEDNESDAY;LUNES
2019-07-24;2019-07-26;44.94;45.74;2075;1,78;WEEKLY_CLOSE;NO_LUNES
2019-07-29;2019-07-30;45.57;44.65;2080;-2,02;SLL TUESDAY;LUNES
2019-08-05;2019-08-08;39.00;38.22;2379;-2,00;SLL THURSDAY;LUNES
2019-08-12;2019-08-14;39.96;39.16;2273;-2,00;SLL WEDNESDAY;LUNES
2019-08-19;2019-08-23;39.90;39.10;2229;-2,01;SLL FRIDAY;LUNES
2019-08-26;2019-08-29;37.56;40.00;2318;6,50;TPH THURSDAY;LUNES
2019-09-02;2019-09-03;39.63;38.83;2337;-2,02;SLL TUESDAY;LUNES
2019-09-09;2019-09-13;42.77;43.06;2120;0,68;WEEKLY_CLOSE;LUNES
2019-09-16;2019-09-20;42.27;42.97;2157;1,66;WEEKLY_CLOSE;LUNES
2019-09-23;2019-09-24;42.45;41.60;2182;-2,00;SLL TUESDAY;LUNES
2019-09-30;2019-10-02;40.44;39.63;2242;-2,00;SLL WEDNESDAY;LUNES
2019-10-07;2019-10-08;40.23;39.42;2206;-2,01;SLL TUESDAY;LUNES
2019-10-14;2019-10-18;42.02;42.33;2068;0,74;WEEKLY_CLOSE;LUNES
2019-10-21;2019-10-25;41.97;44.44;2083;5,89;WEEKLY_CLOSE;LUNES
2019-10-28;2019-11-01;44.83;45.73;2063;2,01;WEEKLY_CLOSE;LUNES
2019-11-04;2019-11-08;46.71;48.11;2018;3,00;WEEKLY_CLOSE;LUNES
2019-11-11;2019-11-15;47.93;49.39;2023;3,05;WEEKLY_CLOSE;LUNES
2019-11-18;2019-11-22;49.84;48.84;2003;-2,01;SLL FRIDAY;LUNES
2019-11-25;2019-11-27;49.33;51.45;1981;4,30;OTP WEDNESDAY;LUNES
2019-11-27;2019-11-29;51.73;51.46;1968;-0,52;WEEKLY_CLOSE;NO_LUNES
2019-12-02;2019-12-06;51.84;50.72;1952;-2,16;WEEKLY_CLOSE;LUNES
2019-12-09;2019-12-10;50.67;49.65;1952;-2,01;SLL TUESDAY;LUNES
2019-12-16;2019-12-20;52.66;54.96;1839;4,37;OTP FRIDAY;LUNES
2019-12-20;2019-12-23;55.82;56.36;1808;0,97;WEEKLY_CLOSE;NO_LUNES
2019-12-30;2020-01-03;57.16;57.67;1781;0,89;WEEKLY_CLOSE;LUNES
2020-01-06;2020-01-09;56.77;61.14;1808;7,70;OTP THURSDAY;LUNES
2020-01-09;2020-01-10;61.60;62.03;1792;0,70;WEEKLY_CLOSE;NO_LUNES
2020-01-13;2020-01-17;61.76;64.51;1799;4,45;OTP FRIDAY;LUNES
2020-01-17;2020-01-24;64.58;67.70;1795;4,83;OTP FRIDAY;NO_LUNES
2020-01-27;2020-01-31;62.65;65.82;1938;5,06;OTP FRIDAY;LUNES
2020-02-03;2020-02-04;63.06;67.15;2020;6,49;TPH TUESDAY;LUNES
2020-02-10;2020-02-11;71.40;74.64;1898;4,54;OTP TUESDAY;LUNES
2020-02-11;2020-02-13;75.09;73.58;1885;-2,01;SLL THURSDAY;NO_LUNES
2020-02-17;2020-02-20;77.80;76.24;1781;-2,01;SLL THURSDAY;LUNES
2020-02-24;2020-02-28;68.28;48.67;1986;-28,72;WEEKLY_CLOSE;LUNES
2020-03-02;2020-03-03;52.62;56.67;1836;7,70;OTP TUESDAY;LUNES
2020-03-09;2020-03-10;41.00;40.18;2535;-2,00;SLL TUESDAY;LUNES
2020-03-16;2020-03-20;30.17;29.56;3373;-2,02;SLL FRIDAY;LUNES
2020-03-23;2020-03-24;21.72;25.88;4586;19,15;OTP TUESDAY;LUNES
2020-03-24;2020-03-25;29.07;30.39;4079;4,54;OTP WEDNESDAY;NO_LUNES
2020-03-25;2020-03-27;30.33;29.72;4083;-2,01;SLL FRIDAY;NO_LUNES
2020-03-30;2020-03-31;28.93;32.67;4190;12,93;OTP TUESDAY;LUNES
2020-03-31;2020-04-03;33.59;28.88;4071;-14,02;WEEKLY_CLOSE;NO_LUNES
2020-04-06;2020-04-07;32.20;35.93;3648;11,58;OTP TUESDAY;LUNES
2020-04-07;2020-04-09;35.76;36.23;3661;1,31;WEEKLY_CLOSE;NO_LUNES
2020-04-20;2020-04-24;44.32;42.02;2990;-5,19;WEEKLY_CLOSE;LUNES
2020-04-27;2020-04-28;44.92;44.02;2794;-2,00;SLL TUESDAY;LUNES
2020-05-04;2020-05-05;41.72;44.65;2945;7,02;OTP TUESDAY;LUNES
2020-05-05;2020-05-08;46.48;49.98;2826;7,53;OTP FRIDAY;NO_LUNES
2020-05-08;2020-05-15;49.72;48.72;2838;-2,01;SLL FRIDAY;NO_LUNES
2020-05-18;2020-05-19;50.11;52.56;2757;4,89;OTP TUESDAY;LUNES
2020-05-19;2020-05-20;52.70;51.64;2747;-2,01;SLL WEDNESDAY;NO_LUNES
2020-05-25;2020-05-27;53.82;52.74;2633;-2,01;SLL WEDNESDAY;LUNES
2020-06-01;2020-06-05;54.00;57.51;2569;6,50;TPH FRIDAY;LUNES
2020-06-08;2020-06-10;57.63;60.74;2561;5,40;OTP WEDNESDAY;LUNES
2020-06-10;2020-06-12;61.81;54.30;2514;-12,15;WEEKLY_CLOSE;NO_LUNES
2020-06-15;2020-06-16;50.79;57.97;2685;14,14;OTP TUESDAY;LUNES
2020-06-16;2020-06-19;59.42;61.90;2617;4,17;OTP FRIDAY;NO_LUNES
2020-06-19;2020-06-24;62.41;61.16;2593;-2,00;SLL WEDNESDAY;NO_LUNES
2020-06-29;2020-06-30;57.90;60.60;2736;4,66;OTP TUESDAY;LUNES
2020-06-30;2020-07-02;61.87;65.87;2677;6,47;OTP THURSDAY;NO_LUNES
2020-07-02;2020-07-03;67.08;66.76;2626;-0,48;WEEKLY_CLOSE;NO_LUNES
2020-07-06;2020-07-09;69.23;72.48;2530;4,69;OTP THURSDAY;LUNES
2020-07-13;2020-07-17;77.40;70.70;2367;-8,66;WEEKLY_CLOSE;LUNES
2020-07-20;2020-07-21;69.43;79.06;2408;13,87;OTP TUESDAY;LUNES
2020-07-27;2020-07-28;66.91;70.00;2842;4,62;OTP TUESDAY;LUNES
2020-08-03;2020-08-04;74.41;77.43;2671;4,06;OTP TUESDAY;LUNES
2020-08-10;2020-08-11;77.86;76.30;2654;-2,00;SLL TUESDAY;LUNES
2020-08-17;2020-08-19;78.95;82.65;2562;4,69;OTP WEDNESDAY;LUNES
2020-08-19;2020-08-21;83.27;86.71;2540;4,13;WEEKLY_CLOSE;NO_LUNES
2020-08-24;2020-08-27;88.50;96.23;2486;8,73;OTP THURSDAY;LUNES
2020-08-27;2020-08-28;97.39;95.44;2454;-2,00;SLL FRIDAY;NO_LUNES
2020-08-31;2020-09-02;97.92;106.01;2390;8,26;OTP WEDNESDAY;LUNES
2020-09-07;2020-09-08;81.87;85.59;3091;4,54;OTP TUESDAY;LUNES
2020-09-14;2020-09-16;78.17;82.98;3381;6,15;OTP WEDNESDAY;LUNES
2020-09-21;2020-09-23;71.10;76.33;3942;7,36;OTP WEDNESDAY;LUNES
2020-09-28;2020-10-01;78.16;82.97;3846;6,15;OTP THURSDAY;LUNES
2020-10-01;2020-10-02;84.35;80.00;3779;-5,16;WEEKLY_CLOSE;NO_LUNES
2020-10-05;2020-10-08;79.61;83.95;3794;5,45;OTP THURSDAY;LUNES
2020-10-12;2020-10-13;88.15;94.72;3610;7,45;OTP TUESDAY;LUNES
2020-10-13;2020-10-14;97.75;95.79;3494;-2,01;SLL WEDNESDAY;NO_LUNES
2020-10-19;2020-10-23;91.98;83.65;3636;-9,06;WEEKLY_CLOSE;LUNES
2020-10-26;2020-10-28;82.83;81.17;3668;-2,00;SLL WEDNESDAY;LUNES
2020-11-02;2020-11-04;73.59;79.81;4042;8,45;OTP WEDNESDAY;LUNES
2020-11-04;2020-11-05;86.67;91.67;3718;5,77;OTP THURSDAY;NO_LUNES
2020-11-05;2020-11-06;92.46;90.61;3682;-2,00;SLL FRIDAY;NO_LUNES
2020-11-16;2020-11-18;90.49;88.68;3684;-2,00;SLL WEDNESDAY;LUNES
2020-11-23;2020-11-25;88.97;92.60;3668;4,08;OTP WEDNESDAY;LUNES
2020-11-25;2020-11-27;92.53;96.13;3667;3,89;WEEKLY_CLOSE;NO_LUNES
2020-11-30;2020-12-03;94.53;98.97;3725;4,70;OTP THURSDAY;LUNES
2020-12-03;2020-12-04;99.23;99.83;3712;0,60;WEEKLY_CLOSE;NO_LUNES
2020-12-07;2020-12-11;100.24;94.55;3693;-5,68;WEEKLY_CLOSE;LUNES
2020-12-14;2020-12-16;97.34;101.78;3584;4,56;OTP WEDNESDAY;LUNES
2020-12-16;2020-12-18;102.44;103.14;3557;0,68;WEEKLY_CLOSE;NO_LUNES
2020-12-21;2020-12-23;104.16;103.22;3519;-0,90;WEEKLY_CLOSE;LUNES
2020-12-28;2020-12-30;105.56;107.06;3437;1,42;WEEKLY_CLOSE;LUNES
2021-01-04;2021-01-08;108.96;111.25;3374;2,10;WEEKLY_CLOSE;LUNES
2021-01-11;2021-01-15;112.56;107.95;3331;-4,10;WEEKLY_CLOSE;LUNES
2021-01-18;2021-01-20;106.36;112.24;3378;5,53;OTP WEDNESDAY;LUNES
2021-01-20;2021-01-22;117.70;119.73;3218;1,72;WEEKLY_CLOSE;NO_LUNES
2021-01-25;2021-01-27;122.94;120.48;3131;-2,00;SLL WEDNESDAY;LUNES
2021-02-01;2021-02-02;110.84;119.30;3399;7,63;OTP TUESDAY;LUNES
2021-02-02;2021-02-05;122.28;127.70;3313;4,43;OTP FRIDAY;NO_LUNES
2021-02-08;2021-02-10;128.84;126.26;3281;-2,00;SLL WEDNESDAY;LUNES
2021-02-15;2021-02-17;132.90;130.24;3114;-2,00;SLL WEDNESDAY;LUNES
2021-02-22;2021-02-26;121.52;109.74;3334;-9,69;WEEKLY_CLOSE;LUNES
2021-03-01;2021-03-03;112.66;110.40;3244;-2,01;SLL WEDNESDAY;LUNES
2021-03-08;2021-03-09;97.46;103.79;3671;6,49;TPH TUESDAY;LUNES
2021-03-15;2021-03-16;106.62;112.64;3570;5,65;OTP TUESDAY;LUNES
2021-03-16;2021-03-17;114.63;112.33;3505;-2,01;SLL WEDNESDAY;NO_LUNES
2021-03-22;2021-03-23;107.00;113.95;3676;6,50;TPH TUESDAY;LUNES
2021-03-29;2021-03-30;107.62;105.46;3888;-2,01;SLL TUESDAY;LUNES
2021-04-12;2021-04-16;130.24;134.47;3145;3,25;WEEKLY_CLOSE;LUNES
2021-04-19;2021-04-23;135.72;131.10;3113;-3,40;WEEKLY_CLOSE;LUNES
2021-04-26;2021-04-30;131.02;130.60;3112;-0,32;WEEKLY_CLOSE;LUNES
2021-05-03;2021-05-07;130.56;126.56;3109;-3,06;WEEKLY_CLOSE;LUNES
2021-05-10;2021-05-14;123.32;113.96;3188;-7,59;WEEKLY_CLOSE;LUNES
2021-05-17;2021-05-18;114.65;112.35;3166;-2,01;SLL TUESDAY;LUNES
2021-05-24;2021-05-25;115.88;122.54;3066;5,75;OTP TUESDAY;LUNES
2021-05-31;2021-06-01;122.55;120.09;3063;-2,01;SLL TUESDAY;LUNES
2021-06-07;2021-06-10;124.02;121.53;2963;-2,01;SLL THURSDAY;LUNES
2021-06-14;2021-06-18;132.16;139.20;2722;5,33;OTP FRIDAY;LUNES
2021-06-21;2021-06-23;135.77;141.98;2788;4,57;OTP WEDNESDAY;LUNES
2021-06-23;2021-06-25;141.09;143.51;2802;1,72;WEEKLY_CLOSE;NO_LUNES
2021-06-28;2021-06-30;143.86;150.82;2793;4,84;OTP WEDNESDAY;LUNES
2021-06-30;2021-07-02;150.43;153.26;2797;1,88;WEEKLY_CLOSE;NO_LUNES
2021-07-05;2021-07-08;154.75;151.65;2768;-2,00;SLL THURSDAY;LUNES
2021-07-12;2021-07-16;158.92;156.17;2638;-1,73;WEEKLY_CLOSE;LUNES
2021-07-19;2021-07-20;154.37;151.28;2666;-2,00;SLL TUESDAY;LUNES
2021-07-26;2021-07-27;168.97;165.59;2385;-2,00;SLL TUESDAY;LUNES
2021-08-02;2021-08-03;165.65;162.33;2382;-2,00;SLL TUESDAY;LUNES
2021-08-09;2021-08-13;167.71;168.77;2303;0,63;WEEKLY_CLOSE;LUNES
2021-08-16;2021-08-17;168.40;165.03;2306;-2,00;SLL TUESDAY;LUNES
2021-08-23;2021-08-24;170.66;178.16;2227;4,39;OTP TUESDAY;LUNES
2021-08-24;2021-08-27;176.97;177.90;2240;0,53;WEEKLY_CLOSE;NO_LUNES
2021-08-30;2021-08-31;179.42;186.95;2219;4,20;OTP TUESDAY;LUNES
2021-09-06;2021-09-08;187.20;183.45;2214;-2,00;SLL WEDNESDAY;LUNES
2021-09-13;2021-09-14;181.26;177.63;2238;-2,00;SLL TUESDAY;LUNES
2021-09-20;2021-09-24;172.97;172.86;2296;-0,06;WEEKLY_CLOSE;LUNES
2021-09-27;2021-10-01;178.18;156.10;2225;-12,39;WEEKLY_CLOSE;LUNES
2021-10-04;2021-10-07;155.90;163.04;2226;4,58;OTP THURSDAY;LUNES
2021-10-07;2021-10-08;166.14;162.81;2182;-2,00;SLL FRIDAY;NO_LUNES
2021-10-11;2021-10-15;158.28;168.19;2243;6,26;OTP FRIDAY;LUNES
2021-10-15;2021-10-20;169.70;178.31;2220;5,07;OTP WEDNESDAY;NO_LUNES
2021-10-20;2021-10-22;178.99;176.50;2210;-1,39;WEEKLY_CLOSE;NO_LUNES
2021-10-25;2021-10-26;178.12;185.87;2187;4,35;OTP TUESDAY;LUNES
2021-10-26;2021-10-29;186.77;192.06;2175;2,83;WEEKLY_CLOSE;NO_LUNES
2021-11-01;2021-11-04;197.06;208.52;2117;5,82;OTP THURSDAY;LUNES
2021-11-04;2021-11-05;213.54;217.79;2065;1,99;WEEKLY_CLOSE;NO_LUNES
2021-11-08;2021-11-09;213.47;209.20;2105;-2,00;SLL TUESDAY;LUNES
2021-11-15;2021-11-19;211.58;226.85;2079;7,22;OTP FRIDAY;LUNES
2021-11-19;2021-11-26;229.47;208.13;2054;-9,30;WEEKLY_CLOSE;NO_LUNES
2021-11-29;2021-12-03;213.57;193.57;1999;-9,36;WEEKLY_CLOSE;LUNES
2021-12-06;2021-12-07;195.79;204.36;1975;4,38;OTP TUESDAY;LUNES
2021-12-07;2021-12-10;215.83;210.75;1868;-2,35;WEEKLY_CLOSE;NO_LUNES
2021-12-13;2021-12-16;217.40;213.05;1809;-2,00;SLL THURSDAY;LUNES
2021-12-20;2021-12-22;188.10;200.88;2047;6,79;OTP WEDNESDAY;LUNES
2021-12-22;2021-12-23;206.61;214.13;1988;3,64;WEEKLY_CLOSE;NO_LUNES
2021-12-27;2021-12-28;214.00;223.10;1987;4,25;OTP TUESDAY;LUNES
2021-12-28;2021-12-29;221.18;216.75;2002;-2,00;SLL WEDNESDAY;NO_LUNES
2022-01-03;2022-01-04;216.86;212.52;1999;-2,00;SLL TUESDAY;LUNES
2022-01-10;2022-01-11;187.70;183.94;2262;-2,00;SLL TUESDAY;LUNES
2022-01-17;2022-01-21;182.53;158.19;2277;-13,33;WEEKLY_CLOSE;LUNES
2022-01-24;2022-01-28;149.30;141.15;2410;-5,46;WEEKLY_CLOSE;LUNES
2022-01-31;2022-02-01;147.80;160.78;2299;8,78;OTP TUESDAY;LUNES
2022-02-01;2022-02-02;160.40;168.84;2302;5,26;OTP WEDNESDAY;NO_LUNES
2022-02-07;2022-02-10;151.06;160.80;2571;6,45;OTP THURSDAY;LUNES
2022-02-14;2022-02-15;137.11;146.02;3012;6,50;TPH TUESDAY;LUNES
2022-02-21;2022-02-25;132.00;133.82;3329;1,38;WEEKLY_CLOSE;LUNES
2022-02-28;2022-03-01;130.88;138.36;3400;5,72;OTP TUESDAY;LUNES
2022-03-07;2022-03-10;122.48;120.03;3837;-2,00;SLL THURSDAY;LUNES
2022-03-14;2022-03-16;114.21;120.85;4029;5,81;OTP WEDNESDAY;LUNES
2022-03-16;2022-03-18;124.33;129.96;3912;4,53;OTP FRIDAY;NO_LUNES
2022-03-18;2022-03-22;137.50;146.43;3694;6,49;TPH TUESDAY;NO_LUNES
2022-03-28;2022-03-29;150.75;159.27;3584;5,65;OTP TUESDAY;LUNES
2022-03-29;2022-03-31;161.54;158.30;3530;-2,01;SLL THURSDAY;NO_LUNES
2022-04-04;2022-04-05;154.52;163.93;3613;6,09;OTP TUESDAY;LUNES
2022-04-11;2022-04-14;136.85;134.11;4324;-2,00;SLL THURSDAY;LUNES
2022-04-25;2022-04-26;109.64;116.96;5284;6,68;OTP TUESDAY;LUNES
2022-05-02;2022-05-05;103.62;114.90;5958;10,89;OTP THURSDAY;LUNES
2022-05-09;2022-05-13;94.41;88.24;7244;-6,54;WEEKLY_CLOSE;LUNES
2022-05-16;2022-05-18;87.08;85.33;7333;-2,01;SLL WEDNESDAY;LUNES
2022-05-23;2022-05-27;78.69;82.61;7944;4,98;OTP FRIDAY;LUNES
2022-05-27;2022-05-30;89.01;94.60;7365;6,28;OTP MONDAY;NO_LUNES
2022-06-06;2022-06-09;89.95;88.15;7738;-2,00;SLL THURSDAY;LUNES
2022-06-13;2022-06-17;70.07;63.11;9725;-9,93;WEEKLY_CLOSE;LUNES
2022-06-20;2022-06-21;64.51;68.70;9505;6,50;TPH TUESDAY;LUNES
2022-06-27;2022-06-28;78.01;76.44;8362;-2,01;SLL TUESDAY;LUNES
2022-07-04;2022-07-05;67.62;66.26;9443;-2,01;SLL TUESDAY;LUNES
2022-07-11;2022-07-15;78.10;77.33;8004;-0,99;WEEKLY_CLOSE;LUNES
2022-07-18;2022-07-20;79.97;85.16;7732;6,49;TPH WEDNESDAY;LUNES
2022-07-25;2022-07-29;85.20;94.39;7720;10,79;OTP FRIDAY;LUNES
2022-08-01;2022-08-02;94.94;93.04;7668;-2,00;SLL TUESDAY;LUNES
2022-08-08;2022-08-12;103.20;106.44;6906;3,14;WEEKLY_CLOSE;LUNES
2022-08-22;2022-08-26;101.44;99.41;7239;-2,00;SLL FRIDAY;LUNES
2022-08-29;2022-08-30;87.38;85.63;8228;-2,00;SLL TUESDAY;LUNES
2022-09-05;2022-09-06;79.43;77.84;8861;-2,00;SLL TUESDAY;LUNES
2022-09-12;2022-09-13;87.18;85.43;7904;-2,01;SLL TUESDAY;LUNES
2022-09-19;2022-09-20;70.97;74.16;9505;4,49;OTP TUESDAY;LUNES
2022-09-26;2022-09-27;63.70;66.32;11055;4,11;OTP TUESDAY;LUNES
2022-10-03;2022-10-04;57.67;63.99;12700;10,96;OTP TUESDAY;LUNES
2022-10-04;2022-10-06;66.85;65.51;12144;-2,00;SLL THURSDAY;NO_LUNES
2022-10-10;2022-10-14;58.13;56.96;13673;-2,01;SLL FRIDAY;LUNES
2022-10-17;2022-10-18;55.06;60.58;14130;10,03;OTP TUESDAY;LUNES
2022-10-24;2022-10-27;62.31;61.06;13724;-2,01;SLL THURSDAY;LUNES
2022-10-31;2022-11-01;63.50;62.23;13184;-2,00;SLL TUESDAY;LUNES
2022-11-07;2022-11-08;52.31;55.71;15668;6,50;TPH TUESDAY;LUNES
2022-11-14;2022-11-15;63.76;67.90;13676;6,49;TPH TUESDAY;LUNES
2022-11-21;2022-11-24;61.92;64.72;14982;4,52;OTP THURSDAY;LUNES
2022-11-24;2022-11-25;65.20;63.89;14857;-2,01;SLL FRIDAY;NO_LUNES
2022-11-28;2022-11-29;61.77;60.53;15351;-2,01;SLL TUESDAY;LUNES
2022-12-05;2022-12-09;64.58;60.21;14374;-6,77;WEEKLY_CLOSE;LUNES
2022-12-12;2022-12-13;58.41;60.87;14803;4,21;OTP TUESDAY;LUNES
2022-12-13;2022-12-16;64.30;52.91;13999;-17,71;WEEKLY_CLOSE;NO_LUNES
2022-12-19;2022-12-22;53.21;52.14;13906;-2,01;SLL THURSDAY;LUNES
2023-01-02;2023-01-03;48.67;47.69;14883;-2,01;SLL TUESDAY;LUNES
2023-01-09;2023-01-12;49.14;53.39;14429;8,65;OTP THURSDAY;LUNES
2023-01-12;2023-01-13;52.95;53.26;14534;0,59;WEEKLY_CLOSE;NO_LUNES
2023-01-16;2023-01-20;54.67;53.95;14145;-1,32;WEEKLY_CLOSE;LUNES
2023-01-23;2023-01-24;55.54;59.20;13727;6,59;OTP TUESDAY;LUNES
2023-01-24;2023-01-25;59.02;57.83;13755;-2,02;SLL WEDNESDAY;NO_LUNES
2023-01-30;2023-02-02;62.22;67.65;12772;8,73;OTP THURSDAY;LUNES
2023-02-02;2023-02-03;72.84;74.07;11850;1,69;WEEKLY_CLOSE;NO_LUNES
2023-02-06;2023-02-08;69.24;72.81;12664;5,16;OTP WEDNESDAY;LUNES
2023-02-13;2023-02-14;65.77;68.96;14005;4,85;OTP TUESDAY;LUNES
2023-02-20;2023-02-21;66.60;65.26;14487;-2,01;SLL TUESDAY;LUNES
2023-02-27;2023-03-01;62.20;60.95;15184;-2,01;SLL WEDNESDAY;LUNES
2023-03-06;2023-03-07;65.83;64.51;14045;-2,01;SLL TUESDAY;LUNES
2023-03-13;2023-03-14;60.46;59.25;14971;-2,00;SLL TUESDAY;LUNES
2023-03-20;2023-03-22;67.50;70.46;13128;4,39;OTP WEDNESDAY;LUNES
2023-03-22;2023-03-24;71.23;69.80;12973;-2,01;SLL FRIDAY;NO_LUNES
2023-03-27;2023-03-31;72.30;75.75;12512;4,77;WEEKLY_CLOSE;LUNES
2023-04-03;2023-04-05;76.76;75.22;12335;-2,01;SLL WEDNESDAY;LUNES
2023-04-17;2023-04-19;74.90;73.40;12375;-2,00;SLL WEDNESDAY;LUNES
2023-04-24;2023-04-25;72.23;70.78;12563;-2,01;SLL TUESDAY;LUNES
2023-05-08;2023-05-11;76.13;79.22;11668;4,06;OTP THURSDAY;LUNES
2023-05-11;2023-05-12;79.40;78.67;11630;-0,92;WEEKLY_CLOSE;NO_LUNES
2023-05-15;2023-05-18;79.40;83.53;11512;5,20;OTP THURSDAY;LUNES
2023-05-18;2023-05-19;87.29;87.60;11005;0,36;WEEKLY_CLOSE;NO_LUNES
2023-05-22;2023-05-26;87.74;93.44;10976;6,50;TPH FRIDAY;LUNES
2023-05-29;2023-05-31;99.02;97.03;10347;-2,01;SLL WEDNESDAY;LUNES
2023-06-05;2023-06-09;101.80;101.66;9853;-0,14;WEEKLY_CLOSE;LUNES
2023-06-12;2023-06-13;102.98;107.95;9717;4,83;OTP TUESDAY;LUNES
2023-06-13;2023-06-16;108.53;112.98;9655;4,10;OTP FRIDAY;NO_LUNES
2023-06-16;2023-06-19;113.21;110.94;9626;-2,01;SLL MONDAY;NO_LUNES
2023-06-26;2023-06-30;106.90;112.24;9980;5,00;WEEKLY_CLOSE;LUNES
2023-07-03;2023-07-06;113.29;111.02;9877;-2,00;SLL THURSDAY;LUNES
2023-07-10;2023-07-12;107.26;114.23;10213;6,50;TPH WEDNESDAY;LUNES
2023-07-17;2023-07-19;117.20;123.79;9944;5,62;OTP WEDNESDAY;LUNES
2023-07-19;2023-07-21;125.60;116.94;9791;-6,89;WEEKLY_CLOSE;NO_LUNES
2023-07-24;2023-07-27;115.17;122.65;9932;6,49;TPH THURSDAY;LUNES
2023-07-31;2023-08-04;122.55;115.75;9930;-5,55;WEEKLY_CLOSE;LUNES
2023-08-07;2023-08-08;113.62;111.34;10106;-2,01;SLL TUESDAY;LUNES
2023-08-14;2023-08-17;106.78;104.64;10527;-2,00;SLL THURSDAY;LUNES
2023-08-21;2023-08-22;100.31;104.95;10971;4,63;OTP TUESDAY;LUNES
2023-08-22;2023-08-24;106.16;114.35;10835;7,71;OTP THURSDAY;NO_LUNES
2023-08-28;2023-08-29;105.69;112.55;11711;6,49;TPH TUESDAY;LUNES
2023-09-04;2023-09-06;117.90;115.54;11168;-2,00;SLL WEDNESDAY;LUNES
2023-09-11;2023-09-13;114.95;112.65;11214;-2,00;SLL WEDNESDAY;LUNES
2023-09-18;2023-09-19;112.22;109.97;11246;-2,00;SLL TUESDAY;LUNES
2023-09-25;2023-09-26;101.67;99.63;12152;-2,01;SLL TUESDAY;LUNES
2023-10-02;2023-10-03;103.34;101.27;11704;-2,00;SLL TUESDAY;LUNES
2023-10-09;2023-10-10;104.34;111.12;11348;6,50;TPH TUESDAY;LUNES
2023-10-16;2023-10-17;107.91;105.75;11674;-2,00;SLL TUESDAY;LUNES
2023-10-23;2023-10-27;97.55;90.83;12643;-6,89;WEEKLY_CLOSE;LUNES
2023-10-30;2023-11-02;91.47;99.45;12542;8,72;OTP THURSDAY;LUNES
2023-11-02;2023-11-03;101.92;105.77;12226;3,78;WEEKLY_CLOSE;NO_LUNES
2023-11-06;2023-11-09;105.85;110.15;12204;4,06;OTP THURSDAY;LUNES
2023-11-09;2023-11-10;110.69;111.63;12133;0,85;WEEKLY_CLOSE;NO_LUNES
2023-11-13;2023-11-15;113.56;120.00;11914;5,67;OTP WEDNESDAY;LUNES
2023-11-15;2023-11-16;120.64;118.22;11839;-2,01;SLL THURSDAY;NO_LUNES
2023-11-20;2023-11-24;118.51;121.40;11799;2,44;WEEKLY_CLOSE;LUNES
2023-11-27;2023-12-01;120.84;121.16;11841;0,26;WEEKLY_CLOSE;LUNES
2023-12-04;2023-12-08;120.97;124.45;11848;2,88;WEEKLY_CLOSE;LUNES
2023-12-11;2023-12-13;124.56;132.23;11826;6,16;OTP WEDNESDAY;LUNES
2023-12-13;2023-12-15;132.18;137.08;11819;3,71;WEEKLY_CLOSE;NO_LUNES
2023-12-18;2023-12-22;136.04;138.74;11897;1,98;WEEKLY_CLOSE;LUNES
2024-01-08;2024-01-09;126.79;133.64;13005;5,40;OTP TUESDAY;LUNES
2024-01-09;2024-01-12;134.75;138.77;12885;2,98;WEEKLY_CLOSE;NO_LUNES
2024-01-15;2024-01-17;139.40;136.61;12814;-2,00;SLL WEDNESDAY;LUNES
2024-01-22;2024-01-26;153.54;156.60;11390;1,99;WEEKLY_CLOSE;LUNES
2024-01-29;2024-01-31;155.27;152.16;11476;-2,00;SLL WEDNESDAY;LUNES
2024-02-05;2024-02-09;159.79;167.44;10917;4,79;WEEKLY_CLOSE;LUNES
2024-02-12;2024-02-13;168.67;165.29;10826;-2,00;SLL TUESDAY;LUNES
2024-02-19;2024-02-20;161.30;158.07;11083;-2,00;SLL TUESDAY;LUNES
2024-02-26;2024-02-29;165.54;162.22;10572;-2,01;SLL THURSDAY;LUNES
2024-03-04;2024-03-08;176.25;172.72;9721;-2,00;SLL FRIDAY;LUNES
2024-03-11;2024-03-15;165.23;161.92;10152;-2,00;SLL FRIDAY;LUNES
2024-03-18;2024-03-21;162.90;175.66;10081;7,83;OTP THURSDAY;LUNES
2024-03-21;2024-03-22;178.39;174.82;9916;-2,00;SLL FRIDAY;NO_LUNES
2024-03-25;2024-03-27;174.81;171.31;9907;-2,00;SLL WEDNESDAY;LUNES
2024-04-08;2024-04-09;167.09;163.74;10147;-2,00;SLL TUESDAY;LUNES
2024-04-15;2024-04-19;169.54;144.05;9790;-15,03;WEEKLY_CLOSE;LUNES
2024-04-22;2024-04-24;143.41;153.98;9824;7,37;OTP WEDNESDAY;LUNES
2024-04-29;2024-04-30;157.86;154.70;9573;-2,00;SLL TUESDAY;LUNES
2024-05-06;2024-05-10;159.74;166.42;9262;4,18;OTP FRIDAY;LUNES
2024-05-10;2024-05-16;165.74;177.21;9290;6,92;OTP THURSDAY;NO_LUNES
2024-05-16;2024-05-17;178.20;175.46;9230;-1,54;WEEKLY_CLOSE;NO_LUNES
2024-05-20;2024-05-23;175.80;184.39;9202;4,89;OTP THURSDAY;LUNES
2024-05-23;2024-05-24;183.36;182.91;9245;-0,25;WEEKLY_CLOSE;NO_LUNES
2024-05-27;2024-05-31;182.19;166.64;9272;-8,54;WEEKLY_CLOSE;LUNES
2024-06-03;2024-06-04;175.92;172.40;8774;-2,00;SLL TUESDAY;LUNES
2024-06-10;2024-06-12;187.57;199.76;8057;6,50;TPH WEDNESDAY;LUNES
2024-06-17;2024-06-20;209.82;219.53;7663;4,63;OTP THURSDAY;LUNES
2024-06-24;2024-06-28;210.51;213.79;7983;1,56;WEEKLY_CLOSE;LUNES
2024-07-01;2024-07-04;209.40;221.89;8142;5,96;OTP THURSDAY;LUNES
2024-07-04;2024-07-05;221.12;226.11;8162;2,26;WEEKLY_CLOSE;NO_LUNES
2024-07-08;2024-07-12;228.04;227.02;8085;-0,45;WEEKLY_CLOSE;LUNES
2024-07-15;2024-07-19;226.80;198.00;8085;-12,70;WEEKLY_CLOSE;LUNES
2024-07-22;2024-07-24;199.83;195.83;8003;-2,00;SLL WEDNESDAY;LUNES
2024-07-29;2024-07-30;185.24;181.53;8452;-2,00;SLL TUESDAY;LUNES
2024-08-05;2024-08-06;138.84;154.66;11040;11,39;OTP TUESDAY;LUNES
2024-08-06;2024-08-09;153.97;163.97;11078;6,49;TPH FRIDAY;NO_LUNES
2024-08-12;2024-08-14;163.33;174.63;11110;6,92;OTP WEDNESDAY;LUNES
2024-08-14;2024-08-16;175.04;190.61;11073;8,90;OTP FRIDAY;NO_LUNES
2024-08-19;2024-08-20;187.27;195.29;11259;4,28;OTP TUESDAY;LUNES
2024-08-26;2024-08-28;190.33;186.52;11541;-2,00;SLL WEDNESDAY;LUNES
2024-09-02;2024-09-03;185.34;181.63;11603;-2,00;SLL TUESDAY;LUNES
2024-09-09;2024-09-12;158.21;178.25;13308;12,67;OTP THURSDAY;LUNES
2024-09-12;2024-09-13;177.34;183.01;13363;3,20;WEEKLY_CLOSE;NO_LUNES
2024-09-16;2024-09-20;181.75;189.22;13442;4,11;OTP FRIDAY;LUNES
2024-09-23;2024-09-26;190.20;201.61;13359;6,00;OTP THURSDAY;LUNES
2024-09-30;2024-10-01;193.88;190.00;13878;-2,00;SLL TUESDAY;LUNES
2024-10-07;2024-10-10;196.74;205.00;13389;4,20;OTP THURSDAY;LUNES
2024-10-10;2024-10-11;204.97;204.75;13378;-0,11;WEEKLY_CLOSE;NO_LUNES
2024-10-14;2024-10-16;204.91;200.81;13354;-2,00;SLL WEDNESDAY;LUNES
2024-10-21;2024-10-25;206.43;212.32;12977;2,85;WEEKLY_CLOSE;LUNES
2024-10-28;2024-10-29;212.18;207.93;12973;-2,00;SLL TUESDAY;LUNES
2024-11-04;2024-11-06;197.37;214.90;13653;8,88;OTP WEDNESDAY;LUNES
2024-11-06;2024-11-08;217.81;231.63;13457;6,34;OTP FRIDAY;NO_LUNES
2024-11-08;2024-11-15;231.42;214.58;13456;-7,28;WEEKLY_CLOSE;NO_LUNES
2024-11-18;2024-11-19;215.11;210.80;13409;-2,00;SLL TUESDAY;LUNES
2024-11-25;2024-11-27;228.63;224.05;12351;-2,00;SLL WEDNESDAY;LUNES
2024-12-02;2024-12-04;228.23;240.33;12113;5,30;OTP WEDNESDAY;LUNES
2024-12-04;2024-12-06;244.02;248.41;11918;1,80;WEEKLY_CLOSE;NO_LUNES
2024-12-09;2024-12-13;250.70;254.57;11797;1,54;WEEKLY_CLOSE;LUNES
2024-12-16;2024-12-20;255.86;244.00;11726;-4,64;WEEKLY_CLOSE;LUNES
2024-12-23;2024-12-27;243.88;239.00;11720;-2,00;SLL FRIDAY;LUNES
2024-12-30;2025-01-03;242.59;238.83;11535;-1,55;WEEKLY_CLOSE;LUNES
2025-01-06;2025-01-07;241.92;237.08;11376;-2,00;SLL TUESDAY;LUNES
2025-01-13;2025-01-16;222.18;241.10;12127;8,52;OTP THURSDAY;LUNES
2025-01-20;2025-01-21;243.89;239.01;11976;-2,00;SLL TUESDAY;LUNES
2025-01-27;2025-01-29;229.00;241.87;12487;5,62;OTP WEDNESDAY;LUNES
2025-02-03;2025-02-06;228.71;246.14;13193;7,62;OTP THURSDAY;LUNES
2025-02-06;2025-02-07;246.55;243.80;13158;-1,12;WEEKLY_CLOSE;NO_LUNES
2025-02-10;2025-02-12;244.08;239.19;13129;-2,00;SLL WEDNESDAY;LUNES
2025-02-17;2025-02-20;258.85;253.67;12120;-2,00;SLL THURSDAY;LUNES
2025-02-24;2025-02-28;241.60;209.05;12713;-13,47;WEEKLY_CLOSE;LUNES
2025-03-03;2025-03-07;217.58;176.68;12202;-18,80;WEEKLY_CLOSE;LUNES
2025-03-10;2025-03-14;182.49;168.46;11802;-7,69;WEEKLY_CLOSE;LUNES
2025-03-17;2025-03-18;167.57;164.21;11853;-2,01;SLL TUESDAY;LUNES
2025-03-24;2025-03-26;177.43;186.45;10959;5,08;OTP WEDNESDAY;LUNES
2025-03-31;2025-04-01;152.92;162.85;13349;6,49;TPH TUESDAY;LUNES
2025-04-07;2025-04-08;93.08;117.26;23331;25,98;OTP TUESDAY;LUNES
2025-04-08;2025-04-10;122.66;141.39;22282;15,27;OTP THURSDAY;NO_LUNES
2025-04-14;2025-04-15;133.70;131.02;23540;-2,00;SLL TUESDAY;LUNES
2025-04-28;2025-04-29;141.80;138.96;21728;-2,00;SLL TUESDAY;LUNES
2025-05-05;2025-05-06;154.10;151.01;19574;-2,01;SLL TUESDAY;LUNES
2025-05-12;2025-05-13;172.60;183.81;17108;6,49;TPH TUESDAY;LUNES
2025-05-19;2025-05-22;182.56;178.90;17208;-2,00;SLL THURSDAY;LUNES
2025-05-26;2025-05-29;180.39;195.42;17049;8,33;OTP THURSDAY;LUNES
2025-06-02;2025-06-04;180.77;192.14;18412;6,29;OTP WEDNESDAY;LUNES
2025-06-04;2025-06-06;193.08;194.43;18304;0,70;WEEKLY_CLOSE;NO_LUNES
2025-06-09;2025-06-13;193.38;191.68;18385;-0,88;WEEKLY_CLOSE;LUNES
2025-06-16;2025-06-19;190.54;186.72;18477;-2,00;SLL THURSDAY;LUNES
2025-06-23;2025-06-24;187.09;199.05;18422;6,39;OTP TUESDAY;LUNES
2025-06-24;2025-06-27;199.72;209.03;18342;4,66;WEEKLY_CLOSE;NO_LUNES
2025-06-30;2025-07-01;210.57;206.35;18189;-2,00;SLL TUESDAY;LUNES
2025-07-07;2025-07-11;212.58;213.52;17639;0,44;WEEKLY_CLOSE;LUNES
2025-07-14;2025-07-17;210.77;220.54;17851;4,64;OTP THURSDAY;LUNES
2025-07-17;2025-07-18;223.00;221.85;17636;-0,52;WEEKLY_CLOSE;NO_LUNES
2025-07-21;2025-07-22;223.89;219.41;17458;-2,00;SLL TUESDAY;LUNES
2025-07-28;2025-07-31;229.90;242.52;16645;5,49;OTP THURSDAY;LUNES
2025-08-04;2025-08-05;216.67;227.91;18612;5,19;OTP TUESDAY;LUNES
2025-08-11;2025-08-14;236.75;240.98;17899;1,79;WEEKLY_CLOSE;LUNES
2025-08-18;2025-08-19;237.89;233.13;18114;-2,00;SLL TUESDAY;LUNES
2025-08-25;2025-08-29;228.58;226.76;18456;-0,80;WEEKLY_CLOSE;LUNES
2025-09-01;2025-09-02;226.23;221.70;18480;-2,00;SLL TUESDAY;LUNES
2025-09-08;2025-09-12;234.65;244.55;17443;4,22;WEEKLY_CLOSE;LUNES
2025-09-15;2025-09-19;246.01;255.80;17322;3,98;WEEKLY_CLOSE;LUNES
2025-09-22;2025-09-25;258.82;253.64;17103;-2,00;SLL THURSDAY;LUNES
2025-09-29;2025-10-03;259.55;270.82;16697;4,34;OTP FRIDAY;LUNES
2025-10-03;2025-10-10;268.76;263.38;16808;-2,00;SLL FRIDAY;NO_LUNES
2025-10-13;2025-10-14;260.96;255.74;16947;-2,00;SLL TUESDAY;LUNES
2025-10-20;2025-10-24;268.15;281.33;16146;4,92;WEEKLY_CLOSE;LUNES
2025-10-27;2025-10-29;290.60;307.65;15616;5,87;OTP WEDNESDAY;LUNES
2025-10-29;2025-10-30;305.15;299.04;15728;-2,00;SLL THURSDAY;NO_LUNES
2025-11-03;2025-11-07;300.36;257.87;15643;-14,15;WEEKLY_CLOSE;LUNES
2025-11-10;2025-11-13;280.38;274.77;14373;-2,00;SLL THURSDAY;LUNES
2025-11-17;2025-11-20;273.62;268.14;14419;-2,00;SLL THURSDAY;LUNES
2025-11-24;2025-11-25;248.03;261.21;15572;5,31;OTP TUESDAY;LUNES
2025-12-01;2025-12-03;270.54;282.37;15020;4,37;OTP WEDNESDAY;LUNES
2025-12-08;2025-12-09;286.34;280.61;14797;-2,00;SLL TUESDAY;LUNES
2025-12-15;2025-12-17;267.24;261.89;15522;-2,00;SLL WEDNESDAY;LUNES
2025-12-22;2025-12-23;272.93;273.22;14879;0,11;WEEKLY_CLOSE;LUNES
2025-12-29;2025-12-30;274.56;273.90;14792;-0,24;WEEKLY_CLOSE;LUNES
2026-01-05;2026-01-09;267.01;280.16;15158;4,92;WEEKLY_CLOSE;LUNES
2026-01-12;2026-01-14;275.24;269.73;15414;-2,00;SLL WEDNESDAY;LUNES
2026-01-19;2026-01-23;264.50;273.37;15703;3,35;WEEKLY_CLOSE;LUNES
2026-01-26;2026-01-28;269.56;285.10;15909;5,76;OTP WEDNESDAY;LUNES
2026-01-28;2026-01-29;282.38;276.73;16046;-2,00;SLL THURSDAY;NO_LUNES
2026-02-02;2026-02-03;258.32;279.23;17173;8,09;OTP TUESDAY;LUNES
2026-02-09;2026-02-12;252.09;247.04;19002;-2,00;SLL THURSDAY;LUNES
2026-02-16;2026-02-17;241.77;236.93;19397;-2,00;SLL TUESDAY;LUNES
2026-02-23;2026-02-26;243.26;257.31;18874;5,78;OTP THURSDAY;LUNES
2026-03-02;2026-03-04;234.42;249.65;20696;6,50;TPH WEDNESDAY;LUNES
2026-03-09;2026-03-10;230.15;251.10;22427;9,10;OTP TUESDAY;LUNES
2026-03-10;2026-03-11;253.41;248.34;22200;-2,00;SLL WEDNESDAY;NO_LUNES
2026-03-16;2026-03-18;239.78;249.53;22970;4,07;OTP WEDNESDAY;LUNES
2026-03-23;2026-03-24;212.55;226.91;26939;6,76;OTP TUESDAY;LUNES
2026-03-30;2026-04-01;199.42;217.90;30622;9,27;OTP WEDNESDAY;LUNES
2026-04-01;2026-04-02;220.39;218.36;30246;-0,92;WEEKLY_CLOSE;NO_LUNES
2026-04-13;2026-04-14;241.99;253.70;27265;4,84;OTP TUESDAY;LUNES
2026-04-14;2026-04-16;260.39;279.61;26538;7,38;OTP THURSDAY;NO_LUNES
2026-04-16;2026-04-17;279.97;291.80;26477;4,23;WEEKLY_CLOSE;NO_LUNES
2026-04-20;2026-04-24;287.23;302.56;26872;5,34;OTP FRIDAY;LUNES
2026-04-24;2026-04-28;309.25;303.06;26264;-2,00;SLL TUESDAY;NO_LUNES
2026-05-04;2026-05-06;327.90;343.31;24250;4,70;OTP WEDNESDAY;LUNES
2026-05-06;2026-05-08;351.59;372.99;23655;6,09;WEEKLY_CLOSE;NO_LUNES
2026-05-11;2026-05-12;377.76;370.20;23333;-2,00;SLL TUESDAY;LUNES
2026-05-18;2026-05-19;374.57;367.07;23038;-2,00;SLL TUESDAY;LUNES
2026-05-25;2026-05-26;407.00;398.86;20757;-2,00;SLL TUESDAY;LUNES
2026-06-01;2026-06-04;431.04;422.41;19188;-2,00;SLL THURSDAY;LUNES
2026-06-08;2026-06-09;373.77;394.85;21664;5,64;OTP TUESDAY;LUNES
2026-06-15;2026-06-17;412.40;404.15;20721;-2,00;SLL WEDNESDAY;LUNES
2026-06-22;2026-06-26;424.77;378.57;19695;-10,88;WEEKLY_CLOSE;LUNES
2026-06-29;2026-06-30;378.15;399.34;19698;5,60;OTP TUESDAY;LUNES
2026-06-30;2026-07-01;409.94;401.74;19169;-2,00;SLL WEDNESDAY;NO_LUNES
2026-07-06;2026-07-07;386.92;379.18;19883;-2,00;SLL TUESDAY;LUNES
2026-07-13;2026-07-16;379.86;372.26;19828;-2,00;SLL THURSDAY;LUNES
2026-07-20;2026-07-23;347.22;340.27;21237;-2,00;SLL THURSDAY;LUNES
2026-07-27;2026-07-31;342.85;320.96;21056;-6,38;WEEKLY_CLOSE;LUNES
2026-08-03;2026-08-04;333.68;351.96;20233;5,48;OTP TUESDAY;LUNES
2026-08-04;2026-08-06;370.52;363.10;19200;-2,00;SLL THURSDAY;NO_LUNES
2026-08-10;2026-08-11;379.50;371.91;18352;-2,00;SLL TUESDAY;LUNES
