hours,smaLength,distancePips,tpPips,slPips,exitAfterCandles,transactionCostPips,operations,operationsPerYear,winningOperations,winRate,netPips,averagePips,medianPips,averageMaePips,maeP95Pips,averageMfePips,mfeP95Pips,profitFactor,sharpeRatio,maxDrawdownPips,returnDd
00,20,30.0000,50.0000,999.0000,8,0.7500,53,6.2652,43,81.1321,935.6500,17.6538,11.0500,9.8925,30.4200,26.0434,60.3600,20.6565,14.5380,28.000000
00,20,30.0000,60.0000,999.0000,8,0.7500,53,6.2652,43,81.1321,905.1500,17.0783,11.0500,9.8925,30.4200,26.5981,62.7200,20.0158,13.9039,28.000000
00,20,30.0000,70.0000,999.0000,8,0.7500,53,6.2652,43,81.1321,851.9500,16.0745,11.0500,9.8925,30.4200,26.6264,63.2600,18.8981,14.1428,28.000000
00,20,30.0000,40.0000,999.0000,8,0.7500,53,6.2652,43,81.1321,845.7500,15.9575,11.0500,9.8925,30.4200,24.6887,52.8200,18.7679,15.4537,28.000000
00,20,30.0000,99999.0000,999.0000,8,0.7500,53,6.2652,43,81.1321,832.4500,15.7066,11.0500,9.8925,30.4200,26.6547,63.2600,18.4884,14.6513,28.000000
00,20,30.0000,30.0000,999.0000,8,0.7500,53,6.2652,43,81.1321,745.3500,14.0632,12.4500,9.8925,30.4200,21.7377,39.9200,16.6586,16.5573,28.000000
00,20,30.0000,50.0000,999.0000,36,0.7500,53,6.2652,42,79.2453,886.5500,16.7274,15.0500,17.2038,76.2000,26.7434,60.3600,8.5291,12.4330,42.450000
00,20,30.0000,50.0000,999.0000,40,0.7500,53,6.2652,42,79.2453,886.5500,16.7274,15.0500,17.2038,76.2000,26.7434,60.3600,8.5291,12.4330,42.450000
00,20,30.0000,50.0000,999.0000,44,0.7500,53,6.2652,42,79.2453,886.5500,16.7274,15.0500,17.2038,76.2000,26.7434,60.3600,8.5291,12.4330,42.450000
00,20,30.0000,50.0000,999.0000,48,0.7500,53,6.2652,42,79.2453,886.5500,16.7274,15.0500,17.2038,76.2000,26.7434,60.3600,8.5291,12.4330,42.450000
00,20,30.0000,50.0000,999.0000,52,0.7500,53,6.2652,42,79.2453,886.5500,16.7274,15.0500,17.2038,76.2000,26.7434,60.3600,8.5291,12.4330,42.450000
00,20,30.0000,50.0000,999.0000,32,0.7500,53,6.2652,42,79.2453,873.3500,16.4783,15.0500,17.2038,76.2000,26.7434,60.3600,7.6693,11.9272,42.450000
00,20,30.0000,60.0000,999.0000,36,0.7500,53,6.2652,42,79.2453,852.7500,16.0896,15.0500,17.2038,76.2000,27.2981,62.7200,8.2420,11.8892,42.450000
00,20,30.0000,60.0000,999.0000,40,0.7500,53,6.2652,42,79.2453,852.7500,16.0896,15.0500,17.2038,76.2000,27.2981,62.7200,8.2420,11.8892,42.450000
00,20,30.0000,60.0000,999.0000,44,0.7500,53,6.2652,42,79.2453,852.7500,16.0896,15.0500,17.2038,76.2000,27.2981,62.7200,8.2420,11.8892,42.450000
00,20,30.0000,60.0000,999.0000,48,0.7500,53,6.2652,42,79.2453,852.7500,16.0896,15.0500,17.2038,76.2000,27.2981,62.7200,8.2420,11.8892,42.450000
00,20,30.0000,60.0000,999.0000,52,0.7500,53,6.2652,42,79.2453,852.7500,16.0896,15.0500,17.2038,76.2000,27.2981,62.7200,8.2420,11.8892,42.450000
00,20,30.0000,60.0000,999.0000,32,0.7500,53,6.2652,42,79.2453,839.5500,15.8406,15.0500,17.2038,76.2000,27.2981,62.7200,7.4112,11.4060,42.450000
00,20,30.0000,50.0000,999.0000,24,0.7500,53,6.2652,38,71.6981,837.1500,15.7953,15.0500,17.0245,76.2000,26.6472,60.3600,6.5680,11.2922,43.850000
00,20,30.0000,50.0000,999.0000,28,0.7500,53,6.2652,42,79.2453,867.3500,16.3651,15.0500,17.1321,76.2000,26.7113,60.3600,7.5584,11.8208,45.850000
00,20,30.0000,70.0000,999.0000,36,0.7500,53,6.2652,42,79.2453,799.5500,15.0858,15.0500,17.2038,76.2000,27.3264,63.2600,7.7902,11.9024,42.450000
00,20,30.0000,70.0000,999.0000,40,0.7500,53,6.2652,42,79.2453,799.5500,15.0858,15.0500,17.2038,76.2000,27.3264,63.2600,7.7902,11.9024,42.450000
00,20,30.0000,70.0000,999.0000,44,0.7500,53,6.2652,42,79.2453,799.5500,15.0858,15.0500,17.2038,76.2000,27.3264,63.2600,7.7902,11.9024,42.450000
00,20,30.0000,70.0000,999.0000,48,0.7500,53,6.2652,42,79.2453,799.5500,15.0858,15.0500,17.2038,76.2000,27.3264,63.2600,7.7902,11.9024,42.450000
00,20,30.0000,70.0000,999.0000,52,0.7500,53,6.2652,42,79.2453,799.5500,15.0858,15.0500,17.2038,76.2000,27.3264,63.2600,7.7902,11.9024,42.450000
00,20,30.0000,40.0000,999.0000,36,0.7500,53,6.2652,42,79.2453,797.5500,15.0481,15.0500,17.2038,76.2000,25.3887,52.8200,7.7732,12.7608,42.450000
00,20,30.0000,40.0000,999.0000,40,0.7500,53,6.2652,42,79.2453,797.5500,15.0481,15.0500,17.2038,76.2000,25.3887,52.8200,7.7732,12.7608,42.450000
00,20,30.0000,40.0000,999.0000,44,0.7500,53,6.2652,42,79.2453,797.5500,15.0481,15.0500,17.2038,76.2000,25.3887,52.8200,7.7732,12.7608,42.450000
00,20,30.0000,40.0000,999.0000,48,0.7500,53,6.2652,42,79.2453,797.5500,15.0481,15.0500,17.2038,76.2000,25.3887,52.8200,7.7732,12.7608,42.450000
00,20,30.0000,40.0000,999.0000,52,0.7500,53,6.2652,42,79.2453,797.5500,15.0481,15.0500,17.2038,76.2000,25.3887,52.8200,7.7732,12.7608,42.450000
00,20,30.0000,70.0000,999.0000,32,0.7500,53,6.2652,42,79.2453,786.3500,14.8368,15.0500,17.2038,76.2000,27.3264,63.2600,7.0050,11.3733,42.450000
00,20,30.0000,40.0000,999.0000,32,0.7500,53,6.2652,42,79.2453,784.3500,14.7991,15.0500,17.2038,76.2000,25.3887,52.8200,6.9897,12.1407,42.450000
00,20,30.0000,99999.0000,999.0000,36,0.7500,53,6.2652,42,79.2453,780.0500,14.7179,15.0500,17.2038,76.2000,27.3547,63.2600,7.6246,12.1767,42.450000
00,20,30.0000,99999.0000,999.0000,40,0.7500,53,6.2652,42,79.2453,780.0500,14.7179,15.0500,17.2038,76.2000,27.3547,63.2600,7.6246,12.1767,42.450000
00,20,30.0000,99999.0000,999.0000,44,0.7500,53,6.2652,42,79.2453,780.0500,14.7179,15.0500,17.2038,76.2000,27.3547,63.2600,7.6246,12.1767,42.450000
00,20,30.0000,99999.0000,999.0000,48,0.7500,53,6.2652,42,79.2453,780.0500,14.7179,15.0500,17.2038,76.2000,27.3547,63.2600,7.6246,12.1767,42.450000
00,20,30.0000,99999.0000,999.0000,52,0.7500,53,6.2652,42,79.2453,780.0500,14.7179,15.0500,17.2038,76.2000,27.3547,63.2600,7.6246,12.1767,42.450000
00,20,30.0000,60.0000,999.0000,24,0.7500,53,6.2652,38,71.6981,803.3500,15.1575,15.0500,17.0245,76.2000,27.2019,62.7200,6.3432,10.7908,43.850000
00,20,30.0000,60.0000,999.0000,28,0.7500,53,6.2652,42,79.2453,833.5500,15.7274,15.0500,17.1321,76.2000,27.2660,62.7200,7.3028,11.3030,45.850000
00,20,30.0000,99999.0000,999.0000,32,0.7500,53,6.2652,42,79.2453,766.8500,14.4689,15.0500,17.2038,76.2000,27.3547,63.2600,6.8561,11.6010,42.450000
00,20,30.0000,50.0000,999.0000,6,0.7500,53,6.2652,38,71.6981,778.2500,14.6840,10.7500,9.5472,30.4200,24.2321,59.6400,12.1898,11.9875,43.400000
00,20,30.0000,60.0000,999.0000,6,0.7500,53,6.2652,38,71.6981,762.7500,14.3915,10.7500,9.5472,30.4200,24.7868,62.7200,11.9669,11.5538,43.400000
00,20,30.0000,70.0000,999.0000,24,0.7500,53,6.2652,38,71.6981,750.1500,14.1538,15.0500,17.0245,76.2000,27.2302,63.2600,5.9894,10.7282,43.850000
00,20,30.0000,40.0000,999.0000,24,0.7500,53,6.2652,38,71.6981,748.1500,14.1160,15.0500,17.0245,76.2000,25.2925,52.8200,5.9761,11.4329,43.850000
00,20,30.0000,70.0000,999.0000,28,0.7500,53,6.2652,42,79.2453,780.3500,14.7236,15.0500,17.1321,76.2000,27.2943,63.2600,6.9006,11.2653,45.850000
00,20,30.0000,30.0000,999.0000,36,0.7500,53,6.2652,43,81.1321,720.8500,13.6009,15.5500,15.3189,49.1200,22.4321,39.9200,7.1822,13.3794,42.450000
00,20,30.0000,30.0000,999.0000,40,0.7500,53,6.2652,43,81.1321,720.8500,13.6009,15.5500,15.3189,49.1200,22.4321,39.9200,7.1822,13.3794,42.450000
00,20,30.0000,30.0000,999.0000,44,0.7500,53,6.2652,43,81.1321,720.8500,13.6009,15.5500,15.3189,49.1200,22.4321,39.9200,7.1822,13.3794,42.450000
00,20,30.0000,30.0000,999.0000,48,0.7500,53,6.2652,43,81.1321,720.8500,13.6009,15.5500,15.3189,49.1200,22.4321,39.9200,7.1822,13.3794,42.450000
00,20,30.0000,30.0000,999.0000,52,0.7500,53,6.2652,43,81.1321,720.8500,13.6009,15.5500,15.3189,49.1200,22.4321,39.9200,7.1822,13.3794,42.450000
00,20,30.0000,40.0000,999.0000,28,0.7500,53,6.2652,42,79.2453,778.3500,14.6858,15.0500,17.1321,76.2000,25.3566,52.8200,6.8854,12.0220,45.850000
00,20,30.0000,70.0000,999.0000,6,0.7500,53,6.2652,38,71.6981,723.7500,13.6557,10.7500,9.5472,30.4200,24.8151,63.2600,11.4062,11.5554,43.400000
00,20,30.0000,30.0000,999.0000,32,0.7500,53,6.2652,43,81.1321,707.6500,13.3519,15.5500,15.3189,49.1200,22.4321,39.9200,6.4518,12.5843,42.450000
00,20,30.0000,99999.0000,999.0000,24,0.7500,53,6.2652,38,71.6981,730.6500,13.7858,15.0500,17.0245,76.2000,27.2585,63.2600,5.8597,10.9251,43.850000
00,20,30.0000,99999.0000,999.0000,28,0.7500,53,6.2652,42,79.2453,760.8500,14.3557,15.0500,17.1321,76.2000,27.3226,63.2600,6.7531,11.4878,45.850000
00,20,30.0000,40.0000,999.0000,6,0.7500,53,6.2652,38,71.6981,710.8500,13.4123,10.7500,9.5472,30.4200,23.1094,52.8200,11.2207,12.5203,43.400000
00,20,30.0000,99999.0000,999.0000,6,0.7500,53,6.2652,38,71.6981,704.2500,13.2877,10.7500,9.5472,30.4200,24.8434,63.2600,11.1258,11.9004,43.400000
00,20,30.0000,50.0000,999.0000,20,0.7500,53,6.2652,38,71.6981,850.8500,16.0538,15.0500,16.8604,76.2000,26.6472,60.3600,7.0408,11.5851,52.650000
00,20,30.0000,50.0000,999.0000,16,0.7500,53,6.2652,37,69.8113,832.7500,15.7123,14.7500,16.6943,76.2000,26.6472,60.3600,6.6343,11.2972,52.100000
00,20,30.0000,60.0000,999.0000,20,0.7500,53,6.2652,38,71.6981,817.0500,15.4160,15.0500,16.8604,76.2000,27.2019,62.7200,6.8009,11.0736,52.650000
00,20,30.0000,60.0000,999.0000,16,0.7500,53,6.2652,37,69.8113,798.9500,15.0745,14.7500,16.6943,76.2000,27.2019,62.7200,6.4056,10.7939,52.100000
00,20,30.0000,30.0000,999.0000,24,0.7500,53,6.2652,39,73.5849,671.4500,12.6689,15.5500,15.1396,49.1200,22.3358,39.9200,5.5003,11.7816,43.850000
00,20,30.0000,30.0000,999.0000,28,0.7500,53,6.2652,43,81.1321,701.6500,13.2387,15.5500,15.2472,49.1200,22.4000,39.9200,6.3520,12.4497,45.850000
00,20,30.0000,30.0000,999.0000,6,0.7500,53,6.2652,39,73.5849,662.6500,12.5028,13.2500,9.5472,30.4200,20.7943,39.9200,10.6737,13.5131,43.400000
00,24,30.0000,50.0000,999.0000,8,0.7500,69,8.1565,50,72.4638,850.2500,12.3225,8.9500,11.6391,41.6600,22.1971,59.7200,5.6398,9.5607,55.950000
00,20,30.0000,70.0000,999.0000,20,0.7500,53,6.2652,38,71.6981,763.8500,14.4123,15.0500,16.8604,76.2000,27.2302,63.2600,6.4231,11.0289,52.650000
00,24,30.0000,60.0000,999.0000,8,0.7500,69,8.1565,50,72.4638,809.7500,11.7355,8.9500,11.6391,41.6600,22.3971,60.4400,5.4188,9.2231,55.950000
00,20,30.0000,40.0000,999.0000,20,0.7500,53,6.2652,38,71.6981,761.8500,14.3745,15.0500,16.8604,76.2000,25.2925,52.8200,6.4089,11.7698,52.650000
00,20,30.0000,40.0000,999.0000,16,0.7500,53,6.2652,37,69.8113,749.2500,14.1368,14.7500,16.6943,76.2000,25.2925,52.8200,6.0694,11.5099,52.100000
00,20,30.0000,70.0000,999.0000,16,0.7500,53,6.2652,37,69.8113,745.7500,14.0708,14.7500,16.6943,76.2000,27.2302,63.2600,6.0457,10.7375,52.100000
00,20,30.0000,99999.0000,999.0000,20,0.7500,53,6.2652,38,71.6981,744.3500,14.0443,15.0500,16.8604,76.2000,27.2585,63.2600,6.2847,11.2440,52.650000
00,24,30.0000,40.0000,999.0000,8,0.7500,69,8.1565,50,72.4638,781.6500,11.3283,8.9500,11.6391,41.6600,21.1565,51.0000,5.2655,9.7024,55.950000
00,20,30.0000,99999.0000,999.0000,16,0.7500,53,6.2652,37,69.8113,726.2500,13.7028,14.7500,16.6943,76.2000,27.2585,63.2600,5.9137,10.9406,52.100000
00,24,30.0000,70.0000,999.0000,8,0.7500,69,8.1565,50,72.4638,746.5500,10.8196,8.9500,11.6391,41.6600,22.4188,60.8000,5.0739,9.2831,55.950000
00,24,30.0000,99999.0000,999.0000,8,0.7500,69,8.1565,50,72.4638,733.4500,10.6297,8.9500,11.6391,41.6600,22.4188,60.8000,5.0025,9.3993,55.950000
00,20,30.0000,30.0000,999.0000,16,0.7500,53,6.2652,38,71.6981,682.7500,12.8821,15.4500,14.8094,49.1200,22.3358,39.9200,6.0221,12.2328,52.100000
00,20,30.0000,30.0000,999.0000,20,0.7500,53,6.2652,39,73.5849,685.1500,12.9274,15.5500,14.9755,49.1200,22.3358,39.9200,5.9044,12.1801,52.650000
00,24,30.0000,30.0000,999.0000,8,0.7500,69,8.1565,50,72.4638,674.6500,9.7775,8.9500,11.6391,41.6600,18.8391,37.6400,4.6816,9.6416,55.950000
00,44,50.0000,70.0000,999.0000,8,0.7500,60,7.0926,36,60.0000,681.9000,11.3650,6.3000,9.0067,25.3850,20.4417,68.5450,5.9377,8.5091,61.300000
00,36,40.0000,30.0000,999.0000,40,0.7500,62,7.3291,45,72.5806,642.5000,10.3629,9.7000,20.9790,54.4500,20.0339,36.5000,4.9429,10.0841,58.150000
00,44,50.0000,60.0000,999.0000,8,0.7500,60,7.0926,36,60.0000,676.7000,11.2783,6.3000,9.0067,25.3850,20.2267,65.1700,5.9001,8.6088,61.300000
00,44,50.0000,99999.0000,999.0000,8,0.7500,60,7.0926,36,60.0000,657.8000,10.9633,6.3000,9.0067,25.3850,20.6567,68.5450,5.7632,8.5947,61.300000
00,36,40.0000,30.0000,999.0000,44,0.7500,62,7.3291,45,72.5806,639.0000,10.3065,9.7000,20.9790,54.4500,20.0339,36.5000,4.8390,9.9731,61.650000
00,44,50.0000,50.0000,999.0000,8,0.7500,60,7.0926,36,60.0000,631.2000,10.5200,6.3000,9.0067,25.3850,19.3417,59.0000,5.5706,8.8061,61.300000
00,36,40.0000,60.0000,999.0000,40,0.7500,62,7.3291,44,70.9677,690.7000,11.1403,7.3500,23.1919,65.1450,22.5129,53.4200,4.9267,8.9507,72.300000
00,36,40.0000,30.0000,999.0000,48,0.7500,62,7.3291,45,72.5806,634.0000,10.2258,9.7000,20.9790,54.4500,20.0339,36.5000,4.6979,9.8050,66.650000
00,36,40.0000,70.0000,999.0000,40,0.7500,62,7.3291,44,70.9677,686.3000,11.0694,7.3500,23.1919,65.1450,22.5371,53.4200,4.9016,8.9312,72.300000
00,36,40.0000,99999.0000,999.0000,40,0.7500,62,7.3291,44,70.9677,683.4000,11.0226,7.3500,23.1919,65.1450,22.5371,53.4200,4.8852,8.9561,72.300000
00,36,40.0000,50.0000,999.0000,40,0.7500,62,7.3291,44,70.9677,677.9000,10.9339,7.3500,23.1919,65.1450,22.2903,51.9950,4.8539,9.0604,72.300000
00,44,50.0000,40.0000,999.0000,8,0.7500,60,7.0926,36,60.0000,573.8000,9.5633,6.3000,9.0067,25.3850,18.3350,47.6150,5.1550,8.9418,61.300000
00,40,40.0000,30.0000,999.0000,52,0.7500,79,9.3386,55,69.6203,681.7500,8.6297,7.0500,20.2671,57.0000,18.6025,36.5000,3.4150,7.7991,73.000000
00,40,40.0000,70.0000,999.0000,48,0.7500,79,9.3386,53,67.0886,751.0500,9.5070,5.9500,21.8797,57.8700,21.0734,53.3600,3.3245,6.9473,81.350000
00,24,30.0000,50.0000,999.0000,32,0.7500,69,8.1565,51,73.9130,785.9500,11.3906,13.7500,19.6957,89.3400,24.0072,59.7200,3.2436,7.0805,85.400000
00,40,40.0000,60.0000,999.0000,48,0.7500,79,9.3386,53,67.0886,743.1500,9.4070,5.9500,21.8797,57.8700,20.9101,53.3600,3.3001,6.9762,81.350000
00,20,30.0000,60.0000,999.0000,4,0.7500,53,6.2652,34,64.1509,468.5500,8.8406,5.6500,9.0340,30.4200,19.7491,54.2400,4.4039,7.5124,51.400000
00,40,40.0000,99999.0000,999.0000,48,0.7500,79,9.3386,53,67.0886,738.5500,9.3487,5.9500,21.8797,57.8700,21.0734,53.3600,3.2858,6.9649,81.350000
00,36,40.0000,60.0000,999.0000,44,0.7500,62,7.3291,44,70.9677,687.2000,11.0839,7.3500,23.1919,65.1450,22.5129,53.4200,4.8305,8.8703,75.800000
00,36,40.0000,70.0000,999.0000,44,0.7500,62,7.3291,44,70.9677,682.8000,11.0129,7.3500,23.1919,65.1450,22.5371,53.4200,4.8060,8.8505,75.800000
00,36,40.0000,99999.0000,999.0000,44,0.7500,62,7.3291,44,70.9677,679.9000,10.9661,7.3500,23.1919,65.1450,22.5371,53.4200,4.7899,8.8746,75.800000
00,44,50.0000,50.0000,999.0000,4,0.7500,60,7.0926,37,61.6667,443.1000,7.3850,4.8000,7.7067,25.3850,15.7683,50.3050,3.9768,7.1101,49.800000
00,36,40.0000,50.0000,999.0000,44,0.7500,62,7.3291,44,70.9677,674.4000,10.8774,7.3500,23.1919,65.1450,22.2903,51.9950,4.7592,8.9762,75.800000
00,36,40.0000,40.0000,999.0000,40,0.7500,62,7.3291,44,70.9677,642.7000,10.3661,7.3500,23.1919,65.1450,21.3903,46.8050,4.6538,9.1529,72.300000
00,40,40.0000,50.0000,999.0000,48,0.7500,79,9.3386,53,67.0886,721.9500,9.1386,5.9500,21.8797,57.8700,20.5911,52.1500,3.2344,7.0037,81.350000
00,40,40.0000,70.0000,999.0000,52,0.7500,79,9.3386,53,67.0886,762.6500,9.6538,5.9500,22.0038,57.8700,21.0734,53.3600,3.4483,7.1165,86.350000
00,44,50.0000,60.0000,999.0000,4,0.7500,60,7.0926,37,61.6667,439.1000,7.3183,4.8000,7.7067,25.3850,16.0283,50.3050,3.9499,6.9909,49.800000
00,40,40.0000,60.0000,999.0000,52,0.7500,79,9.3386,53,67.0886,754.7500,9.5538,5.9500,22.0038,57.8700,20.9101,53.3600,3.4230,7.1489,86.350000
00,24,30.0000,60.0000,999.0000,32,0.7500,69,8.1565,51,73.9130,741.9500,10.7529,13.7500,19.6957,89.3400,24.2072,60.4400,3.1180,6.7572,85.400000
00,40,40.0000,99999.0000,999.0000,52,0.7500,79,9.3386,53,67.0886,750.1500,9.4956,5.9500,22.0038,57.8700,21.0734,53.3600,3.4082,7.1385,86.350000
00,44,50.0000,40.0000,999.0000,4,0.7500,60,7.0926,37,61.6667,430.0000,7.1667,4.8000,7.7067,25.3850,15.1567,44.7150,3.8888,7.2742,49.800000
00,20,30.0000,50.0000,999.0000,4,0.7500,53,6.2652,34,64.1509,443.4500,8.3670,5.6500,9.0340,30.4200,19.4547,53.6000,4.2216,7.6240,51.400000
00,40,40.0000,50.0000,999.0000,52,0.7500,79,9.3386,53,67.0886,733.5500,9.2854,5.9500,22.0038,57.8700,20.5911,52.1500,3.3549,7.1841,86.350000
00,36,40.0000,60.0000,999.0000,48,0.7500,62,7.3291,44,70.9677,682.2000,11.0032,7.3500,23.1919,65.1450,22.5129,53.4200,4.6996,8.7493,80.800000
00,36,40.0000,40.0000,999.0000,44,0.7500,62,7.3291,44,70.9677,639.2000,10.3097,7.3500,23.1919,65.1450,21.3903,46.8050,4.5630,9.0611,75.800000
00,24,30.0000,40.0000,999.0000,32,0.7500,69,8.1565,51,73.9130,718.4500,10.4123,13.7500,19.6957,89.3400,22.9667,51.0000,3.0510,6.8888,85.400000
00,24,30.0000,50.0000,999.0000,6,0.7500,69,8.1565,44,63.7681,667.6500,9.6761,7.1500,10.8203,41.6600,20.5435,56.9600,4.2640,7.7454,79.500000
00,36,40.0000,70.0000,999.0000,48,0.7500,62,7.3291,44,70.9677,677.8000,10.9323,7.3500,23.1919,65.1450,22.5371,53.4200,4.6757,8.7290,80.800000
00,20,30.0000,40.0000,999.0000,4,0.7500,53,6.2652,34,64.1509,430.3500,8.1198,5.6500,9.0340,30.4200,18.5472,44.5800,4.1264,7.8002,51.400000
00,36,40.0000,99999.0000,999.0000,48,0.7500,62,7.3291,44,70.9677,674.9000,10.8855,7.3500,23.1919,65.1450,22.5371,53.4200,4.6600,8.7517,80.800000
00,44,50.0000,30.0000,999.0000,8,0.7500,60,7.0926,36,60.0000,511.2000,8.5200,6.3000,9.0067,25.3850,17.3150,36.9100,4.7017,8.8895,61.300000
00,20,30.0000,30.0000,999.0000,4,0.7500,53,6.2652,34,64.1509,426.3500,8.0443,5.9500,9.0340,30.4200,17.9604,39.9200,4.0973,8.2346,51.400000
00,36,40.0000,50.0000,999.0000,48,0.7500,62,7.3291,44,70.9677,669.4000,10.7968,7.3500,23.1919,65.1450,22.2903,51.9950,4.6302,8.8493,80.800000
00,24,30.0000,50.0000,999.0000,48,0.7500,69,8.1565,53,76.8116,886.5500,12.8486,14.6500,20.2551,92.1600,24.2986,59.7200,4.0955,8.1953,107.300000
00,24,30.0000,50.0000,999.0000,52,0.7500,69,8.1565,53,76.8116,886.5500,12.8486,14.6500,20.2551,92.1600,24.2986,59.7200,4.0955,8.1953,107.300000
00,28,30.0000,50.0000,999.0000,48,0.7500,81,9.5751,55,67.9012,782.6500,9.6623,7.2500,20.8716,65.7000,21.6753,59.0000,3.2317,6.6388,94.850000
00,28,30.0000,50.0000,999.0000,52,0.7500,81,9.5751,55,67.9012,782.6500,9.6623,7.2500,20.8716,65.7000,21.6753,59.0000,3.2317,6.6388,94.850000
00,40,40.0000,30.0000,999.0000,48,0.7500,79,9.3386,55,69.6203,670.1500,8.4829,7.0500,20.1430,57.0000,18.6025,36.5000,3.2802,7.5704,81.350000
00,44,50.0000,70.0000,999.0000,4,0.7500,60,7.0926,37,61.6667,407.8000,6.7967,4.8000,7.7067,25.3850,16.0283,50.3050,3.7397,6.8049,49.800000
00,40,40.0000,70.0000,999.0000,44,0.7500,79,9.3386,53,67.0886,745.8500,9.4411,5.9500,21.8797,57.8700,21.0734,53.3600,3.2719,6.8517,91.550000
00,40,40.0000,40.0000,999.0000,48,0.7500,79,9.3386,53,67.0886,661.1500,8.3690,5.9500,21.8797,57.8700,19.7241,45.1900,3.0463,6.8746,81.350000
00,24,30.0000,60.0000,999.0000,6,0.7500,69,8.1565,44,63.7681,642.1500,9.3065,7.1500,10.8203,41.6600,20.7435,57.9200,4.1393,7.5034,79.500000
00,20,30.0000,70.0000,999.0000,4,0.7500,53,6.2652,34,64.1509,414.8500,7.8274,5.6500,9.0340,30.4200,19.7491,54.2400,4.0138,7.3194,51.400000
00,40,40.0000,60.0000,999.0000,44,0.7500,79,9.3386,53,67.0886,737.9500,9.3411,5.9500,21.8797,57.8700,20.9101,53.3600,3.2478,6.8784,91.550000
00,44,50.0000,99999.0000,999.0000,4,0.7500,60,7.0926,37,61.6667,401.4000,6.6900,4.8000,7.7067,25.3850,16.0533,50.3050,3.6967,6.8764,49.800000
00,44,50.0000,30.0000,999.0000,4,0.7500,60,7.0926,37,61.6667,399.9000,6.6650,4.8000,7.7067,25.3850,14.6383,36.9100,3.6866,7.3400,49.800000
00,40,40.0000,99999.0000,999.0000,44,0.7500,79,9.3386,53,67.0886,733.3500,9.2829,5.9500,21.8797,57.8700,21.0734,53.3600,3.2338,6.8665,91.550000
00,24,30.0000,70.0000,999.0000,32,0.7500,69,8.1565,51,73.9130,678.7500,9.8370,13.7500,19.6957,89.3400,24.2290,60.8000,2.9376,6.5370,85.400000
00,20,30.0000,99999.0000,999.0000,4,0.7500,53,6.2652,34,64.1509,408.4500,7.7066,5.6500,9.0340,30.4200,19.7774,54.2400,3.9673,7.3928,51.400000
00,36,40.0000,30.0000,999.0000,52,0.7500,62,7.3291,45,72.5806,622.0000,10.0323,9.7000,21.1371,54.4500,20.0339,36.5000,4.3906,9.3630,78.650000
00,48,50.0000,50.0000,999.0000,4,0.7500,79,9.3386,43,54.4304,443.8500,5.6184,2.2500,7.6304,28.1100,13.3291,47.8400,3.2360,5.9011,56.150000
00,24,30.0000,60.0000,999.0000,48,0.7500,69,8.1565,53,76.8116,842.5500,12.2109,14.6500,20.2551,92.1600,24.4986,60.4400,3.9419,7.8659,107.300000
00,24,30.0000,60.0000,999.0000,52,0.7500,69,8.1565,53,76.8116,842.5500,12.2109,14.6500,20.2551,92.1600,24.4986,60.4400,3.9419,7.8659,107.300000
00,36,40.0000,40.0000,999.0000,48,0.7500,62,7.3291,44,70.9677,634.2000,10.2290,7.3500,23.1919,65.1450,21.3903,46.8050,4.4393,8.9225,80.800000
00,48,50.0000,60.0000,999.0000,4,0.7500,79,9.3386,43,54.4304,439.8500,5.5677,2.2500,7.6304,28.1100,13.5266,47.8400,3.2159,5.8090,56.150000
00,40,40.0000,50.0000,999.0000,44,0.7500,79,9.3386,53,67.0886,716.7500,9.0728,5.9500,21.8797,57.8700,20.5911,52.1500,3.1832,6.9010,91.550000
00,24,30.0000,30.0000,999.0000,32,0.7500,69,8.1565,52,75.3623,666.2500,9.6558,15.0500,18.2478,57.8200,20.6159,37.6400,2.9639,6.8965,85.400000
00,24,30.0000,99999.0000,999.0000,32,0.7500,69,8.1565,51,73.9130,665.6500,9.6471,13.7500,19.6957,89.3400,24.2290,60.8000,2.9002,6.5286,85.400000
00,40,40.0000,40.0000,999.0000,52,0.7500,79,9.3386,53,67.0886,672.7500,8.5158,5.9500,22.0038,57.8700,19.7241,45.1900,3.1597,7.0698,86.350000
00,28,30.0000,40.0000,999.0000,48,0.7500,81,9.5751,55,67.9012,731.6500,9.0327,7.2500,20.8716,65.7000,20.7889,47.9000,3.0863,6.5488,94.850000
00,28,30.0000,40.0000,999.0000,52,0.7500,81,9.5751,55,67.9012,731.6500,9.0327,7.2500,20.8716,65.7000,20.7889,47.9000,3.0863,6.5488,94.850000
00,24,30.0000,40.0000,999.0000,6,0.7500,69,8.1565,44,63.7681,610.2500,8.8442,7.1500,10.8203,41.6600,19.6812,49.4000,3.9834,7.7749,79.500000
00,48,50.0000,40.0000,999.0000,4,0.7500,79,9.3386,43,54.4304,430.7500,5.4525,2.2500,7.6304,28.1100,12.8646,44.3400,3.1700,6.0127,56.150000
00,24,30.0000,50.0000,999.0000,36,0.7500,69,8.1565,53,76.8116,864.2500,12.5254,14.6500,20.1696,92.1600,24.2986,59.7200,3.7996,7.6988,112.900000
00,24,30.0000,40.0000,999.0000,48,0.7500,69,8.1565,53,76.8116,819.0500,11.8703,14.6500,20.2551,92.1600,23.2580,51.0000,3.8598,8.0653,107.300000
00,24,30.0000,40.0000,999.0000,52,0.7500,69,8.1565,53,76.8116,819.0500,11.8703,14.6500,20.2551,92.1600,23.2580,51.0000,3.8598,8.0653,107.300000
00,28,30.0000,60.0000,999.0000,48,0.7500,81,9.5751,55,67.9012,723.9500,8.9377,7.2500,21.1630,65.7000,21.8457,60.2000,3.0643,6.1694,94.850000
00,28,30.0000,60.0000,999.0000,52,0.7500,81,9.5751,55,67.9012,723.9500,8.9377,7.2500,21.1630,65.7000,21.8457,60.2000,3.0643,6.1694,94.850000
00,24,30.0000,30.0000,999.0000,6,0.7500,69,8.1565,46,66.6667,596.1500,8.6399,7.7500,10.8203,41.6600,17.9029,37.6400,3.9726,8.3448,79.500000
00,24,30.0000,70.0000,999.0000,6,0.7500,69,8.1565,44,63.7681,593.1500,8.5964,7.1500,10.8203,41.6600,20.7652,58.2800,3.8998,7.4479,79.500000
00,52,50.0000,50.0000,999.0000,4,0.7500,94,11.1118,50,53.1915,456.9000,4.8606,1.8500,6.9521,26.3000,11.9606,45.4550,2.9377,5.3858,61.700000
00,52,50.0000,60.0000,999.0000,4,0.7500,94,11.1118,50,53.1915,452.9000,4.8181,1.8500,6.9521,26.3000,12.1266,45.4550,2.9207,5.3063,61.700000
00,24,30.0000,99999.0000,999.0000,6,0.7500,69,8.1565,44,63.7681,580.0500,8.4065,7.1500,10.8203,41.6600,20.7652,58.2800,3.8357,7.5210,79.500000
00,48,50.0000,70.0000,999.0000,4,0.7500,79,9.3386,43,54.4304,408.5500,5.1715,2.2500,7.6304,28.1100,13.5266,47.8400,3.0582,5.6462,56.150000
00,24,30.0000,60.0000,999.0000,36,0.7500,69,8.1565,53,76.8116,820.2500,11.8877,14.6500,20.1696,92.1600,24.4986,60.4400,3.6571,7.3766,112.900000
00,24,30.0000,70.0000,999.0000,48,0.7500,69,8.1565,53,76.8116,779.3500,11.2949,14.6500,20.2551,92.1600,24.5203,60.8000,3.7212,7.6981,107.300000
00,24,30.0000,70.0000,999.0000,52,0.7500,69,8.1565,53,76.8116,779.3500,11.2949,14.6500,20.2551,92.1600,24.5203,60.8000,3.7212,7.6981,107.300000
00,40,40.0000,30.0000,999.0000,44,0.7500,79,9.3386,55,69.6203,664.9500,8.4171,7.0500,20.1430,57.0000,18.6025,36.5000,3.2232,7.4365,91.550000
00,36,40.0000,60.0000,999.0000,52,0.7500,62,7.3291,44,70.9677,670.2000,10.8097,7.3500,23.3500,65.1450,22.5129,53.4200,4.4124,8.4328,92.800000
00,52,50.0000,40.0000,999.0000,4,0.7500,94,11.1118,50,53.1915,443.8000,4.7213,1.8500,6.9521,26.3000,11.5702,41.7000,2.8821,5.4769,61.700000
00,36,40.0000,70.0000,999.0000,52,0.7500,62,7.3291,44,70.9677,665.8000,10.7387,7.3500,23.3500,65.1450,22.5371,53.4200,4.3900,8.4112,92.800000
00,40,40.0000,40.0000,999.0000,44,0.7500,79,9.3386,53,67.0886,655.9500,8.3032,5.9500,21.8797,57.8700,19.7241,45.1900,2.9980,6.7627,91.550000
00,48,50.0000,99999.0000,999.0000,4,0.7500,79,9.3386,43,54.4304,402.1500,5.0905,2.2500,7.6304,28.1100,13.5456,47.8400,3.0259,5.6940,56.150000
00,36,40.0000,99999.0000,999.0000,52,0.7500,62,7.3291,44,70.9677,662.9000,10.6919,7.3500,23.3500,65.1450,22.5371,53.4200,4.3753,8.4304,92.800000
00,24,30.0000,99999.0000,999.0000,48,0.7500,69,8.1565,53,76.8116,766.2500,11.1051,14.6500,20.2551,92.1600,24.5203,60.8000,3.6755,7.7111,107.300000
00,24,30.0000,99999.0000,999.0000,52,0.7500,69,8.1565,53,76.8116,766.2500,11.1051,14.6500,20.2551,92.1600,24.5203,60.8000,3.6755,7.7111,107.300000
00,48,50.0000,30.0000,999.0000,4,0.7500,79,9.3386,43,54.4304,400.6500,5.0715,2.2500,7.6304,28.1100,12.4709,35.3300,3.0184,6.0326,56.150000
00,36,40.0000,50.0000,999.0000,52,0.7500,62,7.3291,44,70.9677,657.4000,10.6032,7.3500,23.3500,65.1450,22.2903,51.9950,4.3473,8.5171,92.800000
00,24,30.0000,40.0000,999.0000,36,0.7500,69,8.1565,53,76.8116,796.7500,11.5471,14.6500,20.1696,92.1600,23.2580,51.0000,3.5810,7.5286,112.900000
00,28,30.0000,70.0000,999.0000,48,0.7500,81,9.5751,55,67.9012,660.7500,8.1574,7.2500,21.1630,65.7000,21.8642,60.2000,2.8841,5.9811,94.850000
00,28,30.0000,70.0000,999.0000,52,0.7500,81,9.5751,55,67.9012,660.7500,8.1574,7.2500,21.1630,65.7000,21.8642,60.2000,2.8841,5.9811,94.850000
00,24,30.0000,60.0000,999.0000,4,0.7500,69,8.1565,40,57.9710,380.3500,5.5123,2.8500,9.6783,34.8000,16.3348,46.2800,2.7736,5.3007,54.750000
00,24,30.0000,50.0000,999.0000,28,0.7500,69,8.1565,50,72.4638,738.4500,10.7022,13.7500,19.3507,89.3400,23.6246,59.7200,2.8860,6.3409,106.700000
00,36,40.0000,30.0000,999.0000,36,0.7500,62,7.3291,42,67.7419,564.5000,9.1048,9.7000,20.9790,54.4500,20.0065,36.5000,3.4416,7.8477,81.950000
00,28,30.0000,30.0000,999.0000,48,0.7500,81,9.5751,56,69.1358,650.0500,8.0253,8.2500,19.6383,54.6000,19.0074,36.5000,2.8758,6.3252,94.850000
00,28,30.0000,30.0000,999.0000,52,0.7500,81,9.5751,56,69.1358,650.0500,8.0253,8.2500,19.6383,54.6000,19.0074,36.5000,2.8758,6.3252,94.850000
00,44,50.0000,70.0000,999.0000,6,0.7500,60,7.0926,36,60.0000,599.4000,9.9900,3.7000,8.6483,25.3850,19.0000,68.5450,4.5405,7.4713,87.700000
00,52,50.0000,70.0000,999.0000,4,0.7500,94,11.1118,50,53.1915,421.6000,4.4851,1.8500,6.9521,26.3000,12.1266,45.4550,2.7880,5.1595,61.700000
00,24,30.0000,30.0000,999.0000,48,0.7500,69,8.1565,53,76.8116,732.9500,10.6225,15.0500,18.8072,57.8200,20.8928,37.6400,3.5592,7.7672,107.300000
00,24,30.0000,30.0000,999.0000,52,0.7500,69,8.1565,53,76.8116,732.9500,10.6225,15.0500,18.8072,57.8200,20.8928,37.6400,3.5592,7.7672,107.300000
00,28,30.0000,99999.0000,999.0000,48,0.7500,81,9.5751,55,67.9012,647.6500,7.9957,7.2500,21.1630,65.7000,21.8642,60.2000,2.8467,5.9777,94.850000
00,28,30.0000,99999.0000,999.0000,52,0.7500,81,9.5751,55,67.9012,647.6500,7.9957,7.2500,21.1630,65.7000,21.8642,60.2000,2.8467,5.9777,94.850000
00,40,40.0000,70.0000,999.0000,40,0.7500,79,9.3386,53,67.0886,732.1500,9.2677,5.9500,21.8797,57.8700,21.0734,53.3600,3.1408,6.6140,108.750000
00,52,50.0000,99999.0000,999.0000,4,0.7500,94,11.1118,50,53.1915,415.2000,4.4170,1.8500,6.9521,26.3000,12.1426,45.4550,2.7608,5.1982,61.700000
00,24,30.0000,70.0000,999.0000,36,0.7500,69,8.1565,53,76.8116,757.0500,10.9717,14.6500,20.1696,92.1600,24.5203,60.8000,3.4524,7.1761,112.900000
00,52,50.0000,30.0000,999.0000,4,0.7500,94,11.1118,50,53.1915,413.7000,4.4011,1.8500,6.9521,26.3000,11.2394,34.8100,2.7545,5.4827,61.700000
00,36,40.0000,40.0000,999.0000,52,0.7500,62,7.3291,44,70.9677,622.2000,10.0355,7.3500,23.3500,65.1450,21.3903,46.8050,4.1680,8.5593,92.800000
00,24,30.0000,50.0000,999.0000,4,0.7500,69,8.1565,40,57.9710,365.2500,5.2935,2.8500,9.6783,34.8000,16.3348,46.2800,2.7032,5.3172,54.750000
00,40,40.0000,60.0000,999.0000,40,0.7500,79,9.3386,53,67.0886,724.2500,9.1677,5.9500,21.8797,57.8700,20.9101,53.3600,3.1177,6.6355,108.750000
00,44,50.0000,99999.0000,999.0000,6,0.7500,60,7.0926,36,60.0000,581.1000,9.6850,3.7000,8.6483,25.3850,19.2150,68.5450,4.4324,7.5155,87.700000
00,24,30.0000,50.0000,999.0000,40,0.7500,69,8.1565,53,76.8116,863.4500,12.5138,14.6500,20.1696,92.1600,24.2986,59.7200,3.7898,7.4697,130.400000
00,40,40.0000,99999.0000,999.0000,40,0.7500,79,9.3386,53,67.0886,719.6500,9.1095,5.9500,21.8797,57.8700,21.0734,53.3600,3.1042,6.6224,108.750000
00,24,30.0000,40.0000,999.0000,4,0.7500,69,8.1565,40,57.9710,362.1500,5.2486,2.8500,9.6783,34.8000,15.6377,41.4400,2.6887,5.4143,54.750000
00,24,30.0000,30.0000,999.0000,4,0.7500,69,8.1565,40,57.9710,361.5500,5.2399,3.2500,9.6783,34.8000,15.1870,36.1000,2.6859,5.6757,54.750000
00,24,30.0000,99999.0000,999.0000,36,0.7500,69,8.1565,53,76.8116,743.9500,10.7819,14.6500,20.1696,92.1600,24.5203,60.8000,3.4099,7.1746,112.900000
00,28,30.0000,50.0000,999.0000,8,0.7500,81,9.5751,52,64.1975,704.3500,8.6957,5.5500,11.4778,38.5000,19.4802,59.0000,3.5304,6.9540,106.900000
00,24,30.0000,50.0000,999.0000,44,0.7500,69,8.1565,53,76.8116,862.2500,12.4964,14.6500,20.2551,92.1600,24.2986,59.7200,3.7752,7.4331,131.600000
00,24,30.0000,60.0000,999.0000,28,0.7500,69,8.1565,50,72.4638,694.4500,10.0645,13.7500,19.3507,89.3400,23.8246,60.4400,2.7736,6.0260,106.700000
00,44,50.0000,60.0000,999.0000,6,0.7500,60,7.0926,36,60.0000,570.2000,9.5033,3.7000,8.6483,25.3850,18.7850,60.9900,4.3680,7.5767,87.700000
00,40,40.0000,50.0000,999.0000,40,0.7500,79,9.3386,53,67.0886,703.0500,8.8994,5.9500,21.8797,57.8700,20.5911,52.1500,3.0557,6.6467,108.750000
00,48,50.0000,70.0000,999.0000,6,0.7500,79,9.3386,42,53.1646,591.3500,7.4854,1.4500,8.8937,33.9600,16.1354,55.0800,3.4360,5.9563,92.050000
00,28,30.0000,50.0000,999.0000,36,0.7500,81,9.5751,54,66.6667,743.9500,9.1846,7.2500,20.7988,65.7000,21.6543,59.0000,2.9191,5.9368,116.850000
00,28,30.0000,60.0000,999.0000,4,0.7500,81,9.5751,48,59.2593,432.0500,5.3340,3.2500,8.8198,32.7000,15.1741,44.3000,2.8854,5.5094,67.900000
00,24,30.0000,30.0000,999.0000,36,0.7500,69,8.1565,53,76.8116,710.6500,10.2993,15.0500,18.7217,57.8200,20.8928,37.6400,3.3021,7.1873,112.900000
00,24,30.0000,40.0000,999.0000,28,0.7500,69,8.1565,50,72.4638,670.9500,9.7239,13.7500,19.3507,89.3400,22.5841,51.0000,2.7136,6.1015,106.700000
00,24,30.0000,60.0000,999.0000,40,0.7500,69,8.1565,53,76.8116,819.4500,11.8761,14.6500,20.1696,92.1600,24.4986,60.4400,3.6477,7.1528,130.400000
00,28,30.0000,60.0000,999.0000,8,0.7500,81,9.5751,52,64.1975,670.8500,8.2821,5.5500,11.4778,38.5000,19.6506,60.2000,3.4101,6.6327,106.900000
00,44,50.0000,50.0000,999.0000,6,0.7500,60,7.0926,36,60.0000,549.9000,9.1650,3.7000,8.6483,25.3850,18.0900,56.2450,4.2481,7.6798,87.700000
00,44,50.0000,70.0000,999.0000,28,0.7500,60,7.0926,33,55.0000,714.9000,11.9150,4.4000,16.7483,67.9050,24.6683,71.4100,3.5018,6.8177,114.500000
00,24,30.0000,50.0000,999.0000,24,0.7500,69,8.1565,46,66.6667,742.9500,10.7674,13.2500,18.9362,82.9000,23.6000,59.7200,3.0197,6.8261,119.150000
00,32,30.0000,50.0000,999.0000,48,0.7500,104,12.2939,57,54.8077,718.5000,6.9087,2.1500,20.3346,54.1500,18.8788,51.9950,2.5049,5.0375,115.350000
00,32,30.0000,50.0000,999.0000,52,0.7500,104,12.2939,57,54.8077,718.5000,6.9087,2.1500,20.3346,54.1500,18.8788,51.9950,2.5049,5.0375,115.350000
00,48,50.0000,99999.0000,999.0000,6,0.7500,79,9.3386,42,53.1646,573.0500,7.2538,1.4500,8.8937,33.9600,16.2987,55.0800,3.3607,5.9655,92.050000
00,24,30.0000,60.0000,999.0000,44,0.7500,69,8.1565,53,76.8116,818.2500,11.8587,14.6500,20.2551,92.1600,24.4986,60.4400,3.6336,7.1170,131.600000
00,32,30.0000,30.0000,999.0000,48,0.7500,104,12.2939,59,56.7308,627.8000,6.0365,2.5500,19.0154,50.8800,16.7356,36.5000,2.3637,4.9979,101.600000
00,32,30.0000,30.0000,999.0000,52,0.7500,104,12.2939,59,56.7308,627.8000,6.0365,2.5500,19.0154,50.8800,16.7356,36.5000,2.3637,4.9979,101.600000
00,28,30.0000,50.0000,999.0000,4,0.7500,81,9.5751,48,59.2593,416.9500,5.1475,3.2500,8.8198,32.7000,15.1741,44.3000,2.8196,5.5499,67.900000
00,48,50.0000,60.0000,999.0000,6,0.7500,79,9.3386,42,53.1646,562.1500,7.1158,1.4500,8.8937,33.9600,15.9722,54.3000,3.3158,5.9932,92.050000
00,24,30.0000,40.0000,999.0000,40,0.7500,69,8.1565,53,76.8116,795.9500,11.5355,14.6500,20.1696,92.1600,23.2580,51.0000,3.5717,7.2782,130.400000
00,28,30.0000,40.0000,999.0000,4,0.7500,81,9.5751,48,59.2593,413.8500,5.1093,3.2500,8.8198,32.7000,14.5802,40.3000,2.8060,5.6542,67.900000
00,28,30.0000,30.0000,999.0000,4,0.7500,81,9.5751,48,59.2593,413.2500,5.1019,3.2500,8.8198,32.7000,14.1963,35.5000,2.8034,5.9218,67.900000
00,28,30.0000,40.0000,999.0000,8,0.7500,81,9.5751,52,64.1975,645.7500,7.9722,5.5500,11.4778,38.5000,18.5938,47.9000,3.3199,6.9329,106.900000
00,24,30.0000,40.0000,999.0000,44,0.7500,69,8.1565,53,76.8116,794.7500,11.5181,14.6500,20.2551,92.1600,23.2580,51.0000,3.5579,7.2390,131.600000
00,40,40.0000,30.0000,999.0000,40,0.7500,79,9.3386,55,69.6203,651.2500,8.2437,7.0500,20.1430,57.0000,18.6025,36.5000,3.0820,7.1097,108.750000
00,28,30.0000,40.0000,999.0000,36,0.7500,81,9.5751,54,66.6667,692.9500,8.5549,7.2500,20.7988,65.7000,20.7679,47.9000,2.7876,5.8006,116.850000
00,24,30.0000,70.0000,999.0000,28,0.7500,69,8.1565,50,72.4638,631.2500,9.1486,13.7500,19.3507,89.3400,23.8464,60.8000,2.6122,5.7669,106.700000
00,40,40.0000,40.0000,999.0000,40,0.7500,79,9.3386,53,67.0886,642.2500,8.1297,5.9500,21.8797,57.8700,19.7241,45.1900,2.8779,6.4870,108.750000
00,48,50.0000,50.0000,999.0000,6,0.7500,79,9.3386,42,53.1646,541.8500,6.8589,1.4500,8.8937,33.9600,15.4443,52.5000,3.2321,6.0340,92.050000
00,44,50.0000,60.0000,999.0000,28,0.7500,60,7.0926,33,55.0000,672.8000,11.2133,4.4000,16.7483,67.9050,24.4533,70.7300,3.3545,6.7694,114.500000
00,24,30.0000,60.0000,999.0000,24,0.7500,69,8.1565,46,66.6667,698.9500,10.1297,13.2500,18.9362,82.9000,23.8000,60.4400,2.9001,6.4991,119.150000
00,28,30.0000,60.0000,999.0000,36,0.7500,81,9.5751,54,66.6667,685.2500,8.4599,7.2500,21.0901,65.7000,21.8247,60.2000,2.7677,5.4940,116.850000
00,44,50.0000,40.0000,999.0000,6,0.7500,60,7.0926,36,60.0000,512.5000,8.5417,3.7000,8.6483,25.3850,17.2883,47.6150,4.0272,7.7688,87.700000
00,32,30.0000,60.0000,999.0000,48,0.7500,104,12.2939,57,54.8077,672.2000,6.4635,2.1500,20.5615,54.1500,19.0115,53.2700,2.4079,4.7376,115.350000
00,32,30.0000,60.0000,999.0000,52,0.7500,104,12.2939,57,54.8077,672.2000,6.4635,2.1500,20.5615,54.1500,19.0115,53.2700,2.4079,4.7376,115.350000
00,28,30.0000,50.0000,999.0000,40,0.7500,81,9.5751,55,67.9012,748.8500,9.2451,7.2500,20.7988,65.7000,21.6753,59.0000,2.9476,5.8203,128.650000
00,24,30.0000,70.0000,999.0000,40,0.7500,69,8.1565,53,76.8116,756.2500,10.9601,14.6500,20.1696,92.1600,24.5203,60.8000,3.4435,6.9358,130.400000
00,24,30.0000,99999.0000,999.0000,28,0.7500,69,8.1565,50,72.4638,618.1500,8.9587,13.7500,19.3507,89.3400,23.8464,60.8000,2.5787,5.7416,106.700000
00,24,30.0000,70.0000,999.0000,4,0.7500,69,8.1565,40,57.9710,316.6500,4.5891,2.8500,9.6783,34.8000,16.3348,46.2800,2.4766,5.1075,54.750000
00,24,30.0000,99999.0000,999.0000,4,0.7500,69,8.1565,40,57.9710,316.6500,4.5891,2.8500,9.6783,34.8000,16.3348,46.2800,2.4766,5.1075,54.750000
00,24,30.0000,50.0000,999.0000,20,0.7500,69,8.1565,45,65.2174,752.7500,10.9094,13.2500,18.7522,82.9000,23.6000,59.7200,3.0829,6.8440,130.300000
00,28,30.0000,50.0000,999.0000,44,0.7500,81,9.5751,55,67.9012,747.6500,9.2302,7.2500,20.8716,65.7000,21.6753,59.0000,2.9384,5.7922,129.850000
00,24,30.0000,70.0000,999.0000,44,0.7500,69,8.1565,53,76.8116,755.0500,10.9428,14.6500,20.2551,92.1600,24.5203,60.8000,3.4302,6.8978,131.600000
00,32,30.0000,40.0000,999.0000,48,0.7500,104,12.2939,57,54.8077,659.4000,6.3404,2.1500,20.3346,54.1500,18.1231,47.4950,2.3811,4.8812,115.350000
00,32,30.0000,40.0000,999.0000,52,0.7500,104,12.2939,57,54.8077,659.4000,6.3404,2.1500,20.3346,54.1500,18.1231,47.4950,2.3811,4.8812,115.350000
00,24,30.0000,99999.0000,999.0000,40,0.7500,69,8.1565,53,76.8116,743.1500,10.7703,14.6500,20.1696,92.1600,24.5203,60.8000,3.4011,6.9264,130.400000
00,28,30.0000,70.0000,999.0000,8,0.7500,81,9.5751,52,64.1975,607.6500,7.5019,5.5500,11.4778,38.5000,19.6691,60.2000,3.1830,6.5384,106.900000
00,24,30.0000,40.0000,999.0000,24,0.7500,69,8.1565,46,66.6667,675.4500,9.7891,13.2500,18.9362,82.9000,22.5594,51.0000,2.8362,6.6302,119.150000
00,24,30.0000,99999.0000,999.0000,44,0.7500,69,8.1565,53,76.8116,741.9500,10.7529,14.6500,20.2551,92.1600,24.5203,60.8000,3.3880,6.8875,131.600000
00,44,50.0000,99999.0000,999.0000,28,0.7500,60,7.0926,33,55.0000,643.3000,10.7217,4.4000,16.7483,67.9050,24.8833,71.4100,3.2513,6.5984,114.500000
00,24,30.0000,50.0000,999.0000,16,0.7500,69,8.1565,46,66.6667,736.6500,10.6761,13.2500,18.3043,82.9000,23.6000,59.7200,3.1486,6.8763,131.350000
00,52,60.0000,40.0000,999.0000,2,0.7500,52,6.1470,29,55.7692,173.9000,3.3442,1.4500,5.7904,24.3900,9.6385,31.7750,2.5288,4.2869,31.150000
00,44,50.0000,70.0000,999.0000,24,0.7500,60,7.0926,35,58.3333,694.8000,11.5800,4.5000,16.0183,56.6000,24.3850,71.4100,3.2117,6.4879,124.500000
00,28,30.0000,99999.0000,999.0000,8,0.7500,81,9.5751,52,64.1975,594.5500,7.3401,5.5500,11.4778,38.5000,19.6691,60.2000,3.1360,6.5794,106.900000
00,32,30.0000,60.0000,999.0000,4,0.7500,104,12.2939,53,50.9615,399.9000,3.8452,1.1000,8.8154,28.3200,13.0231,39.9300,2.2072,4.1425,72.550000
00,48,50.0000,40.0000,999.0000,6,0.7500,79,9.3386,42,53.1646,504.4500,6.3854,1.4500,8.8937,33.9600,14.8354,45.2600,3.0781,6.0316,92.050000
00,24,30.0000,30.0000,999.0000,40,0.7500,69,8.1565,53,76.8116,709.8500,10.2877,15.0500,18.7217,57.8200,20.8928,37.6400,3.2935,6.9157,130.400000
00,24,30.0000,60.0000,999.0000,20,0.7500,69,8.1565,45,65.2174,708.7500,10.2717,13.2500,18.7522,82.9000,23.8000,60.4400,2.9611,6.5189,130.300000
00,28,30.0000,70.0000,999.0000,4,0.7500,81,9.5751,48,59.2593,368.3500,4.5475,3.2500,8.8198,32.7000,15.1741,44.3000,2.6075,5.4214,67.900000
00,28,30.0000,99999.0000,999.0000,4,0.7500,81,9.5751,48,59.2593,368.3500,4.5475,3.2500,8.8198,32.7000,15.1741,44.3000,2.6075,5.4214,67.900000
00,28,30.0000,40.0000,999.0000,40,0.7500,81,9.5751,55,67.9012,697.8500,8.6154,7.2500,20.7988,65.7000,20.7889,47.9000,2.8150,5.6746,128.650000
00,24,30.0000,30.0000,999.0000,28,0.7500,69,8.1565,50,72.4638,578.4500,8.3833,14.6500,17.9029,57.8200,20.2333,37.6400,2.4773,5.6400,106.700000
00,24,30.0000,30.0000,999.0000,44,0.7500,69,8.1565,53,76.8116,708.6500,10.2703,15.0500,18.8072,57.8200,20.8928,37.6400,3.2808,6.8738,131.600000
00,24,30.0000,30.0000,999.0000,24,0.7500,69,8.1565,46,66.6667,582.9500,8.4486,13.7500,17.4884,50.6800,20.2087,37.6400,2.5847,6.2114,108.650000
00,28,30.0000,40.0000,999.0000,44,0.7500,81,9.5751,55,67.9012,696.6500,8.6006,7.2500,20.8716,65.7000,20.7889,47.9000,2.8062,5.6449,129.850000
00,28,30.0000,60.0000,999.0000,40,0.7500,81,9.5751,55,67.9012,690.1500,8.5204,7.2500,21.0901,65.7000,21.8457,60.2000,2.7949,5.3876,128.650000
00,24,30.0000,70.0000,999.0000,24,0.7500,69,8.1565,46,66.6667,635.7500,9.2138,13.2500,18.9362,82.9000,23.8217,60.8000,2.7283,6.2737,119.150000
00,32,30.0000,70.0000,999.0000,48,0.7500,104,12.2939,57,54.8077,614.2000,5.9058,2.1500,20.5615,54.1500,19.0260,53.2700,2.2864,4.5549,115.350000
00,32,30.0000,70.0000,999.0000,52,0.7500,104,12.2939,57,54.8077,614.2000,5.9058,2.1500,20.5615,54.1500,19.0260,53.2700,2.2864,4.5549,115.350000
00,32,30.0000,40.0000,999.0000,4,0.7500,104,12.2939,53,50.9615,386.3000,3.7144,1.1000,8.8154,28.3200,12.5606,39.9300,2.1662,4.2124,72.550000
00,28,30.0000,70.0000,999.0000,36,0.7500,81,9.5751,54,66.6667,622.0500,7.6796,7.2500,21.0901,65.7000,21.8432,60.2000,2.6047,5.2626,116.850000
00,44,50.0000,70.0000,999.0000,16,0.7500,60,7.0926,35,58.3333,695.4000,11.5900,5.5500,15.3483,56.6000,23.1000,68.5450,4.1275,7.5628,130.950000
00,28,30.0000,60.0000,999.0000,44,0.7500,81,9.5751,55,67.9012,688.9500,8.5056,7.2500,21.1630,65.7000,21.8457,60.2000,2.7862,5.3607,129.850000
00,32,30.0000,50.0000,999.0000,4,0.7500,104,12.2939,53,50.9615,384.8000,3.7000,1.1000,8.8154,28.3200,13.0231,39.9300,2.1617,4.1365,72.550000
00,20,30.0000,40.0000,999.0000,2,0.7500,58,6.8562,36,62.0690,204.1000,3.5190,2.4000,7.8397,26.1550,13.8241,32.6500,2.0000,3.9475,38.550000
00,24,30.0000,60.0000,999.0000,16,0.7500,69,8.1565,46,66.6667,692.8500,10.0413,13.2500,18.3043,82.9000,23.8000,60.4400,3.0209,6.5478,131.350000
00,44,50.0000,50.0000,999.0000,28,0.7500,60,7.0926,33,55.0000,602.3000,10.0383,4.4000,16.7483,67.9050,23.5683,60.2200,3.1078,6.5918,114.500000
00,24,30.0000,40.0000,999.0000,20,0.7500,69,8.1565,45,65.2174,685.2500,9.9312,13.2500,18.7522,82.9000,22.5594,51.0000,2.8961,6.6449,130.300000
00,40,40.0000,70.0000,999.0000,8,0.7500,79,9.3386,44,55.6962,562.1500,7.1158,3.2500,10.9911,36.4300,17.0038,53.3600,3.1019,5.9288,106.900000
00,32,30.0000,99999.0000,999.0000,48,0.7500,104,12.2939,57,54.8077,606.3000,5.8298,2.1500,20.5615,54.1500,19.0260,53.2700,2.2699,4.5455,115.350000
00,32,30.0000,99999.0000,999.0000,52,0.7500,104,12.2939,57,54.8077,606.3000,5.8298,2.1500,20.5615,54.1500,19.0260,53.2700,2.2699,4.5455,115.350000
00,32,30.0000,30.0000,999.0000,4,0.7500,104,12.2939,53,50.9615,381.1000,3.6644,1.1000,8.8154,28.3200,12.2615,35.4550,2.1505,4.3551,72.550000
00,44,50.0000,99999.0000,999.0000,16,0.7500,60,7.0926,35,58.3333,687.3000,11.4550,5.5500,15.3483,56.6000,23.3150,68.5450,4.0911,7.5636,130.950000
00,44,50.0000,60.0000,999.0000,24,0.7500,60,7.0926,35,58.3333,652.7000,10.8783,4.5000,16.0183,56.6000,24.1700,70.7300,3.0777,6.4174,124.500000
00,28,30.0000,30.0000,999.0000,36,0.7500,81,9.5751,55,67.9012,611.3500,7.5475,8.2500,19.5654,54.6000,18.9864,36.5000,2.5941,5.5066,116.850000
00,40,40.0000,60.0000,999.0000,8,0.7500,79,9.3386,44,55.6962,559.2500,7.0791,3.2500,10.9911,36.4300,16.8405,53.3600,3.0910,5.9670,106.900000
00,24,30.0000,99999.0000,999.0000,24,0.7500,69,8.1565,46,66.6667,622.6500,9.0239,13.2500,18.9362,82.9000,23.8217,60.8000,2.6927,6.2645,119.150000
00,28,30.0000,99999.0000,999.0000,36,0.7500,81,9.5751,54,66.6667,608.9500,7.5179,7.2500,21.0901,65.7000,21.8432,60.2000,2.5709,5.2407,116.850000
00,36,40.0000,60.0000,999.0000,36,0.7500,62,7.3291,41,66.1290,594.4000,9.5871,7.3500,23.1919,65.1450,22.4855,53.4200,3.2648,6.9139,114.400000
00,12,20.0000,50.0000,999.0000,6,0.7500,57,6.7380,37,64.9123,487.0500,8.5447,6.6500,12.7982,48.0400,20.4667,59.0000,3.1860,6.3475,93.850000
00,28,30.0000,30.0000,999.0000,8,0.7500,81,9.5751,52,64.1975,553.4500,6.8327,5.5500,11.4778,38.5000,16.9173,36.5000,2.9883,6.6982,106.900000
00,36,40.0000,70.0000,999.0000,36,0.7500,62,7.3291,41,66.1290,590.0000,9.5161,7.3500,23.1919,65.1450,22.5097,53.4200,3.2480,6.8876,114.400000
00,44,50.0000,60.0000,999.0000,16,0.7500,60,7.0926,35,58.3333,673.3000,11.2217,5.5500,15.3483,56.6000,22.8850,65.1700,4.0281,7.6012,130.950000
00,24,30.0000,40.0000,999.0000,16,0.7500,69,8.1565,46,66.6667,674.4500,9.7746,13.2500,18.3043,82.9000,22.5594,51.0000,2.9672,6.7297,131.350000
00,36,40.0000,99999.0000,999.0000,36,0.7500,62,7.3291,41,66.1290,587.1000,9.4694,7.3500,23.1919,65.1450,22.5097,53.4200,3.2370,6.8936,114.400000
00,20,30.0000,30.0000,999.0000,2,0.7500,58,6.8562,36,62.0690,197.6000,3.4069,2.4000,7.8397,26.1550,13.7362,31.8850,1.9682,3.9777,38.550000
00,32,30.0000,50.0000,999.0000,8,0.7500,104,12.2939,56,53.8462,623.6000,5.9962,2.2000,11.1346,36.0950,16.4952,51.9950,2.4529,4.9656,122.050000
00,40,40.0000,50.0000,999.0000,8,0.7500,79,9.3386,44,55.6962,544.2500,6.8892,3.2500,10.9911,36.4300,16.5215,52.1500,3.0350,6.0276,106.900000
00,36,40.0000,50.0000,999.0000,36,0.7500,62,7.3291,41,66.1290,581.6000,9.3806,7.3500,23.1919,65.1450,22.2629,51.9950,3.2160,6.9393,114.400000
00,32,30.0000,50.0000,999.0000,40,0.7500,104,12.2939,57,54.8077,684.7000,6.5837,2.1500,20.2779,54.1500,18.8788,51.9950,2.3393,4.4507,135.400000
00,44,50.0000,30.0000,999.0000,6,0.7500,60,7.0926,36,60.0000,439.6000,7.3267,3.7000,8.6483,25.3850,16.3200,36.9100,3.5966,7.5212,87.700000
00,44,50.0000,99999.0000,999.0000,24,0.7500,60,7.0926,35,58.3333,623.2000,10.3867,4.5000,16.0183,56.6000,24.6000,71.4100,2.9838,6.2425,124.500000
00,32,30.0000,50.0000,999.0000,44,0.7500,104,12.2939,57,54.8077,683.5000,6.5721,2.1500,20.3346,54.1500,18.8788,51.9950,2.3338,4.4302,136.600000
00,40,40.0000,99999.0000,999.0000,8,0.7500,79,9.3386,44,55.6962,533.6500,6.7551,3.2500,10.9911,36.4300,17.0038,53.3600,2.9953,5.9644,106.900000
00,52,60.0000,50.0000,999.0000,2,0.7500,52,6.1470,29,55.7692,154.8000,2.9769,1.4500,5.7904,24.3900,9.6385,31.7750,2.3609,4.0389,31.150000
00,24,30.0000,70.0000,999.0000,20,0.7500,69,8.1565,45,65.2174,645.5500,9.3558,13.2500,18.7522,82.9000,23.8217,60.8000,2.7862,6.2915,130.300000
00,28,30.0000,70.0000,999.0000,40,0.7500,81,9.5751,55,67.9012,626.9500,7.7401,7.2500,21.0901,65.7000,21.8642,60.2000,2.6306,5.1488,128.650000
00,24,30.0000,99999.0000,999.0000,20,0.7500,69,8.1565,45,65.2174,632.4500,9.1659,13.2500,18.7522,82.9000,23.8217,60.8000,2.7500,6.2809,130.300000
00,32,30.0000,60.0000,999.0000,8,0.7500,104,12.2939,56,53.8462,590.1000,5.6740,2.2000,11.1346,36.0950,16.6279,53.2700,2.3749,4.7156,122.050000
00,52,60.0000,30.0000,999.0000,2,0.7500,52,6.1470,29,55.7692,150.5000,2.8942,1.4500,5.7904,24.3900,9.5404,29.4800,2.3231,4.1202,31.150000
00,44,50.0000,50.0000,999.0000,16,0.7500,60,7.0926,35,58.3333,632.3000,10.5383,5.5500,15.3483,56.6000,22.0000,59.0000,3.8437,7.6331,130.950000
00,28,30.0000,70.0000,999.0000,44,0.7500,81,9.5751,55,67.9012,625.7500,7.7253,7.2500,21.1630,65.7000,21.8642,60.2000,2.6224,5.1206,129.850000
00,20,30.0000,50.0000,999.0000,2,0.7500,58,6.8562,36,62.0690,185.0000,3.1897,2.4000,7.8397,26.1550,13.8241,32.6500,1.9064,3.7160,38.550000
00,24,30.0000,70.0000,999.0000,16,0.7500,69,8.1565,46,66.6667,629.6500,9.1254,13.2500,18.3043,82.9000,23.8217,60.8000,2.8365,6.3294,131.350000
00,28,30.0000,30.0000,999.0000,40,0.7500,81,9.5751,56,69.1358,616.2500,7.6080,8.2500,19.5654,54.6000,19.0074,36.5000,2.6202,5.3676,128.650000
00,36,40.0000,60.0000,999.0000,8,0.7500,62,7.3291,39,62.9032,511.7000,8.2532,6.3000,12.0194,38.3850,18.7919,53.4200,3.4726,6.8255,106.900000
00,12,20.0000,60.0000,999.0000,6,0.7500,57,6.7380,37,64.9123,449.0500,7.8781,6.6500,12.7982,48.0400,20.4667,59.0000,3.0155,6.0826,93.850000
00,36,40.0000,40.0000,999.0000,36,0.7500,62,7.3291,41,66.1290,546.4000,8.8129,7.3500,23.1919,65.1450,21.3629,46.8050,3.0819,6.8679,114.400000
00,28,30.0000,99999.0000,999.0000,40,0.7500,81,9.5751,55,67.9012,613.8500,7.5784,7.2500,21.0901,65.7000,21.8642,60.2000,2.5965,5.1230,128.650000
00,12,20.0000,40.0000,999.0000,6,0.7500,57,6.7380,37,64.9123,444.9500,7.8061,6.6500,12.7982,48.0400,19.6965,49.1000,2.9971,6.2439,93.850000
00,28,30.0000,30.0000,999.0000,44,0.7500,81,9.5751,56,69.1358,615.0500,7.5932,8.2500,19.6383,54.6000,19.0074,36.5000,2.6120,5.3356,129.850000
00,44,50.0000,50.0000,999.0000,24,0.7500,60,7.0926,35,58.3333,588.7000,9.8117,4.5000,16.0183,56.6000,23.2850,60.2200,2.8739,6.2432,124.500000
00,36,40.0000,50.0000,999.0000,8,0.7500,62,7.3291,39,62.9032,505.1000,8.1468,6.3000,12.0194,38.3850,18.5694,51.9950,3.4407,6.9137,106.900000
00,28,30.0000,99999.0000,999.0000,44,0.7500,81,9.5751,55,67.9012,612.6500,7.5636,7.2500,21.1630,65.7000,21.8642,60.2000,2.5884,5.0941,129.850000
00,40,40.0000,40.0000,999.0000,8,0.7500,79,9.3386,44,55.6962,504.3500,6.3842,3.2500,10.9911,36.4300,15.7570,45.1900,2.8858,5.9992,106.900000
00,32,30.0000,60.0000,999.0000,40,0.7500,104,12.2939,57,54.8077,638.4000,6.1385,2.1500,20.5048,54.1500,19.0115,53.2700,2.2487,4.1695,135.400000
00,36,40.0000,70.0000,999.0000,8,0.7500,62,7.3291,39,62.9032,502.3000,8.1016,6.3000,12.0194,38.3850,18.8161,53.4200,3.4272,6.8024,106.900000
00,24,30.0000,99999.0000,999.0000,16,0.7500,69,8.1565,46,66.6667,616.5500,8.9355,13.2500,18.3043,82.9000,23.8217,60.8000,2.7983,6.3238,131.350000
00,48,50.0000,30.0000,999.0000,6,0.7500,79,9.3386,42,53.1646,431.5500,5.4627,1.4500,8.8937,33.9600,14.1000,36.5000,2.7778,5.7288,92.050000
00,32,30.0000,40.0000,999.0000,8,0.7500,104,12.2939,56,53.8462,569.6000,5.4769,2.2000,11.1346,36.0950,15.8048,47.4950,2.3271,4.8599,122.050000
00,32,30.0000,60.0000,999.0000,44,0.7500,104,12.2939,57,54.8077,637.2000,6.1269,2.1500,20.5615,54.1500,19.0115,53.2700,2.2434,4.1497,136.600000
00,52,60.0000,60.0000,999.0000,2,0.7500,52,6.1470,29,55.7692,145.3000,2.7942,1.4500,5.7904,24.3900,9.6385,31.7750,2.2774,4.0258,31.150000
00,52,60.0000,70.0000,999.0000,2,0.7500,52,6.1470,29,55.7692,145.3000,2.7942,1.4500,5.7904,24.3900,9.6385,31.7750,2.2774,4.0258,31.150000
00,52,60.0000,99999.0000,999.0000,2,0.7500,52,6.1470,29,55.7692,145.3000,2.7942,1.4500,5.7904,24.3900,9.6385,31.7750,2.2774,4.0258,31.150000
00,28,30.0000,50.0000,999.0000,6,0.7500,81,9.5751,48,59.2593,572.4500,7.0673,3.0500,10.3704,36.2000,17.9333,52.1000,3.0775,5.9832,123.300000
00,32,30.0000,70.0000,999.0000,4,0.7500,104,12.2939,53,50.9615,336.2000,3.2327,1.1000,8.8154,28.3200,13.0231,39.9300,2.0149,3.9399,72.550000
00,32,30.0000,99999.0000,999.0000,4,0.7500,104,12.2939,53,50.9615,336.2000,3.2327,1.1000,8.8154,28.3200,13.0231,39.9300,2.0149,3.9399,72.550000
00,28,30.0000,60.0000,999.0000,6,0.7500,81,9.5751,48,59.2593,570.4500,7.0426,3.0500,10.3704,36.2000,18.1037,53.6000,3.0702,5.8667,123.300000
00,44,50.0000,40.0000,999.0000,28,0.7500,60,7.0926,33,55.0000,529.5000,8.8250,4.4000,16.7483,67.9050,22.3350,52.4450,2.8530,6.3386,114.500000
00,32,30.0000,40.0000,999.0000,40,0.7500,104,12.2939,57,54.8077,625.6000,6.0154,2.1500,20.2779,54.1500,18.1231,47.4950,2.2237,4.2609,135.400000
00,24,30.0000,30.0000,999.0000,16,0.7500,69,8.1565,47,68.1159,606.4500,8.7891,13.7500,16.8565,50.6800,20.2087,37.6400,2.8322,6.6283,131.350000
00,32,30.0000,40.0000,999.0000,44,0.7500,104,12.2939,57,54.8077,624.4000,6.0038,2.1500,20.3346,54.1500,18.1231,47.4950,2.2185,4.2395,136.600000
00,44,50.0000,70.0000,999.0000,20,0.7500,60,7.0926,34,56.6667,566.0000,9.4333,4.5000,15.9267,56.6000,23.1000,68.5450,2.6936,5.6726,124.200000
00,20,30.0000,60.0000,999.0000,2,0.7500,58,6.8562,36,62.0690,175.5000,3.0259,2.4000,7.8397,26.1550,13.8241,32.6500,1.8599,3.6639,38.550000
00,20,30.0000,70.0000,999.0000,2,0.7500,58,6.8562,36,62.0690,175.5000,3.0259,2.4000,7.8397,26.1550,13.8241,32.6500,1.8599,3.6639,38.550000
00,20,30.0000,99999.0000,999.0000,2,0.7500,58,6.8562,36,62.0690,175.5000,3.0259,2.4000,7.8397,26.1550,13.8241,32.6500,1.8599,3.6639,38.550000
00,36,40.0000,40.0000,999.0000,8,0.7500,62,7.3291,39,62.9032,486.5000,7.8468,6.3000,12.0194,38.3850,17.7790,46.8050,3.3508,6.9959,106.900000
00,24,30.0000,30.0000,999.0000,20,0.7500,69,8.1565,45,65.2174,592.7500,8.5906,13.7500,17.3043,50.6800,20.2087,37.6400,2.6401,6.2234,130.300000
00,48,40.0000,40.0000,999.0000,4,0.7500,139,16.4313,68,48.9209,379.8500,2.7327,-0.5500,7.5086,25.8000,10.1050,35.6000,1.9436,3.4616,83.800000
00,36,40.0000,99999.0000,999.0000,8,0.7500,62,7.3291,39,62.9032,483.4000,7.7968,6.3000,12.0194,38.3850,18.8161,53.4200,3.3358,6.8622,106.900000
00,44,50.0000,99999.0000,999.0000,20,0.7500,60,7.0926,34,56.6667,557.9000,9.2983,4.5000,15.9267,56.6000,23.3150,68.5450,2.6694,5.6501,124.200000
00,20,30.0000,30.0000,999.0000,12,0.7500,53,6.2652,38,71.6981,569.5500,10.7462,14.7500,14.2547,49.1200,22.2151,39.9200,3.5558,7.7698,127.700000
00,44,50.0000,40.0000,999.0000,16,0.7500,60,7.0926,35,58.3333,582.2000,9.7033,5.5500,15.3483,56.6000,20.7667,47.6150,3.6184,7.6046,130.950000
00,32,30.0000,30.0000,999.0000,40,0.7500,104,12.2939,59,56.7308,594.0000,5.7115,2.5500,18.9587,50.8800,16.7356,36.5000,2.2021,4.3005,135.400000
00,44,50.0000,60.0000,999.0000,20,0.7500,60,7.0926,34,56.6667,543.9000,9.0650,4.5000,15.9267,56.6000,22.8850,65.1700,2.6275,5.6327,124.200000
00,48,40.0000,50.0000,999.0000,4,0.7500,139,16.4313,68,48.9209,366.9500,2.6399,-0.5500,7.5086,25.8000,10.3691,35.6000,1.9116,3.3453,83.800000
00,32,30.0000,70.0000,999.0000,8,0.7500,104,12.2939,56,53.8462,532.1000,5.1163,2.2000,11.1346,36.0950,16.6423,53.2700,2.2397,4.5507,122.050000
00,24,30.0000,30.0000,999.0000,12,0.7500,69,8.1565,46,66.6667,554.6500,8.0384,10.8500,15.3116,50.6800,20.0275,37.6400,2.5822,5.8570,127.700000
00,32,30.0000,30.0000,999.0000,44,0.7500,104,12.2939,59,56.7308,592.8000,5.7000,2.5500,19.0154,50.8800,16.7356,36.5000,2.1967,4.2768,136.600000
00,44,50.0000,30.0000,999.0000,16,0.7500,60,7.0926,36,60.0000,562.9000,9.3817,7.4000,13.6833,45.7250,19.0917,39.2850,3.6741,8.0706,130.950000
00,32,30.0000,99999.0000,999.0000,8,0.7500,104,12.2939,56,53.8462,524.2000,5.0404,2.2000,11.1346,36.0950,16.6423,53.2700,2.2213,4.5496,122.050000
00,32,30.0000,70.0000,999.0000,40,0.7500,104,12.2939,57,54.8077,580.4000,5.5808,2.1500,20.5048,54.1500,19.0260,53.2700,2.1353,3.9603,135.400000
00,12,20.0000,70.0000,999.0000,6,0.7500,57,6.7380,37,64.9123,400.4500,7.0254,6.6500,12.7982,48.0400,20.4667,59.0000,2.7974,5.9272,93.850000
00,12,20.0000,99999.0000,999.0000,6,0.7500,57,6.7380,37,64.9123,400.4500,7.0254,6.6500,12.7982,48.0400,20.4667,59.0000,2.7974,5.9272,93.850000
00,28,30.0000,40.0000,999.0000,6,0.7500,81,9.5751,48,59.2593,525.0500,6.4821,3.0500,10.3704,36.2000,17.1988,47.6000,2.9055,5.9383,123.300000
00,32,30.0000,70.0000,999.0000,44,0.7500,104,12.2939,57,54.8077,579.2000,5.5692,2.1500,20.5615,54.1500,19.0260,53.2700,2.1303,3.9398,136.600000
00,28,30.0000,70.0000,999.0000,6,0.7500,81,9.5751,48,59.2593,521.4500,6.4377,3.0500,10.3704,36.2000,18.1222,53.6000,2.8924,5.7464,123.300000
00,32,30.0000,99999.0000,999.0000,40,0.7500,104,12.2939,57,54.8077,572.5000,5.5048,2.1500,20.5048,54.1500,19.0260,53.2700,2.1198,3.9427,135.400000
00,12,20.0000,30.0000,999.0000,6,0.7500,57,6.7380,38,66.6667,402.6500,7.0640,6.8500,12.7982,48.0400,18.1088,36.8800,2.8158,6.1637,95.300000
00,48,40.0000,60.0000,999.0000,4,0.7500,139,16.4313,68,48.9209,352.9500,2.5392,-0.5500,7.5086,25.8000,10.3691,35.6000,1.8768,3.2802,83.800000
00,44,50.0000,30.0000,999.0000,48,0.7500,60,7.0926,42,70.0000,581.8000,9.6967,11.6500,20.1550,96.3900,20.9333,39.2850,2.9843,6.7966,138.750000
00,40,40.0000,40.0000,999.0000,4,0.7500,79,9.3386,42,53.1646,303.6500,3.8437,1.7500,8.9747,33.0500,12.3658,36.8800,2.2671,4.4870,72.550000
00,32,30.0000,99999.0000,999.0000,44,0.7500,104,12.2939,57,54.8077,571.3000,5.4933,2.1500,20.5615,54.1500,19.0260,53.2700,2.1148,3.9220,136.600000
00,44,50.0000,30.0000,999.0000,28,0.7500,60,7.0926,34,56.6667,477.8000,7.9633,6.2000,15.0200,46.3200,19.4367,39.2850,2.6949,6.3447,114.500000
00,44,50.0000,30.0000,999.0000,52,0.7500,60,7.0926,42,70.0000,598.7000,9.9783,11.6500,20.1550,96.3900,20.9333,39.2850,3.1668,7.0756,143.550000
00,36,40.0000,40.0000,999.0000,4,0.7500,62,7.3291,37,59.6774,302.1000,4.8726,4.1000,9.6758,36.0250,14.1952,40.1100,2.5472,5.2612,72.550000
00,40,40.0000,60.0000,999.0000,4,0.7500,79,9.3386,42,53.1646,301.8500,3.8209,1.7500,8.9747,33.0500,12.6861,37.2800,2.2595,4.3604,72.550000
00,48,40.0000,30.0000,999.0000,4,0.7500,139,16.4313,68,48.9209,348.2500,2.5054,-0.5500,7.5086,25.8000,9.8813,33.5200,1.8651,3.3764,83.800000
00,36,40.0000,60.0000,999.0000,4,0.7500,62,7.3291,37,59.6774,300.3000,4.8435,4.1000,9.6758,36.0250,14.6032,43.9100,2.5380,5.1014,72.550000
00,28,30.0000,99999.0000,999.0000,6,0.7500,81,9.5751,48,59.2593,508.3500,6.2759,3.0500,10.3704,36.2000,18.1222,53.6000,2.8449,5.7729,123.300000
00,20,30.0000,50.0000,999.0000,12,0.7500,53,6.2652,37,69.8113,698.2500,13.1745,13.2500,16.1396,76.2000,26.5264,60.3600,3.6379,7.6204,169.550000
00,32,30.0000,30.0000,999.0000,36,0.7500,104,12.2939,58,55.7692,552.9000,5.3163,2.5500,18.9587,50.8800,16.6615,36.5000,2.0364,4.0374,134.500000
00,44,50.0000,40.0000,999.0000,24,0.7500,60,7.0926,35,58.3333,510.1000,8.5017,4.5000,16.0183,56.6000,22.0517,52.4450,2.6237,5.9041,124.500000
00,40,40.0000,50.0000,999.0000,4,0.7500,79,9.3386,42,53.1646,296.7500,3.7563,1.7500,8.9747,33.0500,12.6861,37.2800,2.2383,4.3727,72.550000
00,44,50.0000,50.0000,999.0000,20,0.7500,60,7.0926,34,56.6667,507.9000,8.4650,4.5000,15.9267,56.6000,22.0000,59.0000,2.5197,5.5593,124.200000
00,36,40.0000,50.0000,999.0000,4,0.7500,62,7.3291,37,59.6774,295.2000,4.7613,4.1000,9.6758,36.0250,14.6032,43.9100,2.5119,5.1226,72.550000
00,40,40.0000,30.0000,999.0000,8,0.7500,79,9.3386,44,55.6962,433.6500,5.4892,3.2500,10.9911,36.4300,14.8076,35.3300,2.6214,5.7198,106.900000
00,44,50.0000,70.0000,999.0000,48,0.7500,60,7.0926,41,68.3333,757.9000,12.6317,8.8500,23.3700,102.2950,26.1817,71.4100,3.2022,6.5502,189.700000
00,28,30.0000,30.0000,999.0000,6,0.7500,81,9.5751,49,60.4938,490.6500,6.0574,4.1500,10.3704,36.2000,15.9654,36.5000,2.7999,6.0465,123.300000
00,40,40.0000,30.0000,999.0000,4,0.7500,79,9.3386,42,53.1646,286.9500,3.6323,1.7500,8.9747,33.0500,11.9722,33.5200,2.1974,4.4836,72.550000
00,32,30.0000,50.0000,999.0000,36,0.7500,104,12.2939,56,53.8462,625.3000,6.0125,2.1500,20.2779,54.1500,18.8048,51.9950,2.0991,4.0530,158.950000
00,36,40.0000,30.0000,999.0000,4,0.7500,62,7.3291,37,59.6774,285.4000,4.6032,4.1000,9.6758,36.0250,13.6935,34.5400,2.4617,5.2776,72.550000
00,24,30.0000,50.0000,999.0000,12,0.7500,69,8.1565,45,65.2174,663.5500,9.6167,10.5500,16.7594,55.6000,23.4188,59.7200,2.6910,5.8606,169.550000
00,12,20.0000,50.0000,999.0000,8,0.7500,57,6.7380,41,71.9298,544.9500,9.5605,8.8500,13.8088,57.4200,20.9404,59.0000,3.3033,7.0136,140.450000
00,36,40.0000,30.0000,999.0000,8,0.7500,62,7.3291,39,62.9032,414.5000,6.6855,6.3000,12.0194,38.3850,16.5694,36.4350,3.0029,6.6980,106.900000
00,32,30.0000,30.0000,999.0000,8,0.7500,104,12.2939,56,53.8462,472.7000,4.5452,2.2000,11.1346,36.0950,14.4990,36.5000,2.1014,4.4941,122.050000
00,44,50.0000,70.0000,999.0000,52,0.7500,60,7.0926,41,68.3333,794.9000,13.2483,9.8000,23.3700,102.2950,26.1817,71.4100,3.3480,6.8041,205.800000
00,40,40.0000,30.0000,999.0000,36,0.7500,79,9.3386,52,65.8228,501.2500,6.3449,7.0500,20.1430,57.0000,18.5051,36.5000,2.1064,4.6789,130.050000
00,20,30.0000,60.0000,999.0000,12,0.7500,53,6.2652,37,69.8113,651.7500,12.2972,13.2500,16.1396,76.2000,27.0811,62.7200,3.4622,7.1387,169.550000
00,52,50.0000,70.0000,999.0000,6,0.7500,94,11.1118,49,52.1277,551.2000,5.8638,1.1500,8.4787,35.5500,14.2521,51.2600,2.7115,4.7544,145.100000
00,44,50.0000,60.0000,999.0000,48,0.7500,60,7.0926,41,68.3333,715.8000,11.9300,8.8500,23.3700,102.2950,25.9667,70.7300,3.0799,6.4581,189.700000
00,48,40.0000,70.0000,999.0000,4,0.7500,139,16.4313,68,48.9209,311.6500,2.2421,-0.5500,7.5086,25.8000,10.3691,35.6000,1.7742,3.1297,83.800000
00,48,40.0000,99999.0000,999.0000,4,0.7500,139,16.4313,68,48.9209,311.6500,2.2421,-0.5500,7.5086,25.8000,10.3691,35.6000,1.7742,3.1297,83.800000
00,48,50.0000,70.0000,999.0000,28,0.7500,79,9.3386,40,50.6329,734.3500,9.2956,1.6500,18.5924,109.9700,21.7532,71.5200,2.5291,5.0083,197.850000
00,44,50.0000,30.0000,999.0000,24,0.7500,60,7.0926,36,60.0000,458.6000,7.6433,5.8500,14.3533,45.7250,19.1533,39.2850,2.5312,5.9088,124.500000
00,52,50.0000,99999.0000,999.0000,6,0.7500,94,11.1118,49,52.1277,532.9000,5.6691,1.1500,8.4787,35.5500,14.3894,51.2600,2.6547,4.7340,145.100000
00,32,30.0000,50.0000,999.0000,6,0.7500,104,12.2939,52,50.0000,496.1000,4.7702,-0.3000,10.1904,35.0800,15.1846,50.3400,2.2024,4.1975,135.200000
00,44,50.0000,60.0000,999.0000,52,0.7500,60,7.0926,41,68.3333,752.8000,12.5467,9.8000,23.3700,102.2950,25.9667,70.7300,3.2236,6.7176,205.800000
00,32,30.0000,60.0000,999.0000,6,0.7500,104,12.2939,52,50.0000,494.1000,4.7510,-0.3000,10.1904,35.0800,15.3173,50.3400,2.1975,4.1246,135.200000
00,28,30.0000,50.0000,999.0000,32,0.7500,81,9.5751,51,62.9630,577.5500,7.1302,6.7500,20.3346,65.7000,20.9284,59.0000,2.0965,4.4070,158.450000
00,44,50.0000,40.0000,999.0000,20,0.7500,60,7.0926,34,56.6667,452.5000,7.5417,4.5000,15.9267,56.6000,20.7667,47.6150,2.3540,5.3119,124.200000
00,32,30.0000,60.0000,999.0000,36,0.7500,104,12.2939,56,53.8462,579.0000,5.5673,2.1500,20.5048,54.1500,18.9375,53.2700,2.0178,3.7724,158.950000
00,28,30.0000,50.0000,999.0000,28,0.7500,81,9.5751,50,61.7284,548.2500,6.7685,6.5500,19.7531,65.7000,20.9074,59.0000,1.9973,4.0776,150.550000
00,44,50.0000,99999.0000,999.0000,48,0.7500,60,7.0926,41,68.3333,686.3000,11.4383,8.8500,23.3700,102.2950,26.3967,71.4100,2.9942,6.2854,189.700000
00,12,20.0000,60.0000,999.0000,8,0.7500,57,6.7380,41,71.9298,506.9500,8.8939,8.8500,13.8088,57.4200,20.9404,59.0000,3.1426,6.7640,140.450000
00,20,20.0000,50.0000,999.0000,8,0.7500,109,12.8850,73,66.9725,705.2500,6.4702,6.6500,14.0523,57.2200,18.6339,53.1800,2.2097,4.5052,195.800000
00,52,50.0000,60.0000,999.0000,6,0.7500,94,11.1118,49,52.1277,522.0000,5.5532,1.1500,8.4787,35.5500,14.1149,51.2600,2.6209,4.7360,145.100000
00,28,30.0000,50.0000,999.0000,16,0.7500,81,9.5751,48,59.2593,583.3500,7.2019,3.8500,18.3642,53.8000,20.8679,59.0000,2.2485,4.7924,162.350000
00,40,40.0000,70.0000,999.0000,4,0.7500,79,9.3386,42,53.1646,260.5500,3.2981,1.7500,8.9747,33.0500,12.6861,37.2800,2.0872,4.1866,72.550000
00,40,40.0000,99999.0000,999.0000,4,0.7500,79,9.3386,42,53.1646,260.5500,3.2981,1.7500,8.9747,33.0500,12.6861,37.2800,2.0872,4.1866,72.550000
00,24,30.0000,60.0000,999.0000,12,0.7500,69,8.1565,45,65.2174,607.0500,8.7978,10.5500,16.7594,55.6000,23.6188,60.4400,2.5470,5.4517,169.550000
00,12,20.0000,40.0000,999.0000,8,0.7500,57,6.7380,41,71.9298,502.8500,8.8219,8.8500,13.8088,57.4200,20.1702,49.1000,3.1253,6.9418,140.450000
00,48,50.0000,70.0000,999.0000,32,0.7500,79,9.3386,42,53.1646,657.9500,8.3285,2.5500,20.6177,109.9700,22.5835,71.5200,2.0703,4.2177,184.250000
00,44,50.0000,30.0000,999.0000,20,0.7500,60,7.0926,35,58.3333,443.5000,7.3917,5.1500,14.2617,45.7250,19.0917,39.2850,2.4577,5.7742,124.200000
00,36,40.0000,70.0000,999.0000,4,0.7500,62,7.3291,37,59.6774,259.0000,4.1774,4.1000,9.6758,36.0250,14.6032,43.9100,2.3265,4.9290,72.550000
00,36,40.0000,99999.0000,999.0000,4,0.7500,62,7.3291,37,59.6774,259.0000,4.1774,4.1000,9.6758,36.0250,14.6032,43.9100,2.3265,4.9290,72.550000
00,20,30.0000,40.0000,999.0000,12,0.7500,53,6.2652,37,69.8113,604.8500,11.4123,13.2500,16.1396,76.2000,25.1717,52.8200,3.2850,7.2032,169.550000
00,32,30.0000,40.0000,999.0000,36,0.7500,104,12.2939,56,53.8462,566.2000,5.4442,2.1500,20.2779,54.1500,18.0490,47.4950,1.9953,3.8467,158.950000
00,20,30.0000,70.0000,999.0000,12,0.7500,53,6.2652,37,69.8113,598.5500,11.2934,13.2500,16.1396,76.2000,27.1094,63.2600,3.2612,6.8582,169.550000
00,44,50.0000,99999.0000,999.0000,52,0.7500,60,7.0926,41,68.3333,723.3000,12.0550,9.8000,23.3700,102.2950,26.3967,71.4100,3.1365,6.5473,205.800000
00,24,30.0000,40.0000,999.0000,12,0.7500,69,8.1565,45,65.2174,591.4500,8.5717,10.5500,16.7594,55.6000,22.3783,51.0000,2.5073,5.5740,169.550000
00,48,50.0000,70.0000,999.0000,8,0.7500,79,9.3386,42,53.1646,569.5500,7.2095,2.7500,10.8430,33.9600,17.5405,65.3400,2.7225,4.8437,163.300000
00,44,40.0000,40.0000,999.0000,4,0.7500,108,12.7668,53,49.0741,283.0000,2.6204,-0.6500,8.7278,30.9150,10.7722,34.7650,1.8154,3.2623,81.350000
00,52,50.0000,50.0000,999.0000,6,0.7500,94,11.1118,49,52.1277,501.7000,5.3372,1.1500,8.4787,35.5500,13.6713,50.7350,2.5578,4.7294,145.100000
00,44,40.0000,60.0000,999.0000,4,0.7500,108,12.7668,53,49.0741,281.2000,2.6037,-0.6500,8.7278,30.9150,11.0065,34.7650,1.8103,3.1814,81.350000
00,48,50.0000,60.0000,999.0000,8,0.7500,79,9.3386,42,53.1646,564.3500,7.1437,2.7500,10.8430,33.9600,17.3772,61.0400,2.7068,4.8582,163.300000
00,44,50.0000,70.0000,999.0000,32,0.7500,60,7.0926,35,58.3333,582.3000,9.7050,7.8500,19.2100,67.9050,25.5283,71.4100,2.2291,4.7230,169.600000
00,48,50.0000,60.0000,999.0000,28,0.7500,79,9.3386,40,50.6329,677.1500,8.5715,1.6500,18.5924,109.9700,21.3772,68.6300,2.4100,4.8552,197.850000
00,28,30.0000,30.0000,999.0000,12,0.7500,81,9.5751,47,58.0247,436.5500,5.3895,5.5500,15.2494,46.0000,17.9617,36.5000,1.9412,4.0335,127.700000
00,20,30.0000,99999.0000,999.0000,12,0.7500,53,6.2652,37,69.8113,579.0500,10.9255,13.2500,16.1396,76.2000,27.1377,63.2600,3.1876,6.8354,169.550000
00,44,50.0000,50.0000,999.0000,48,0.7500,60,7.0926,41,68.3333,645.3000,10.7550,8.8500,23.3700,102.2950,25.0817,60.2200,2.8751,6.2151,189.700000
00,20,20.0000,40.0000,999.0000,8,0.7500,110,13.0032,74,67.2727,653.2000,5.9382,6.1000,13.9527,57.1850,18.0091,47.7650,2.1204,4.3552,192.050000
00,44,40.0000,50.0000,999.0000,4,0.7500,108,12.7668,53,49.0741,276.1000,2.5565,-0.6500,8.7278,30.9150,11.0065,34.7650,1.7956,3.1769,81.350000
00,44,50.0000,30.0000,999.0000,44,0.7500,60,7.0926,42,70.0000,541.4000,9.0233,11.6500,20.1550,96.3900,20.9333,39.2850,2.6229,5.8637,160.750000
00,32,30.0000,40.0000,999.0000,6,0.7500,104,12.2939,52,50.0000,453.3000,4.3587,-0.3000,10.1904,35.0800,14.6125,44.8950,2.0986,4.0881,135.200000
00,48,50.0000,99999.0000,999.0000,8,0.7500,79,9.3386,42,53.1646,545.4500,6.9044,2.7500,10.8430,33.9600,17.7038,65.3400,2.6496,4.7796,163.300000
00,48,50.0000,99999.0000,999.0000,28,0.7500,79,9.3386,40,50.6329,675.5500,8.5513,1.6500,18.5924,109.9700,22.0228,73.5300,2.4067,4.7839,202.350000
00,28,30.0000,40.0000,999.0000,32,0.7500,81,9.5751,51,62.9630,526.5500,6.5006,6.7500,20.3346,65.7000,20.0420,47.9000,1.9997,4.2058,158.450000
00,28,30.0000,40.0000,999.0000,16,0.7500,81,9.5751,48,59.2593,538.6500,6.6500,3.8500,18.3642,53.8000,19.9815,47.9000,2.1528,4.6553,162.350000
00,44,50.0000,50.0000,999.0000,52,0.7500,60,7.0926,41,68.3333,682.3000,11.3717,9.8000,23.3700,102.2950,25.0817,60.2200,3.0154,6.4836,205.800000
00,28,30.0000,40.0000,999.0000,28,0.7500,81,9.5751,50,61.7284,497.2500,6.1389,6.5500,19.7531,65.7000,20.0210,47.9000,1.9045,3.8634,150.550000
00,32,30.0000,70.0000,999.0000,6,0.7500,104,12.2939,52,50.0000,445.1000,4.2798,-0.3000,10.1904,35.0800,15.3317,50.3400,2.0788,3.9501,135.200000
00,32,30.0000,70.0000,999.0000,36,0.7500,104,12.2939,56,53.8462,521.0000,5.0096,2.1500,20.5048,54.1500,18.9519,53.2700,1.9158,3.5479,158.950000
00,28,30.0000,60.0000,999.0000,32,0.7500,81,9.5751,51,62.9630,518.8500,6.4056,6.7500,20.6259,65.7000,21.0988,60.2000,1.9851,3.9853,158.450000
00,44,40.0000,30.0000,999.0000,4,0.7500,108,12.7668,53,49.0741,266.0000,2.4630,-0.6500,8.7278,30.9150,10.4843,32.6650,1.7665,3.2159,81.350000
00,12,20.0000,70.0000,999.0000,8,0.7500,57,6.7380,41,71.9298,458.3500,8.0412,8.8500,13.8088,57.4200,20.9404,59.0000,2.9372,6.6474,140.450000
00,12,20.0000,99999.0000,999.0000,8,0.7500,57,6.7380,41,71.9298,458.3500,8.0412,8.8500,13.8088,57.4200,20.9404,59.0000,2.9372,6.6474,140.450000
00,48,50.0000,60.0000,999.0000,32,0.7500,79,9.3386,42,53.1646,600.7500,7.6044,2.5500,20.6177,109.9700,22.2076,68.6300,1.9772,4.0272,184.250000
00,48,50.0000,99999.0000,999.0000,32,0.7500,79,9.3386,42,53.1646,599.1500,7.5842,2.5500,20.6177,109.9700,22.8532,73.5300,1.9746,3.9731,184.250000
00,28,30.0000,60.0000,999.0000,28,0.7500,81,9.5751,50,61.7284,489.5500,6.0438,6.5500,20.0444,65.7000,21.0778,60.2000,1.8905,3.6653,150.550000
00,40,40.0000,70.0000,999.0000,6,0.7500,79,9.3386,40,50.6329,426.7500,5.4019,0.0500,10.1215,35.5700,15.2367,48.1100,2.6811,4.9242,131.500000
00,32,30.0000,99999.0000,999.0000,36,0.7500,104,12.2939,56,53.8462,513.1000,4.9337,2.1500,20.5048,54.1500,18.9519,53.2700,1.9019,3.5267,158.950000
00,24,30.0000,70.0000,999.0000,12,0.7500,69,8.1565,45,65.2174,543.8500,7.8819,10.5500,16.7594,55.6000,23.6406,60.8000,2.3860,5.1725,169.550000
00,12,20.0000,30.0000,999.0000,8,0.7500,57,6.7380,41,71.9298,449.2500,7.8816,9.1500,13.8088,57.4200,18.5404,36.8800,2.8988,6.7280,140.450000
00,32,30.0000,99999.0000,999.0000,6,0.7500,104,12.2939,52,50.0000,432.0000,4.1538,-0.3000,10.1904,35.0800,15.3317,50.3400,2.0470,3.9340,135.200000
00,12,20.0000,50.0000,999.0000,4,0.7500,57,6.7380,32,56.1404,264.6500,4.6430,2.8500,10.8123,35.3600,16.7965,48.0800,2.1240,4.2645,83.050000
00,44,50.0000,60.0000,999.0000,32,0.7500,60,7.0926,35,58.3333,540.2000,9.0033,7.8500,19.2100,67.9050,25.3133,70.7300,2.1403,4.5593,169.600000
00,48,50.0000,50.0000,999.0000,8,0.7500,79,9.3386,42,53.1646,518.8500,6.5677,2.7500,10.8430,33.9600,16.7051,56.3900,2.5692,4.7341,163.300000
00,20,20.0000,60.0000,999.0000,8,0.7500,109,12.8850,73,66.9725,664.7500,6.0986,6.6500,14.0523,57.2200,18.7606,53.7800,2.1402,4.2921,210.300000
00,12,20.0000,40.0000,999.0000,4,0.7500,57,6.7380,32,56.1404,261.5500,4.5886,2.8500,10.8123,35.3600,16.2263,42.6200,2.1109,4.3307,83.050000
00,48,50.0000,99999.0000,999.0000,16,0.7500,79,9.3386,40,50.6329,648.8500,8.2133,0.3500,17.3924,109.9700,20.6861,69.0900,2.4107,4.5079,206.150000
00,24,30.0000,99999.0000,999.0000,12,0.7500,69,8.1565,45,65.2174,530.7500,7.6920,10.5500,16.7594,55.6000,23.6406,60.8000,2.3526,5.1417,169.550000
00,44,50.0000,30.0000,999.0000,36,0.7500,60,7.0926,40,66.6667,436.7000,7.2783,11.6500,18.9600,64.1800,20.8050,39.2850,2.0151,4.5260,139.750000
00,48,50.0000,70.0000,999.0000,16,0.7500,79,9.3386,40,50.6329,644.1500,8.1538,0.3500,17.3924,109.9700,20.4165,68.8700,2.4005,4.5008,206.150000
00,44,50.0000,40.0000,999.0000,2,0.7500,67,7.9201,38,56.7164,189.5500,2.8291,1.0500,6.2970,24.6400,10.8716,30.7600,2.0166,3.5596,60.850000
00,28,30.0000,50.0000,999.0000,12,0.7500,81,9.5751,46,56.7901,527.9500,6.5179,5.5500,16.4827,53.8000,20.6296,59.0000,2.0441,4.1720,169.550000
00,44,50.0000,30.0000,999.0000,12,0.7500,60,7.0926,34,56.6667,395.2000,6.5867,5.5500,12.9950,45.7250,18.3450,36.9100,2.3143,4.7669,127.700000
00,40,40.0000,60.0000,999.0000,6,0.7500,79,9.3386,40,50.6329,406.7500,5.1487,0.0500,10.1215,35.5700,15.0734,48.1100,2.6023,4.9465,131.500000
00,40,40.0000,50.0000,999.0000,6,0.7500,79,9.3386,40,50.6329,406.4500,5.1449,0.0500,10.1215,35.5700,14.8987,48.1100,2.6011,4.9926,131.500000
00,12,20.0000,60.0000,999.0000,4,0.7500,57,6.7380,32,56.1404,256.3500,4.4974,2.8500,10.8123,35.3600,16.7965,48.0800,2.0888,4.1860,83.050000
00,52,50.0000,40.0000,999.0000,6,0.7500,94,11.1118,49,52.1277,447.0000,4.7553,1.1500,8.4787,35.5500,13.1596,44.4400,2.3880,4.5608,145.100000
00,44,50.0000,70.0000,999.0000,12,0.7500,60,7.0926,33,55.0000,525.8000,8.7633,3.5500,14.6600,56.6000,22.3233,68.5450,2.5350,4.9336,171.100000
00,40,40.0000,99999.0000,999.0000,6,0.7500,79,9.3386,40,50.6329,404.0500,5.1146,0.0500,10.1215,35.5700,15.2367,48.1100,2.5917,4.9466,131.500000
00,32,30.0000,30.0000,999.0000,6,0.7500,104,12.2939,53,50.9615,414.3000,3.9837,0.4500,10.1904,35.0800,13.6519,36.5000,2.0114,4.0374,135.200000
00,28,30.0000,60.0000,999.0000,16,0.7500,81,9.5751,47,58.0247,496.2500,6.1265,1.2500,18.6556,53.8000,21.0383,60.2000,2.0349,4.0925,162.350000
00,44,50.0000,70.0000,999.0000,44,0.7500,60,7.0926,41,68.3333,699.8000,11.6633,8.8500,23.3700,102.2950,26.1817,71.4100,2.7388,5.6640,229.600000
00,48,50.0000,50.0000,999.0000,28,0.7500,79,9.3386,40,50.6329,601.4500,7.6133,1.6500,18.5924,109.9700,20.7051,59.1200,2.2524,4.5870,197.850000
00,44,50.0000,99999.0000,999.0000,12,0.7500,60,7.0926,33,55.0000,517.7000,8.6283,3.5500,14.6600,56.6000,22.5383,68.5450,2.5113,4.9028,171.100000
00,44,50.0000,99999.0000,999.0000,32,0.7500,60,7.0926,35,58.3333,510.7000,8.5117,7.8500,19.2100,67.9050,25.7433,71.4100,2.0780,4.3738,169.600000
00,44,50.0000,30.0000,999.0000,2,0.7500,67,7.9201,38,56.7164,183.0500,2.7321,1.0500,6.2970,24.6400,10.7955,30.7600,1.9818,3.5924,60.850000
00,28,30.0000,50.0000,999.0000,20,0.7500,81,9.5751,45,55.5556,476.6500,5.8846,5.4500,19.0272,53.8000,20.8679,59.0000,1.7969,3.6074,158.950000
00,44,50.0000,30.0000,999.0000,40,0.7500,60,7.0926,42,70.0000,511.1000,8.5183,11.6500,20.0283,94.3900,20.9333,39.2850,2.4045,5.3056,171.950000
00,40,40.0000,40.0000,999.0000,6,0.7500,79,9.3386,40,50.6329,389.0500,4.9247,0.0500,10.1215,35.5700,14.4342,44.3700,2.5326,5.0149,131.500000
00,44,50.0000,40.0000,999.0000,48,0.7500,60,7.0926,41,68.3333,560.2000,9.3367,8.8500,23.3700,102.2950,23.8483,52.4450,2.6278,5.8034,189.700000
00,44,40.0000,70.0000,999.0000,4,0.7500,108,12.7668,53,49.0741,239.9000,2.2213,-0.6500,8.7278,30.9150,11.0065,34.7650,1.6913,2.9711,81.350000
00,44,40.0000,99999.0000,999.0000,4,0.7500,108,12.7668,53,49.0741,239.9000,2.2213,-0.6500,8.7278,30.9150,11.0065,34.7650,1.6913,2.9711,81.350000
00,48,50.0000,60.0000,999.0000,16,0.7500,79,9.3386,40,50.6329,606.9500,7.6829,0.3500,17.3924,109.9700,20.0405,61.0400,2.3196,4.3901,206.150000
00,44,50.0000,60.0000,999.0000,12,0.7500,60,7.0926,33,55.0000,503.7000,8.3950,3.5500,14.6600,56.6000,22.1083,65.1700,2.4704,4.8650,171.100000
00,44,50.0000,40.0000,999.0000,52,0.7500,60,7.0926,41,68.3333,597.2000,9.9533,9.8000,23.3700,102.2950,23.8483,52.4450,2.7640,6.0833,205.800000
00,28,30.0000,30.0000,999.0000,16,0.7500,81,9.5751,49,60.4938,471.0500,5.8154,4.2500,17.1309,46.0000,18.2000,36.5000,2.0344,4.4262,162.350000
00,44,50.0000,30.0000,999.0000,32,0.7500,60,7.0926,37,61.6667,403.1000,6.7183,10.7000,17.1950,47.0800,20.2967,39.2850,1.8971,4.1209,139.100000
00,28,30.0000,30.0000,999.0000,28,0.7500,81,9.5751,51,62.9630,415.6500,5.1315,6.7500,18.5198,46.0000,18.2395,36.5000,1.7618,3.4528,143.550000
00,28,30.0000,70.0000,999.0000,32,0.7500,81,9.5751,51,62.9630,455.6500,5.6253,6.7500,20.6259,65.7000,21.1173,60.2000,1.8651,3.6861,158.450000
00,44,50.0000,70.0000,999.0000,36,0.7500,60,7.0926,38,63.3333,537.3000,8.9550,7.8500,21.6200,67.9050,26.0533,71.4100,2.0130,4.1889,187.400000
00,44,50.0000,60.0000,999.0000,44,0.7500,60,7.0926,41,68.3333,657.7000,10.9617,8.8500,23.3700,102.2950,25.9667,70.7300,2.6342,5.5305,229.600000
00,20,20.0000,70.0000,999.0000,8,0.7500,109,12.8850,73,66.9725,601.5500,5.5188,6.6500,14.0523,57.2200,18.7743,53.7800,2.0318,4.0802,210.300000
00,48,50.0000,50.0000,999.0000,32,0.7500,79,9.3386,42,53.1646,525.0500,6.6462,2.5500,20.6177,109.9700,21.5354,59.1200,1.8541,3.7177,184.250000
00,36,40.0000,60.0000,999.0000,6,0.7500,62,7.3291,35,56.4516,369.1000,5.9532,2.2000,11.0532,36.1650,17.1839,49.8950,2.6682,5.2547,129.950000
00,36,40.0000,50.0000,999.0000,6,0.7500,62,7.3291,35,56.4516,368.8000,5.9484,2.2000,11.0532,36.1650,16.9613,49.8950,2.6669,5.3075,129.950000
00,36,40.0000,70.0000,999.0000,6,0.7500,62,7.3291,35,56.4516,368.7000,5.9468,2.2000,11.0532,36.1650,17.2081,49.8950,2.6664,5.2271,129.950000
00,28,30.0000,70.0000,999.0000,28,0.7500,81,9.5751,50,61.7284,426.3500,5.2636,6.5500,20.0444,65.7000,21.0963,60.2000,1.7755,3.3545,150.550000
00,48,50.0000,40.0000,999.0000,8,0.7500,79,9.3386,42,53.1646,461.4500,5.8411,2.7500,10.8430,33.9600,15.9405,45.2600,2.3956,4.4959,163.300000
00,12,20.0000,70.0000,999.0000,4,0.7500,57,6.7380,32,56.1404,233.9500,4.1044,2.8500,10.8123,35.3600,16.7965,48.0800,1.9936,4.0731,83.050000
00,12,20.0000,99999.0000,999.0000,4,0.7500,57,6.7380,32,56.1404,233.9500,4.1044,2.8500,10.8123,35.3600,16.7965,48.0800,1.9936,4.0731,83.050000
00,28,30.0000,30.0000,999.0000,32,0.7500,81,9.5751,52,64.1975,444.9500,5.4932,7.2500,19.1012,51.6000,18.2605,36.5000,1.8515,3.8126,158.450000
00,16,20.0000,50.0000,999.0000,6,0.7500,81,9.5751,50,61.7284,448.8500,5.5414,4.8500,13.7593,54.2000,18.1815,50.0000,2.0327,3.9679,160.100000
00,44,50.0000,50.0000,999.0000,2,0.7500,67,7.9201,38,56.7164,170.4500,2.5440,1.0500,6.2970,24.6400,10.8716,30.7600,1.9142,3.3400,60.850000
00,20,20.0000,99999.0000,999.0000,8,0.7500,109,12.8850,73,66.9725,588.4500,5.3986,6.6500,14.0523,57.2200,18.7743,53.7800,2.0093,4.0528,210.300000
00,28,30.0000,99999.0000,999.0000,32,0.7500,81,9.5751,51,62.9630,442.5500,5.4636,6.7500,20.6259,65.7000,21.1173,60.2000,1.8402,3.6387,158.450000
00,28,30.0000,40.0000,999.0000,12,0.7500,81,9.5751,46,56.7901,473.3500,5.8438,5.5500,16.4827,53.8000,19.7432,47.9000,1.9361,3.9390,169.550000
00,44,50.0000,50.0000,999.0000,12,0.7500,60,7.0926,33,55.0000,475.4000,7.9233,3.5500,14.6600,56.6000,21.2233,59.0000,2.3878,4.8058,171.100000
00,44,50.0000,50.0000,999.0000,32,0.7500,60,7.0926,35,58.3333,469.7000,7.8283,7.8500,19.2100,67.9050,24.4283,60.2200,1.9915,4.2124,169.600000
00,12,20.0000,30.0000,999.0000,4,0.7500,57,6.7380,32,56.1404,244.2500,4.2851,3.2500,10.8123,35.3600,15.6807,36.0800,2.0374,4.3284,88.200000
00,44,50.0000,70.0000,999.0000,40,0.7500,60,7.0926,40,66.6667,649.1000,10.8183,8.8500,23.1167,96.7850,26.1817,71.4100,2.4616,5.1230,235.900000
00,48,50.0000,70.0000,999.0000,12,0.7500,79,9.3386,39,49.3671,494.3500,6.2576,-0.0500,16.6405,109.9700,19.5937,65.6300,1.9214,3.3720,179.700000
00,40,40.0000,30.0000,999.0000,6,0.7500,79,9.3386,41,51.8987,361.7500,4.5791,0.8500,10.1215,35.5700,13.6987,35.3300,2.4418,5.0784,131.500000
00,28,30.0000,99999.0000,999.0000,28,0.7500,81,9.5751,50,61.7284,413.2500,5.1019,6.5500,20.0444,65.7000,21.0963,60.2000,1.7517,3.3019,150.550000
00,36,40.0000,99999.0000,999.0000,6,0.7500,62,7.3291,35,56.4516,355.6000,5.7355,2.2000,11.0532,36.1650,17.2081,49.8950,2.6072,5.2415,129.950000
00,44,50.0000,99999.0000,999.0000,44,0.7500,60,7.0926,41,68.3333,628.2000,10.4700,8.8500,23.3700,102.2950,26.3967,71.4100,2.5609,5.3542,229.600000
00,48,50.0000,50.0000,999.0000,16,0.7500,79,9.3386,40,50.6329,560.7500,7.0981,0.3500,17.3924,109.9700,19.3684,56.3900,2.2192,4.2281,206.150000
00,40,40.0000,30.0000,999.0000,12,0.7500,79,9.3386,40,50.6329,346.2500,4.3829,0.1500,14.8266,45.3700,16.0177,35.9600,1.8377,3.4791,127.700000
00,28,30.0000,50.0000,999.0000,24,0.7500,81,9.5751,46,56.7901,474.0500,5.8525,6.5500,19.3099,53.8000,20.8864,59.0000,1.7839,3.6047,175.050000
00,36,40.0000,40.0000,999.0000,6,0.7500,62,7.3291,35,56.4516,351.4000,5.6677,2.2000,11.0532,36.1650,16.3694,44.9650,2.5882,5.3246,129.950000
00,32,30.0000,30.0000,999.0000,12,0.7500,104,12.2939,50,48.0769,344.4000,3.3115,-0.4500,14.3712,44.2800,15.5183,36.5000,1.5527,2.6240,127.700000
00,28,30.0000,40.0000,999.0000,20,0.7500,81,9.5751,45,55.5556,426.6500,5.2673,5.4500,19.0272,53.8000,19.9815,47.9000,1.7133,3.3803,158.950000
00,12,20.0000,50.0000,999.0000,12,0.7500,57,6.7380,42,73.6842,460.8500,8.0851,10.2500,16.3035,57.4200,21.0456,59.0000,2.3693,5.1036,171.800000
00,28,30.0000,70.0000,999.0000,16,0.7500,81,9.5751,47,58.0247,433.0500,5.3463,1.2500,18.6556,53.8000,21.0568,60.2000,1.9031,3.7949,162.350000
00,44,40.0000,30.0000,999.0000,52,0.7500,108,12.7668,66,61.1111,681.5000,6.3102,4.8500,22.6315,85.4600,17.3324,35.7600,2.2837,4.8622,255.850000
00,28,30.0000,60.0000,999.0000,12,0.7500,81,9.5751,46,56.7901,451.4500,5.5735,4.1500,16.4827,53.8000,20.8000,60.2000,1.8928,3.6157,169.550000
00,48,40.0000,70.0000,999.0000,6,0.7500,139,16.4313,67,48.2014,384.7500,2.7680,-0.6500,9.0683,32.9800,12.2252,40.6100,1.6879,2.6367,145.100000
00,52,50.0000,30.0000,999.0000,6,0.7500,94,11.1118,49,52.1277,384.1000,4.0862,1.1500,8.4787,35.5500,12.6628,34.8100,2.1927,4.2467,145.100000
00,44,50.0000,60.0000,999.0000,2,0.7500,67,7.9201,38,56.7164,160.9500,2.4022,1.0500,6.2970,24.6400,10.8716,30.7600,1.8632,3.2931,60.850000
00,44,50.0000,70.0000,999.0000,2,0.7500,67,7.9201,38,56.7164,160.9500,2.4022,1.0500,6.2970,24.6400,10.8716,30.7600,1.8632,3.2931,60.850000
00,44,50.0000,99999.0000,999.0000,2,0.7500,67,7.9201,38,56.7164,160.9500,2.4022,1.0500,6.2970,24.6400,10.8716,30.7600,1.8632,3.2931,60.850000
00,12,20.0000,30.0000,999.0000,2,0.7500,62,7.3291,36,58.0645,132.0000,2.1290,1.7000,8.2242,24.9200,12.5000,29.7850,1.5333,2.5868,49.950000
00,44,50.0000,60.0000,999.0000,36,0.7500,60,7.0926,38,63.3333,495.2000,8.2533,7.8500,21.6200,67.9050,25.8383,70.7300,1.9336,4.0067,187.400000
00,44,40.0000,70.0000,999.0000,8,0.7500,108,12.7668,55,50.9259,439.8000,4.0722,1.0000,11.8713,37.6950,15.1009,48.9150,1.8263,3.1162,168.950000
00,44,40.0000,30.0000,999.0000,48,0.7500,108,12.7668,65,60.1852,653.5000,6.0509,2.9000,22.5407,85.4600,17.3324,35.7600,2.2130,4.6694,251.050000
00,48,50.0000,60.0000,999.0000,12,0.7500,79,9.3386,39,49.3671,466.4500,5.9044,-0.0500,16.6405,109.9700,19.3241,61.0400,1.8694,3.2660,179.700000
00,44,40.0000,70.0000,999.0000,6,0.7500,108,12.7668,50,46.2963,368.5000,3.4120,-0.7000,10.0287,35.9550,13.2963,42.6900,1.8809,3.2518,142.150000
00,40,40.0000,70.0000,999.0000,36,0.7500,79,9.3386,50,63.2911,527.5500,6.6778,5.9500,21.8797,57.8700,20.9759,53.3600,1.9827,4.0785,203.600000
00,28,30.0000,99999.0000,999.0000,16,0.7500,81,9.5751,47,58.0247,419.9500,5.1846,1.2500,18.6556,53.8000,21.0568,60.2000,1.8758,3.7513,162.350000
00,44,40.0000,60.0000,999.0000,8,0.7500,108,12.7668,55,50.9259,436.9000,4.0454,1.0000,11.8713,37.6950,14.9815,48.9150,1.8209,3.1183,168.950000
00,48,50.0000,30.0000,999.0000,8,0.7500,79,9.3386,42,53.1646,420.4500,5.3222,2.7500,10.8430,33.9600,15.1658,36.5000,2.2716,4.2967,163.300000
00,44,50.0000,60.0000,999.0000,40,0.7500,60,7.0926,40,66.6667,607.0000,10.1167,8.8500,23.1167,96.7850,25.9667,70.7300,2.3668,4.9704,235.900000
00,12,20.0000,40.0000,999.0000,2,0.7500,62,7.3291,36,58.0645,128.5000,2.0726,1.7000,8.2242,24.9200,12.5823,29.7850,1.5192,2.4883,49.950000
00,16,20.0000,60.0000,999.0000,6,0.7500,81,9.5751,50,61.7284,424.2500,5.2377,4.8500,13.7593,54.2000,18.1815,50.0000,1.9761,3.8050,165.000000
00,48,50.0000,40.0000,999.0000,28,0.7500,79,9.3386,40,50.6329,509.8500,6.4538,1.6500,18.5924,109.9700,19.7177,48.3200,2.0616,4.1760,198.850000
00,20,20.0000,30.0000,999.0000,8,0.7500,110,13.0032,74,67.2727,537.3000,4.8845,6.1000,13.9527,57.1850,16.5518,36.5000,1.9216,3.8710,210.050000
00,44,50.0000,50.0000,999.0000,44,0.7500,60,7.0926,41,68.3333,587.2000,9.7867,8.8500,23.3700,102.2950,25.0817,60.2200,2.4591,5.2302,229.600000
00,40,40.0000,60.0000,999.0000,36,0.7500,79,9.3386,50,63.2911,519.6500,6.5778,5.9500,21.8797,57.8700,20.8127,53.3600,1.9680,4.0606,203.600000
00,12,20.0000,50.0000,999.0000,2,0.7500,62,7.3291,36,58.0645,126.8000,2.0452,1.7000,8.2242,24.9200,12.5823,29.7850,1.5123,2.4428,49.950000
00,16,20.0000,40.0000,999.0000,6,0.7500,81,9.5751,50,61.7284,430.2500,5.3117,4.8500,13.7593,54.2000,17.6395,45.0000,1.9899,3.9167,169.500000
00,40,40.0000,99999.0000,999.0000,36,0.7500,79,9.3386,50,63.2911,515.0500,6.5196,5.9500,21.8797,57.8700,20.9759,53.3600,1.9594,4.0385,203.600000
00,44,40.0000,60.0000,999.0000,48,0.7500,108,12.7668,63,58.3333,763.5000,7.0694,2.5000,24.6278,99.8700,20.4407,60.4600,2.2673,4.4972,302.000000
00,44,40.0000,70.0000,999.0000,48,0.7500,108,12.7668,63,58.3333,763.5000,7.0694,2.5000,24.6278,99.8700,20.5602,63.3200,2.2673,4.4553,302.000000
00,28,30.0000,60.0000,999.0000,20,0.7500,81,9.5751,45,55.5556,400.5500,4.9451,4.1500,19.3185,53.8000,21.0383,60.2000,1.6697,3.0635,158.950000
00,48,40.0000,60.0000,999.0000,6,0.7500,139,16.4313,67,48.2014,365.5500,2.6299,-0.6500,9.0683,32.9800,12.1324,40.6100,1.6536,2.5864,145.100000
00,48,50.0000,99999.0000,999.0000,12,0.7500,79,9.3386,39,49.3671,451.2500,5.7120,-0.0500,16.6405,109.9700,19.7570,65.6300,1.8411,3.1864,179.700000
00,48,50.0000,70.0000,999.0000,24,0.7500,79,9.3386,41,51.8987,633.6500,8.0209,0.3500,18.0456,109.9700,21.5177,71.5200,2.0950,3.9329,252.500000
00,36,40.0000,30.0000,999.0000,12,0.7500,62,7.3291,36,58.0645,320.0000,5.1613,5.5500,16.6258,45.9650,17.8661,36.4700,1.9235,3.8123,127.700000
00,44,40.0000,60.0000,999.0000,52,0.7500,108,12.7668,64,59.2593,796.5000,7.3750,2.9000,24.7185,99.8700,20.4407,60.4600,2.3146,4.6283,318.100000
00,44,40.0000,70.0000,999.0000,52,0.7500,108,12.7668,64,59.2593,796.5000,7.3750,2.9000,24.7185,99.8700,20.5602,63.3200,2.3146,4.5863,318.100000
00,44,40.0000,50.0000,999.0000,8,0.7500,108,12.7668,55,50.9259,421.9000,3.9065,1.0000,11.8713,37.6950,14.7481,48.9150,1.7927,3.0826,168.950000
00,48,40.0000,99999.0000,999.0000,6,0.7500,139,16.4313,67,48.2014,362.0500,2.6047,-0.6500,9.0683,32.9800,12.2252,40.6100,1.6473,2.5755,145.100000
00,36,40.0000,30.0000,999.0000,6,0.7500,62,7.3291,36,58.0645,324.1000,5.2274,2.8000,11.0532,36.1650,15.4323,36.4350,2.4847,5.3859,129.950000
00,36,30.0000,50.0000,999.0000,8,0.7500,139,16.4313,67,48.2014,423.1500,3.0442,-0.7500,12.2259,45.1200,14.4216,50.5000,1.5496,2.4051,170.000000
00,44,50.0000,99999.0000,999.0000,36,0.7500,60,7.0926,38,63.3333,465.7000,7.7617,7.8500,21.6200,67.9050,26.2683,71.4100,1.8780,3.8203,187.400000
00,20,20.0000,50.0000,999.0000,36,0.7500,109,12.8850,74,67.8899,634.4500,5.8206,8.6500,20.4266,96.9000,20.0477,53.1800,1.8508,3.5271,257.700000
00,20,20.0000,50.0000,999.0000,40,0.7500,109,12.8850,74,67.8899,634.4500,5.8206,8.6500,20.4266,96.9000,20.0477,53.1800,1.8508,3.5271,257.700000
00,20,20.0000,50.0000,999.0000,44,0.7500,109,12.8850,74,67.8899,634.4500,5.8206,8.6500,20.4266,96.9000,20.0477,53.1800,1.8508,3.5271,257.700000
00,20,20.0000,50.0000,999.0000,48,0.7500,109,12.8850,74,67.8899,634.4500,5.8206,8.6500,20.4266,96.9000,20.0477,53.1800,1.8508,3.5271,257.700000
00,20,20.0000,50.0000,999.0000,52,0.7500,109,12.8850,74,67.8899,634.4500,5.8206,8.6500,20.4266,96.9000,20.0477,53.1800,1.8508,3.5271,257.700000
00,12,20.0000,60.0000,999.0000,12,0.7500,57,6.7380,42,73.6842,422.8500,7.4184,10.2500,16.3035,57.4200,21.0456,59.0000,2.2564,4.8163,171.800000
00,44,40.0000,60.0000,999.0000,6,0.7500,108,12.7668,50,46.2963,348.5000,3.2269,-0.7000,10.0287,35.9550,13.1769,42.6900,1.8331,3.2099,142.150000
00,44,40.0000,50.0000,999.0000,6,0.7500,108,12.7668,50,46.2963,348.2000,3.2241,-0.7000,10.0287,35.9550,13.0491,42.6900,1.8324,3.2323,142.150000
00,48,40.0000,50.0000,999.0000,6,0.7500,139,16.4313,67,48.2014,355.2500,2.5558,-0.6500,9.0683,32.9800,11.9446,40.6100,1.6352,2.5661,145.100000
00,40,40.0000,50.0000,999.0000,36,0.7500,79,9.3386,50,63.2911,498.4500,6.3095,5.9500,21.8797,57.8700,20.4937,52.1500,1.9285,3.9886,203.600000
00,44,50.0000,99999.0000,999.0000,40,0.7500,60,7.0926,40,66.6667,577.5000,9.6250,8.8500,23.1167,96.7850,26.3967,71.4100,2.3004,4.7917,235.900000
00,48,50.0000,50.0000,999.0000,12,0.7500,79,9.3386,39,49.3671,438.1500,5.5462,-0.0500,16.6405,109.9700,18.6519,56.3900,1.8167,3.1679,179.700000
00,12,20.0000,40.0000,999.0000,12,0.7500,57,6.7380,42,73.6842,418.7500,7.3465,10.2500,16.3035,57.4200,20.2754,49.1000,2.2442,4.8892,171.800000
00,44,40.0000,99999.0000,999.0000,8,0.7500,108,12.7668,55,50.9259,411.3000,3.8083,1.0000,11.8713,37.6950,15.1009,48.9150,1.7728,3.0237,168.950000
00,44,40.0000,99999.0000,999.0000,6,0.7500,108,12.7668,50,46.2963,345.8000,3.2019,-0.7000,10.0287,35.9550,13.2963,42.6900,1.8267,3.2023,142.150000
00,44,50.0000,40.0000,999.0000,12,0.7500,60,7.0926,33,55.0000,415.4000,6.9233,3.5500,14.6600,56.6000,19.9900,47.6150,2.2127,4.4705,171.100000
00,28,30.0000,40.0000,999.0000,24,0.7500,81,9.5751,46,56.7901,423.0500,5.2228,6.5500,19.3099,53.8000,20.0000,47.9000,1.6995,3.3708,175.050000
00,52,50.0000,70.0000,999.0000,32,0.7500,94,11.1118,50,53.1915,599.1000,6.3734,3.2000,20.1383,110.3950,20.8096,69.2050,1.8543,3.4809,250.250000
00,48,40.0000,40.0000,999.0000,6,0.7500,139,16.4313,67,48.2014,346.9500,2.4960,-0.6500,9.0683,32.9800,11.5986,40.2100,1.6203,2.5743,145.100000
00,28,30.0000,30.0000,999.0000,20,0.7500,81,9.5751,46,56.7901,370.8500,4.5784,5.4500,17.7938,46.0000,18.2000,36.5000,1.6527,3.1977,155.200000
00,48,50.0000,40.0000,999.0000,16,0.7500,79,9.3386,40,50.6329,491.8500,6.2259,0.3500,17.3924,109.9700,18.3810,45.3500,2.0694,3.9148,206.150000
00,48,50.0000,30.0000,999.0000,16,0.7500,79,9.3386,41,51.8987,470.2500,5.9525,0.6500,16.1278,59.5700,16.9835,36.7500,2.0494,3.9211,198.500000
00,44,40.0000,50.0000,999.0000,48,0.7500,108,12.7668,63,58.3333,713.5000,6.6065,2.5000,24.6278,99.8700,20.2074,57.3550,2.1843,4.3741,302.000000
00,24,20.0000,50.0000,999.0000,16,0.7500,156,18.4409,93,59.6154,552.1000,3.5391,3.3500,17.7199,65.9000,16.6481,50.6500,1.5305,2.4122,234.700000
00,36,40.0000,40.0000,999.0000,2,0.7500,73,8.6294,43,58.9041,146.0500,2.0007,1.2500,7.7233,34.1000,10.9521,30.2200,1.5391,2.3962,62.200000
00,44,40.0000,50.0000,999.0000,52,0.7500,108,12.7668,64,59.2593,746.5000,6.9120,2.9000,24.7185,99.8700,20.2074,57.3550,2.2321,4.5087,318.100000
00,44,40.0000,40.0000,999.0000,6,0.7500,108,12.7668,50,46.2963,330.8000,3.0630,-0.7000,10.0287,35.9550,12.7093,40.0900,1.7908,3.1911,142.150000
00,48,50.0000,30.0000,999.0000,28,0.7500,79,9.3386,41,51.8987,450.8500,5.7070,2.1500,17.2797,70.2800,17.3911,36.7500,1.9464,3.9548,194.000000
00,52,50.0000,60.0000,999.0000,32,0.7500,94,11.1118,50,53.1915,580.9000,6.1798,3.2000,20.1383,110.3950,20.6723,66.9050,1.8283,3.4481,250.250000
00,28,30.0000,60.0000,999.0000,24,0.7500,81,9.5751,45,55.5556,406.1500,5.0142,4.1500,19.6012,53.8000,21.0568,60.2000,1.6707,3.1124,175.050000
00,48,50.0000,30.0000,999.0000,32,0.7500,79,9.3386,44,55.6962,432.3500,5.4728,7.9500,19.0873,70.2800,18.2215,36.7500,1.7324,3.4584,186.700000
00,36,30.0000,50.0000,999.0000,48,0.7500,139,16.4313,78,56.1151,548.9500,3.9493,1.7500,24.1568,108.1800,17.3259,50.5000,1.5953,2.6119,238.550000
00,28,30.0000,70.0000,999.0000,12,0.7500,81,9.5751,46,56.7901,388.2500,4.7932,4.1500,16.4827,53.8000,20.8185,60.2000,1.7678,3.2948,169.550000
00,44,40.0000,30.0000,999.0000,44,0.7500,108,12.7668,65,60.1852,625.0000,5.7870,2.9000,22.5407,85.4600,17.3324,35.7600,2.1053,4.2763,273.050000
00,48,50.0000,40.0000,999.0000,32,0.7500,79,9.3386,42,53.1646,421.1500,5.3310,2.5500,20.6177,109.9700,20.5481,48.3200,1.6851,3.1910,184.250000
00,48,50.0000,60.0000,999.0000,24,0.7500,79,9.3386,41,51.8987,576.4500,7.2968,0.3500,18.0456,109.9700,21.1418,68.6300,1.9961,3.7315,252.500000
00,20,20.0000,40.0000,999.0000,36,0.7500,110,13.0032,75,68.1818,585.3000,5.3209,8.5500,20.3355,95.8750,19.4100,47.7650,1.7848,3.3572,256.400000
00,20,20.0000,40.0000,999.0000,40,0.7500,110,13.0032,75,68.1818,585.3000,5.3209,8.5500,20.3355,95.8750,19.4100,47.7650,1.7848,3.3572,256.400000
00,20,20.0000,40.0000,999.0000,44,0.7500,110,13.0032,75,68.1818,585.3000,5.3209,8.5500,20.3355,95.8750,19.4100,47.7650,1.7848,3.3572,256.400000
00,20,20.0000,40.0000,999.0000,48,0.7500,110,13.0032,75,68.1818,585.3000,5.3209,8.5500,20.3355,95.8750,19.4100,47.7650,1.7848,3.3572,256.400000
00,20,20.0000,40.0000,999.0000,52,0.7500,110,13.0032,75,68.1818,585.3000,5.3209,8.5500,20.3355,95.8750,19.4100,47.7650,1.7848,3.3572,256.400000
00,20,20.0000,50.0000,999.0000,16,0.7500,109,12.8850,70,64.2202,580.9500,5.3298,8.4500,19.4477,95.2200,19.6239,53.1800,1.7497,3.2445,255.100000
00,16,20.0000,70.0000,999.0000,6,0.7500,81,9.5751,50,61.7284,375.6500,4.6377,4.8500,13.7593,54.2000,18.1815,50.0000,1.8643,3.5654,165.000000
00,16,20.0000,99999.0000,999.0000,6,0.7500,81,9.5751,50,61.7284,375.6500,4.6377,4.8500,13.7593,54.2000,18.1815,50.0000,1.8643,3.5654,165.000000
00,48,50.0000,99999.0000,999.0000,24,0.7500,79,9.3386,41,51.8987,574.8500,7.2766,0.3500,18.0456,109.9700,21.7873,73.5300,1.9933,3.6837,252.500000
00,44,40.0000,99999.0000,999.0000,48,0.7500,108,12.7668,63,58.3333,687.5000,6.3657,2.5000,24.6278,99.8700,20.5602,63.3200,2.1412,4.2495,302.000000
00,44,50.0000,50.0000,999.0000,40,0.7500,60,7.0926,40,66.6667,536.5000,8.9417,8.8500,23.1167,96.7850,25.0817,60.2200,2.2081,4.6438,235.900000
00,44,50.0000,40.0000,999.0000,32,0.7500,60,7.0926,35,58.3333,384.6000,6.4100,7.8500,19.2100,67.9050,23.1950,52.4450,1.8118,3.6922,169.600000
00,44,50.0000,50.0000,999.0000,36,0.7500,60,7.0926,38,63.3333,424.7000,7.0783,7.8500,21.6200,67.9050,24.9533,60.2200,1.8007,3.6358,187.400000
00,44,40.0000,99999.0000,999.0000,52,0.7500,108,12.7668,64,59.2593,720.5000,6.6713,2.9000,24.7185,99.8700,20.5602,63.3200,2.1891,4.3859,318.100000
00,36,30.0000,50.0000,999.0000,52,0.7500,139,16.4313,78,56.1151,539.8500,3.8838,1.7500,24.3432,108.1800,17.3259,50.5000,1.5797,2.5664,238.550000
00,44,40.0000,40.0000,999.0000,8,0.7500,108,12.7668,55,50.9259,382.0000,3.5370,1.0000,11.8713,37.6950,14.1889,43.2150,1.7177,2.9168,168.950000
00,24,20.0000,50.0000,999.0000,8,0.7500,156,18.4409,84,53.8462,555.6000,3.5615,2.1500,13.0359,45.4750,15.1365,50.6500,1.6416,2.7635,247.250000
00,20,20.0000,50.0000,999.0000,32,0.7500,109,12.8850,74,67.8899,597.9500,5.4858,8.6500,20.4266,96.9000,19.8817,53.1800,1.7644,3.2433,266.400000
00,44,40.0000,30.0000,999.0000,6,0.7500,108,12.7668,51,47.2222,317.0000,2.9352,-0.6500,10.0287,35.9550,12.1713,34.9900,1.7632,3.2276,142.150000
00,28,30.0000,99999.0000,999.0000,12,0.7500,81,9.5751,46,56.7901,375.1500,4.6315,4.1500,16.4827,53.8000,20.8185,60.2000,1.7419,3.2418,169.550000
00,20,20.0000,40.0000,999.0000,16,0.7500,110,13.0032,71,64.5455,537.3000,4.8845,8.2500,19.3655,94.3350,18.9900,47.7650,1.6933,3.0938,242.950000
00,24,20.0000,50.0000,999.0000,52,0.7500,156,18.4409,101,64.7436,752.0000,4.8205,6.3500,19.7179,73.2250,17.0321,50.6500,1.7963,3.0422,340.450000
00,32,40.0000,40.0000,999.0000,2,0.7500,53,6.2652,32,60.3774,125.4500,2.3670,1.8500,9.2604,37.5000,12.5566,34.9000,1.5503,2.5176,56.800000
00,36,30.0000,40.0000,999.0000,8,0.7500,139,16.4313,67,48.2014,369.1500,2.6558,-0.7500,12.2259,45.1200,13.9050,45.1900,1.4795,2.2035,167.400000
00,48,40.0000,30.0000,999.0000,6,0.7500,139,16.4313,68,48.9209,318.5500,2.2917,-0.6500,9.0683,32.9800,11.1806,35.2300,1.5726,2.5019,145.100000
00,44,50.0000,40.0000,999.0000,44,0.7500,60,7.0926,41,68.3333,502.1000,8.3683,8.8500,23.3700,102.2950,23.8483,52.4450,2.2476,4.7652,229.600000
00,12,20.0000,70.0000,999.0000,12,0.7500,57,6.7380,42,73.6842,374.2500,6.5658,10.2500,16.3035,57.4200,21.0456,59.0000,2.1120,4.5343,171.800000
00,12,20.0000,99999.0000,999.0000,12,0.7500,57,6.7380,42,73.6842,374.2500,6.5658,10.2500,16.3035,57.4200,21.0456,59.0000,2.1120,4.5343,171.800000
00,40,40.0000,40.0000,999.0000,36,0.7500,79,9.3386,50,63.2911,437.6500,5.5399,5.9500,21.8797,57.8700,19.6266,45.1900,1.8152,3.6816,203.600000
00,20,20.0000,60.0000,999.0000,36,0.7500,109,12.8850,74,67.8899,590.6500,5.4188,8.6500,20.4266,96.9000,20.1743,53.7800,1.7920,3.3156,275.500000
00,20,20.0000,60.0000,999.0000,40,0.7500,109,12.8850,74,67.8899,590.6500,5.4188,8.6500,20.4266,96.9000,20.1743,53.7800,1.7920,3.3156,275.500000
00,20,20.0000,60.0000,999.0000,44,0.7500,109,12.8850,74,67.8899,590.6500,5.4188,8.6500,20.4266,96.9000,20.1743,53.7800,1.7920,3.3156,275.500000
00,20,20.0000,60.0000,999.0000,48,0.7500,109,12.8850,74,67.8899,590.6500,5.4188,8.6500,20.4266,96.9000,20.1743,53.7800,1.7920,3.3156,275.500000
00,20,20.0000,60.0000,999.0000,52,0.7500,109,12.8850,74,67.8899,590.6500,5.4188,8.6500,20.4266,96.9000,20.1743,53.7800,1.7920,3.3156,275.500000
00,12,20.0000,30.0000,999.0000,12,0.7500,57,6.7380,42,73.6842,365.1500,6.4061,10.7500,16.3035,57.4200,18.6456,36.8800,2.0850,4.5255,171.800000
00,36,30.0000,60.0000,999.0000,48,0.7500,139,16.4313,78,56.1151,509.1500,3.6629,1.7500,24.3266,108.1800,17.4252,50.5000,1.5521,2.4276,239.650000
00,28,30.0000,70.0000,999.0000,20,0.7500,81,9.5751,45,55.5556,337.3500,4.1648,4.1500,19.3185,53.8000,21.0568,60.2000,1.5640,2.7215,158.950000
00,24,20.0000,50.0000,999.0000,48,0.7500,156,18.4409,101,64.7436,742.4000,4.7590,6.3500,19.7179,73.2250,17.0321,50.6500,1.7782,2.9671,350.050000
00,24,20.0000,40.0000,999.0000,16,0.7500,157,18.5591,94,59.8726,497.4500,3.1685,3.3500,17.6732,64.7000,16.2229,45.3800,1.4780,2.2439,234.700000
