WINDOW,IS_START,IS_END,OOS_START,OOS_END,TP,TPH,SL,IS_CAGR,IS_SHARPE,IS_MAX_DD,OOS_CAGR,OOS_SHARPE,OOS_MAX_DD,OOS_FINAL_EQUITY,OOS_TRADES,OOS_WIN_RATE,OOS_TO_IS_CAGR
1,2014-02-25,2016-02-24,2016-02-25,2017-02-24,0.050000,0.060000,0.016000,0.48674699,1.086403,-0.37887323,0.89334405,2.193380,-0.18536855,18925.17,49,57.1429,1.835336
2,2014-03-25,2016-03-24,2016-03-29,2017-03-24,0.050000,0.065000,0.006000,0.54549127,1.167693,-0.40720372,0.62326336,1.716421,-0.18644003,16120.00,49,51.0204,1.142573
3,2014-04-25,2016-04-22,2016-04-25,2017-04-24,0.040000,0.075000,0.006000,0.43052218,1.005823,-0.43585767,0.56087995,1.674725,-0.17033196,15585.03,49,51.0204,1.302790
4,2014-05-26,2016-05-24,2016-05-25,2017-05-24,0.050000,0.065000,0.006000,0.44920774,1.021247,-0.40724878,0.66503015,2.056458,-0.17028204,16621.27,48,52.0833,1.480451
5,2014-06-25,2016-06-24,2016-06-27,2017-06-23,0.050000,0.065000,0.016000,0.30842678,0.806845,-0.37874050,1.17624919,3.160839,-0.18537452,21566.47,48,64.5833,3.813706
6,2014-07-25,2016-07-22,2016-07-25,2017-07-24,0.040000,0.075000,0.016000,0.39613276,0.947301,-0.38369584,0.59781417,1.893443,-0.18533716,15952.54,48,60.4167,1.509126
7,2014-08-25,2016-08-24,2016-08-25,2017-08-24,0.050000,0.065000,0.016000,0.43632725,1.002074,-0.37883396,0.39742290,1.344820,-0.18528313,13958.23,49,55.1020,0.910837
8,2014-09-25,2016-09-23,2016-09-26,2017-09-22,0.050000,0.065000,0.016000,0.46721732,1.044745,-0.37891982,0.40523061,1.393351,-0.19183862,13996.79,49,55.1020,0.867328
9,2014-10-27,2016-10-24,2016-10-25,2017-10-24,0.050000,0.065000,0.016000,0.52417025,1.158340,-0.37887870,0.39751455,1.376394,-0.19179754,13959.15,49,53.0612,0.758369
10,2014-11-25,2016-11-24,2016-11-25,2017-11-24,0.050000,0.065000,0.016000,0.36941841,0.912893,-0.37872737,0.49231021,1.623959,-0.19191328,14902.67,49,53.0612,1.332663
11,2014-12-29,2016-12-23,2016-12-27,2017-12-22,0.010000,0.025000,0.016000,0.36927966,1.041745,-0.24891006,0.47431804,2.057660,-0.15561623,14661.15,49,71.4286,1.284441
12,2015-01-26,2017-01-24,2017-01-25,2018-01-24,0.010000,0.060000,0.016000,0.40633011,1.117297,-0.24865306,0.49294715,2.126735,-0.15558757,14909.01,48,72.9167,1.213169
13,2015-02-25,2017-02-24,2017-02-27,2018-02-23,0.010000,0.060000,0.016000,0.42272904,1.143047,-0.24873877,0.20846714,0.850465,-0.19377396,12058.07,48,70.8333,0.493146
14,2015-03-25,2017-03-24,2017-03-27,2018-03-23,0.010000,0.060000,0.016000,0.51934752,1.334946,-0.22592755,0.09755908,0.383904,-0.19377298,10963.71,48,68.7500,0.187849
15,2015-04-27,2017-04-24,2017-04-25,2018-04-24,0.010000,0.060000,0.016000,0.52660824,1.342821,-0.22596382,0.18404098,0.674929,-0.22275322,11833.57,48,70.8333,0.349484
16,2015-05-25,2017-05-24,2017-05-25,2018-05-24,0.010000,0.060000,0.016000,0.56295497,1.390451,-0.22583725,0.19791155,0.703600,-0.22301932,11971.71,49,69.3878,0.351558
17,2015-06-25,2017-06-23,2017-06-26,2018-06-22,0.010000,0.060000,0.016000,0.61891658,1.546821,-0.22600733,0.16539698,0.688971,-0.22278196,11633.23,49,69.3878,0.267236
18,2015-07-27,2017-07-24,2017-07-25,2018-07-24,0.010000,0.060000,0.016000,0.47987932,1.296934,-0.22585022,0.38132097,1.133518,-0.22315010,13797.95,49,71.4286,0.794618
19,2015-08-25,2017-08-24,2017-08-25,2018-08-24,0.010000,0.060000,0.016000,0.45958769,1.443400,-0.19363308,0.44306280,1.268397,-0.22318341,14412.53,49,73.4694,0.964044
20,2015-09-25,2017-09-22,2017-09-25,2018-09-24,0.010000,0.060000,0.016000,0.47403922,1.556675,-0.19372542,0.42334990,1.297509,-0.22327019,14216.31,49,71.4286,0.893069
21,2015-10-26,2017-10-24,2017-10-25,2018-10-24,0.010000,0.060000,0.016000,0.43217286,1.546865,-0.19359547,0.32009610,0.992345,-0.22320529,13188.42,49,67.3469,0.740667
22,2015-11-25,2017-11-24,2017-11-27,2018-11-23,0.010000,0.060000,0.016000,0.56861650,1.864886,-0.15567050,-0.06240882,0.059675,-0.34175406,9382.94,49,63.2653,-0.109756
23,2015-12-28,2017-12-22,2017-12-27,2018-12-21,0.010000,0.060000,0.016000,0.65137006,2.138326,-0.15564576,-0.20618419,-0.317295,-0.38237333,7969.58,49,63.2653,-0.316539
24,2016-01-25,2018-01-24,2018-01-25,2019-01-24,0.010000,0.060000,0.016000,0.61574705,2.070315,-0.15568873,-0.26296180,-0.499887,-0.39860613,7378.08,49,61.2245,-0.427061
25,2016-02-25,2018-02-23,2018-02-26,2019-02-22,0.010000,0.060000,0.016000,0.50458864,1.708374,-0.19396679,-0.06581669,-0.096988,-0.40829244,9349.24,49,63.2653,-0.130436
26,2016-03-29,2018-03-23,2018-03-26,2019-03-22,0.010000,0.060000,0.016000,0.43853230,1.459775,-0.19395400,0.03952557,0.400769,-0.40831166,10390.57,49,61.2245,0.090132
27,2016-04-25,2018-04-24,2018-04-25,2019-04-24,0.050000,0.075000,0.008000,0.57786103,1.515378,-0.21913325,0.79011412,1.609522,-0.31006604,17865.50,49,57.1429,1.367308
28,2016-05-25,2018-05-24,2018-05-25,2019-05-24,0.050000,0.075000,0.008000,0.57311568,1.516938,-0.21907819,0.36455565,0.954894,-0.30972296,13631.05,49,51.0204,0.636094
29,2016-06-27,2018-06-22,2018-06-25,2019-06-24,0.045000,0.075000,0.008000,0.82824384,2.044654,-0.21905133,0.38094287,1.067822,-0.31002547,13794.18,49,53.0612,0.459940
30,2016-07-25,2018-07-24,2018-07-25,2019-07-24,0.020000,0.070000,0.008000,0.61830401,1.786476,-0.21670186,0.04331697,0.303808,-0.34664844,10431.66,49,59.1837,0.070058
31,2016-08-25,2018-08-24,2018-08-27,2019-08-23,0.045000,0.075000,0.008000,0.68724120,1.764565,-0.21914828,0.24190009,0.706760,-0.30985809,12387.73,49,46.9388,0.351987
32,2016-09-26,2018-09-24,2018-09-25,2019-09-24,0.045000,0.075000,0.008000,0.70968815,1.818772,-0.21899784,0.18724462,0.616081,-0.31005347,11865.47,49,46.9388,0.263841
33,2016-10-25,2018-10-24,2018-10-25,2019-10-24,0.045000,0.075000,0.008000,0.74318491,1.841530,-0.21906592,0.26723345,0.771050,-0.30945467,12662.07,49,48.9796,0.359579
34,2016-11-25,2018-11-23,2018-11-26,2019-11-22,0.045000,0.075000,0.008000,0.58876041,1.452780,-0.27410297,0.52424347,1.267240,-0.20985202,15167.86,49,48.9796,0.890419
35,2016-12-27,2018-12-21,2018-12-27,2019-12-23,0.045000,0.075000,0.007000,0.51337726,1.271633,-0.29106477,0.86621516,2.037557,-0.19121735,18527.16,49,51.0204,1.687288
36,2017-01-25,2019-01-24,2019-01-25,2020-01-24,0.045000,0.075000,0.006000,0.47205733,1.208732,-0.30871252,0.88302169,2.106876,-0.18889116,18789.48,51,50.9804,1.870581
37,2017-02-27,2019-02-22,2019-02-25,2020-02-24,0.045000,0.075000,0.006000,0.57918319,1.388061,-0.30859612,0.69791703,1.758595,-0.18870023,16948.44,51,49.0196,1.205002
38,2017-03-27,2019-03-22,2019-03-25,2020-03-24,0.045000,0.075000,0.007000,0.57876601,1.332551,-0.30945665,0.62594682,1.340615,-0.42112688,16254.06,52,50.0000,1.081520
39,2017-04-25,2019-04-24,2019-04-25,2020-04-24,0.045000,0.075000,0.007000,0.57240874,1.353161,-0.30919306,0.78938201,1.459706,-0.42104492,17886.69,51,49.0196,1.379053
40,2017-05-25,2019-05-24,2019-05-27,2020-05-22,0.030000,0.075000,0.014000,0.40516855,1.074717,-0.30946853,0.95256583,1.667010,-0.39948060,19374.22,51,56.8627,2.351036
41,2017-06-26,2019-06-24,2019-06-25,2020-06-24,0.030000,0.075000,0.014000,0.50284131,1.273154,-0.30949055,1.21657655,1.915199,-0.39946418,22153.69,51,58.8235,2.419405
42,2017-07-25,2019-07-24,2019-07-25,2020-07-24,0.045000,0.075000,0.007000,0.60790688,1.393987,-0.30929768,1.40579084,1.982794,-0.42040489,24043.46,51,52.9412,2.312510
43,2017-08-25,2019-08-23,2019-08-26,2020-08-24,0.045000,0.075000,0.007000,0.65850410,1.461640,-0.30941093,1.78220686,2.292550,-0.42115205,27724.81,51,58.8235,2.706448
44,2017-09-25,2019-09-24,2019-09-25,2020-09-24,0.045000,0.075000,0.007000,0.63913747,1.454946,-0.30946737,2.41755317,2.694280,-0.42023009,34146.80,51,60.7843,3.782525
45,2017-10-25,2019-10-24,2019-10-25,2020-10-23,0.030000,0.075000,0.007000,0.59710754,1.396648,-0.30966962,2.44596796,2.714864,-0.39520031,34314.08,51,66.6667,4.096361
46,2017-11-27,2019-11-22,2019-11-25,2020-11-24,0.045000,0.075000,0.007000,0.62440652,1.398927,-0.30947075,2.17195824,2.505928,-0.42016348,31694.53,51,56.8627,3.478436
47,2017-12-27,2019-12-23,2019-12-27,2020-12-23,0.045000,0.075000,0.007000,0.66205435,1.436626,-0.30959433,1.95864411,2.384461,-0.42021840,29302.25,50,56.0000,2.958434
48,2018-01-25,2020-01-24,2020-01-27,2021-01-22,0.045000,0.075000,0.007000,0.71046628,1.509969,-0.30954529,1.70773098,2.248445,-0.42064863,26765.28,50,56.0000,2.403676
49,2018-02-26,2020-02-24,2020-02-25,2021-02-24,0.045000,0.075000,0.007000,0.86513327,1.738508,-0.30948433,2.36031244,2.770872,-0.23830590,33575.26,50,54.0000,2.728265
50,2018-03-26,2020-03-24,2020-03-25,2021-03-24,0.045000,0.075000,0.007000,0.87476760,1.734276,-0.42092819,1.94038251,2.703762,-0.16344571,29295.49,50,56.0000,2.218169
51,2018-04-25,2020-04-24,2020-04-27,2021-04-23,0.030000,0.075000,0.007000,0.84981806,1.627506,-0.39541036,1.54011597,2.725992,-0.16312132,25127.12,50,58.0000,1.812289
52,2018-05-25,2020-05-22,2020-05-25,2021-05-24,0.030000,0.075000,0.007000,0.78502269,1.537231,-0.39536785,1.26385317,2.287763,-0.21497740,22575.32,50,54.0000,1.609957
53,2018-06-25,2020-06-24,2020-06-25,2021-06-24,0.030000,0.075000,0.007000,0.87033094,1.673832,-0.39520566,0.93887397,1.969620,-0.21453661,19344.86,50,52.0000,1.078755
54,2018-07-25,2020-07-24,2020-07-27,2021-07-23,0.030000,0.075000,0.007000,0.93970435,1.673263,-0.39536919,0.75355976,1.857919,-0.21516042,17421.37,50,48.0000,0.801912
55,2018-08-27,2020-08-24,2020-08-25,2021-08-24,0.030000,0.075000,0.007000,0.96156802,1.687537,-0.39534118,0.61474282,1.622413,-0.21509721,16120.97,50,46.0000,0.639313
56,2018-09-25,2020-09-24,2020-09-25,2021-09-24,0.030000,0.075000,0.014000,1.18292001,1.913682,-0.39948107,0.18184411,0.678198,-0.22047400,11811.69,50,42.0000,0.153725
57,2018-10-25,2020-10-23,2020-10-26,2021-10-22,0.030000,0.075000,0.014000,1.31094588,2.045487,-0.39994473,0.12936314,0.604325,-0.22507110,11277.66,50,42.0000,0.098679
58,2018-11-26,2020-11-24,2020-11-25,2021-11-24,0.030000,0.070000,0.020000,1.67341354,2.441998,-0.40333313,0.05204759,0.318534,-0.25068339,10518.65,51,45.0980,0.031103
59,2018-12-27,2020-12-23,2020-12-28,2021-12-23,0.050000,0.070000,0.020000,1.93121641,2.669325,-0.43607209,0.05827634,0.316662,-0.27422577,10574.15,51,43.1373,0.030176
60,2019-01-25,2021-01-22,2021-01-25,2022-01-24,0.050000,0.070000,0.020000,1.84884643,2.599144,-0.43604618,-0.22427753,-0.325610,-0.30050775,7763.97,51,39.2157,-0.121307
61,2019-02-25,2021-02-24,2021-02-25,2022-02-24,0.050000,0.070000,0.020000,1.57273349,2.354690,-0.43539715,-0.00430218,0.210033,-0.30069402,9957.13,51,43.1373,-0.002735
62,2019-03-25,2021-03-24,2021-03-25,2022-03-24,0.050000,0.065000,0.020000,1.59176514,2.377938,-0.43579200,0.22593119,0.658115,-0.30488891,12250.77,51,47.0588,0.141938
63,2019-04-25,2021-04-23,2021-04-26,2022-04-22,0.050000,0.065000,0.020000,1.41095675,2.221978,-0.43563406,0.38699385,0.879092,-0.30425455,13817.24,51,49.0196,0.274278
64,2019-05-27,2021-05-24,2021-05-25,2022-05-24,0.020000,0.080000,0.006000,1.33090534,2.261931,-0.39082370,0.51836017,1.117642,-0.23468088,15161.92,51,54.9020,0.389479
65,2019-06-25,2021-06-24,2021-06-25,2022-06-24,0.050000,0.065000,0.020000,1.45142841,2.257410,-0.43540139,0.47030082,0.969074,-0.30410475,14683.62,51,50.9804,0.324026
66,2019-07-25,2021-07-23,2021-07-26,2022-07-22,0.050000,0.065000,0.001000,1.50877374,2.298316,-0.41380376,0.24047285,0.664179,-0.34753012,12373.66,51,45.0980,0.159383
67,2019-08-26,2021-08-24,2021-08-25,2022-08-24,0.050000,0.065000,0.001000,1.66319956,2.482577,-0.41382334,0.36296882,0.827942,-0.34701539,13615.25,50,48.0000,0.218235
68,2019-09-25,2021-09-24,2021-09-27,2022-09-23,0.050000,0.065000,0.001000,1.70209598,2.521638,-0.41398786,0.11110026,0.532842,-0.34832649,11097.39,50,46.0000,0.065273
69,2019-10-25,2021-10-22,2021-10-25,2022-10-24,0.050000,0.065000,0.001000,1.69549029,2.476420,-0.41397958,0.36423982,0.806535,-0.34673951,13627.90,50,46.0000,0.214829
70,2019-11-25,2021-11-24,2021-11-25,2022-11-24,0.050000,0.065000,0.001000,1.68088224,2.420497,-0.41368795,0.64367673,1.153904,-0.34711328,16408.84,50,48.0000,0.382940
71,2019-12-27,2021-12-23,2021-12-27,2022-12-23,0.050000,0.065000,0.001000,1.65079584,2.362040,-0.41344744,0.37611618,0.769177,-0.34747060,13710.13,50,48.0000,0.227839
72,2020-01-27,2022-01-24,2022-01-25,2023-01-24,0.050000,0.060000,0.001000,1.21200900,1.935557,-0.41277506,0.79881201,1.342192,-0.35395909,17952.01,49,51.0204,0.659081
73,2020-02-25,2022-02-24,2022-02-25,2023-02-24,0.050000,0.060000,0.001000,1.59670764,2.285479,-0.23376681,0.59974141,1.146436,-0.35322698,15971.71,49,48.9796,0.375611
74,2020-03-25,2022-03-24,2022-03-25,2023-03-24,0.050000,0.060000,0.001000,1.60110722,2.289596,-0.23082075,0.40409139,0.915654,-0.35289627,14024.61,49,44.8980,0.252382
75,2020-04-27,2022-04-22,2022-04-25,2023-04-24,0.050000,0.065000,0.005000,1.45192696,2.300142,-0.24030121,0.23406270,0.627770,-0.30893491,12331.75,49,36.7347,0.161208
76,2020-05-25,2022-05-24,2022-05-25,2023-05-24,0.035000,0.070000,0.005000,1.12965842,1.924077,-0.23963440,0.50723118,1.204758,-0.29086852,15051.16,48,43.7500,0.449013
77,2020-06-25,2022-06-24,2022-06-27,2023-06-23,0.050000,0.065000,0.005000,1.03675448,1.774954,-0.23997676,0.52098004,1.228359,-0.25446118,15135.76,48,41.6667,0.502511
78,2020-07-27,2022-07-22,2022-07-25,2023-07-24,0.050000,0.065000,0.012000,0.80075157,1.515915,-0.25028184,0.97072987,1.965467,-0.18002182,19661.60,48,41.6667,1.212273
79,2020-08-25,2022-08-24,2022-08-25,2023-08-24,0.035000,0.070000,0.005000,0.79933331,1.524232,-0.29159735,1.04769404,2.174704,-0.21193119,20426.78,49,48.9796,1.310710
80,2020-09-25,2022-09-23,2022-09-26,2023-09-22,0.025000,0.070000,0.005000,0.62303667,1.317557,-0.26770127,0.58864919,1.415632,-0.21189368,15801.16,49,46.9388,0.944807
81,2020-10-26,2022-10-24,2022-10-25,2023-10-24,0.025000,0.070000,0.005000,0.78070926,1.555615,-0.26791671,0.33998776,1.045469,-0.21191247,13386.46,49,46.9388,0.435486
82,2020-11-25,2022-11-24,2022-11-25,2023-11-24,0.025000,0.060000,0.005000,0.84784188,1.607549,-0.27439080,0.40237603,1.182777,-0.21224731,14007.54,49,46.9388,0.474589
83,2020-12-28,2022-12-23,2022-12-27,2023-12-22,0.035000,0.070000,0.004000,0.76836972,1.429759,-0.28969168,1.04249618,2.447785,-0.16711106,20216.37,49,48.9796,1.356764
84,2021-01-25,2023-01-24,2023-01-25,2024-01-24,0.035000,0.070000,0.004000,0.76537283,1.453379,-0.28989923,1.18300773,2.819839,-0.16661432,21771.83,48,54.1667,1.545662
85,2021-02-25,2023-02-24,2023-02-27,2024-02-23,0.035000,0.060000,0.002000,0.83836744,1.510817,-0.29173546,0.92786293,2.398066,-0.14098016,19131.94,48,45.8333,1.106750
86,2021-03-25,2023-03-24,2023-03-27,2024-03-22,0.035000,0.060000,0.002000,0.77503969,1.438410,-0.29156557,0.70807058,2.041118,-0.14083525,16974.63,48,41.6667,0.913593
87,2021-04-26,2023-04-24,2023-04-25,2024-04-24,0.035000,0.060000,0.002000,0.80184542,1.451635,-0.29140092,0.48634528,1.482087,-0.22207628,14859.42,48,39.5833,0.606532
88,2021-05-25,2023-05-24,2023-05-25,2024-05-24,0.035000,0.060000,0.002000,0.94497461,1.653793,-0.29171904,0.63622312,1.793852,-0.22219420,16356.72,49,42.8571,0.673270
89,2021-06-25,2023-06-23,2023-06-26,2024-06-24,0.035000,0.070000,0.004000,0.87141273,1.568302,-0.28950384,0.75112562,2.042752,-0.23798584,17477.71,49,46.9388,0.861963
90,2021-07-26,2023-07-24,2023-07-25,2024-07-24,0.035000,0.070000,0.016000,0.95400512,1.683190,-0.30787938,0.12421098,0.569640,-0.21947522,11241.21,49,42.8571,0.130199
91,2021-08-25,2023-08-24,2023-08-25,2024-08-23,0.035000,0.070000,0.004000,1.01287117,1.717688,-0.28922174,0.51629320,1.388339,-0.25074263,15141.35,49,46.9388,0.509732
92,2021-09-27,2023-09-22,2023-09-25,2024-09-24,0.045000,0.070000,0.012000,0.94533187,1.696328,-0.24998082,0.81432095,2.028386,-0.26761069,18135.81,50,46.0000,0.861413
93,2021-10-25,2023-10-24,2023-10-25,2024-10-24,0.035000,0.070000,0.006000,0.94972127,1.699504,-0.29370933,0.73227069,1.886901,-0.23573095,17316.19,49,46.9388,0.771037
94,2021-11-25,2023-11-24,2023-11-27,2024-11-22,0.035000,0.070000,0.006000,1.17484041,1.966703,-0.29368649,0.38894517,1.143552,-0.23454659,13836.46,49,40.8163,0.331062
95,2021-12-27,2023-12-22,2023-12-27,2024-12-23,0.035000,0.070000,0.006000,1.12463187,1.904239,-0.29394046,0.31853156,0.981368,-0.23523249,13152.91,49,40.8163,0.283232
96,2022-01-25,2024-01-24,2024-01-25,2025-01-24,0.035000,0.060000,0.006000,1.41964858,2.389966,-0.30033615,0.25911019,0.842673,-0.23369264,12589.12,51,37.2549,0.182517
97,2022-02-25,2024-02-23,2024-02-26,2025-02-24,0.035000,0.060000,0.006000,1.16001200,2.146963,-0.30053969,0.28059547,0.902718,-0.22406727,12795.12,51,37.2549,0.241890
98,2022-03-25,2024-03-22,2024-03-25,2025-03-24,0.035000,0.060000,0.018000,1.00199211,2.040502,-0.22440889,-0.16905860,-0.290111,-0.40640190,8314.68,51,41.1765,-0.168722
99,2022-04-25,2024-04-24,2024-04-25,2025-04-24,0.035000,0.060000,0.018000,0.78472273,1.687250,-0.22391241,0.23366062,0.720219,-0.40762564,12327.74,51,45.0980,0.297762
100,2022-05-25,2024-05-24,2024-05-27,2025-05-23,0.045000,0.070000,0.018000,0.84181765,1.851615,-0.21883652,0.31018036,0.818267,-0.40917115,13060.68,51,41.1765,0.368465
101,2022-06-27,2024-06-24,2024-06-25,2025-06-24,0.050000,0.055000,0.002000,1.00515198,2.116359,-0.25194244,-0.03957270,0.122155,-0.41277207,9605.60,51,29.4118,-0.039370
102,2022-07-25,2024-07-24,2024-07-25,2025-07-24,0.045000,0.060000,0.010000,0.98167616,2.269984,-0.28283455,0.33894138,0.897049,-0.40699645,13376.05,51,39.2157,0.345268
103,2022-08-25,2024-08-23,2024-08-26,2025-08-22,0.050000,0.055000,0.010000,1.12305439,2.499415,-0.28241368,0.06604106,0.426081,-0.40941763,10652.48,51,35.2941,0.058805
104,2022-09-26,2024-09-24,2024-09-25,2025-09-24,0.045000,0.060000,0.010000,1.14087522,2.405315,-0.28256768,0.10801527,0.456105,-0.40331708,11076.26,51,35.2941,0.094678
105,2022-10-25,2024-10-24,2024-10-25,2025-10-24,0.045000,0.070000,0.010000,0.93764910,2.160140,-0.28209399,0.08523089,0.403023,-0.39409982,10849.27,51,33.3333,0.090898
106,2022-11-25,2024-11-22,2024-11-25,2025-11-24,0.045000,0.080000,0.010000,0.79271042,1.938719,-0.28180869,-0.05587856,0.094826,-0.39552542,9443.07,51,35.2941,-0.070491
107,2022-12-27,2024-12-23,2024-12-27,2025-12-23,0.045000,0.080000,0.010000,0.80949916,1.991242,-0.28266328,-0.01802522,0.164326,-0.39685308,9821.83,51,37.2549,-0.022267
108,2023-01-25,2025-01-24,2025-01-27,2026-01-23,0.045000,0.080000,0.008000,0.82365311,2.004829,-0.26865211,0.02648739,0.304075,-0.39489928,10261.75,51,39.2157,0.032158
109,2023-02-27,2025-02-24,2025-02-25,2026-02-24,0.045000,0.080000,0.008000,0.90938150,2.157302,-0.26861866,0.26471848,0.788384,-0.30451608,12637.02,51,41.1765,0.291097
110,2023-03-27,2025-03-24,2025-03-25,2026-03-24,0.040000,0.080000,0.006000,0.52625618,1.370675,-0.39506978,0.84938477,1.878572,-0.30612493,18454.97,51,41.1765,1.614014
111,2023-04-25,2025-04-24,2025-04-25,2026-04-24,0.040000,0.080000,0.006000,0.62001537,1.435957,-0.39490964,0.87169632,2.183900,-0.30678830,18676.85,51,43.1373,1.405927
112,2023-05-25,2025-05-23,2025-05-26,2026-05-22,0.040000,0.080000,0.008000,0.57008148,1.383676,-0.39710248,0.60219260,1.683009,-0.30477795,15934.29,51,41.1765,1.056327
113,2023-06-26,2025-06-24,2025-06-25,2026-06-24,0.040000,0.080000,0.008000,0.69728640,1.603264,-0.39743179,0.24355701,0.871502,-0.30615893,12426.30,51,37.2549,0.349293
114,2023-07-25,2025-07-24,2025-07-25,2026-07-24,0.010000,0.060000,0.008000,0.53113558,1.526942,-0.38507627,0.68362674,1.948186,-0.24072787,16806.28,51,66.6667,1.287104
