week,monday_return_pct,monday_condition,tuesday_open,tuesday_to_week_close_pct,tuesday_to_week_high_pct,tuesday_to_week_low_pct,week_close_date,week_close,high_date,low_date
2014-03-03,0.0000,POSITIVE,6.23,-2.2472,1.6051,-1.1236,2014-03-07,6.09,2014-03-06,2014-03-07
2014-03-10,0.0000,POSITIVE,6.25,-6.2400,0.0000,-6.7200,2014-03-14,5.86,2014-03-11,2014-03-14
2014-03-17,1.1925,POSITIVE,5.96,1.6779,3.0201,0.0000,2014-03-21,6.06,2014-03-19,2014-03-18
2014-03-24,-4.7297,NEGATIVE,5.88,-3.9116,0.3401,-7.4830,2014-03-28,5.65,2014-03-25,2014-03-27
2014-03-31,0.8929,POSITIVE,5.67,-1.5873,8.6420,0.0000,2014-04-04,5.58,2014-04-03,2014-04-01
2014-04-07,-0.3752,NEGATIVE,5.27,-3.4156,6.8311,-6.8311,2014-04-11,5.09,2014-04-10,2014-04-11
2014-04-14,1.3972,POSITIVE,5.13,3.1189,3.5088,-1.7544,2014-04-17,5.29,2014-04-17,2014-04-15
2014-04-28,-0.7519,NEGATIVE,5.39,2.0408,2.0408,0.0000,2014-05-02,5.50,2014-05-02,2014-04-29
2014-05-05,0.3636,POSITIVE,5.52,-4.5290,0.0000,-6.7029,2014-05-09,5.27,2014-05-06,2014-05-07
2014-05-12,0.5386,POSITIVE,5.63,-3.3748,1.7762,-3.9076,2014-05-16,5.44,2014-05-13,2014-05-15
2014-05-19,2.7076,POSITIVE,5.67,4.9383,4.5855,0.0000,2014-05-23,5.95,2014-05-23,2014-05-20
2014-05-26,0.1647,POSITIVE,6.09,3.7767,4.1051,0.0000,2014-05-30,6.32,2014-05-30,2014-05-27
2014-06-02,0.6421,POSITIVE,6.22,6.1093,5.6270,0.0000,2014-06-06,6.60,2014-06-06,2014-06-03
2014-06-09,1.0622,POSITIVE,6.63,-0.7541,1.0558,-2.8658,2014-06-13,6.58,2014-06-11,2014-06-11
2014-06-16,0.0000,POSITIVE,6.63,0.6033,1.0558,-1.2066,2014-06-20,6.67,2014-06-19,2014-06-18
2014-06-23,-0.5979,NEGATIVE,6.60,3.0303,3.3333,0.0000,2014-06-27,6.80,2014-06-24,2014-06-24
2014-06-30,0.0000,POSITIVE,7.06,3.3994,3.6827,0.0000,2014-07-04,7.30,2014-07-04,2014-07-01
2014-07-07,-0.4127,NEGATIVE,7.24,-1.5193,0.0000,-4.1436,2014-07-11,7.13,2014-07-08,2014-07-10
2014-07-14,0.0000,POSITIVE,7.32,-0.1366,0.9563,-1.0929,2014-07-18,7.31,2014-07-16,2014-07-17
2014-07-21,0.5472,POSITIVE,7.51,0.0000,2.9294,0.0000,2014-07-25,7.51,2014-07-24,2014-07-22
2014-07-28,0.0000,POSITIVE,7.60,-5.7895,3.8158,-9.2105,2014-08-01,7.16,2014-07-30,2014-08-01
2014-08-04,-0.4149,NEGATIVE,7.24,-2.2099,0.2762,-4.6961,2014-08-08,7.08,2014-08-05,2014-08-08
2014-08-11,1.6506,POSITIVE,7.38,3.5230,3.3875,-0.5420,2014-08-14,7.64,2014-08-14,2014-08-12
2014-08-18,1.3977,POSITIVE,8.01,3.1211,3.1211,0.0000,2014-08-22,8.26,2014-08-22,2014-08-19
2014-08-25,0.0000,POSITIVE,8.50,-0.2353,0.0000,-1.5294,2014-08-29,8.48,2014-08-26,2014-08-26
2014-09-01,-1.5029,NEGATIVE,8.57,-0.8168,1.5169,-2.3337,2014-09-05,8.50,2014-09-04,2014-09-02
2014-09-08,0.3436,POSITIVE,8.77,-1.9384,0.0000,-3.3067,2014-09-12,8.60,2014-09-09,2014-09-10
2014-09-15,-3.0481,NEGATIVE,8.27,7.3761,7.9807,-0.4837,2014-09-19,8.88,2014-09-19,2014-09-16
2014-09-22,-0.9270,NEGATIVE,8.52,-1.6432,3.4038,-2.5822,2014-09-26,8.38,2014-09-25,2014-09-26
2014-09-29,0.8235,POSITIVE,8.61,-1.1614,0.0000,-5.1103,2014-10-03,8.51,2014-09-30,2014-10-02
2014-10-06,-1.3986,NEGATIVE,8.37,-7.4074,0.9558,-7.2879,2014-10-10,7.75,2014-10-09,2014-10-10
2014-10-13,-0.4093,NEGATIVE,7.09,1.4104,2.9619,-8.7447,2014-10-17,7.19,2014-10-14,2014-10-16
2014-10-20,0.0000,POSITIVE,7.38,12.8726,12.8726,0.0000,2014-10-24,8.33,2014-10-24,2014-10-21
2014-10-27,-0.8314,NEGATIVE,8.67,6.2284,6.4591,0.0000,2014-10-31,9.21,2014-10-31,2014-10-28
2014-11-03,1.5119,POSITIVE,9.33,0.3215,1.5005,-0.7503,2014-11-07,9.36,2014-11-07,2014-11-06
2014-11-10,1.1727,POSITIVE,9.51,2.7340,1.6824,-0.2103,2014-11-14,9.77,2014-11-13,2014-11-12
2014-11-17,-0.8239,NEGATIVE,9.69,4.3344,4.6440,-0.2064,2014-11-21,10.11,2014-11-21,2014-11-20
2014-11-24,-0.0983,NEGATIVE,10.28,3.6965,3.6965,0.0000,2014-11-28,10.66,2014-11-28,2014-11-25
2014-12-01,-6.9091,NEGATIVE,10.36,2.1236,2.3166,-0.0965,2014-12-05,10.58,2014-12-05,2014-12-04
2014-12-08,0.3810,POSITIVE,10.14,-3.4517,1.6765,-5.6213,2014-12-12,9.79,2014-12-11,2014-12-11
2014-12-15,0.0000,POSITIVE,9.34,10.7066,12.4197,-4.3897,2014-12-19,10.34,2014-12-19,2014-12-17
2014-12-22,-1.3333,NEGATIVE,10.50,-0.9524,0.1905,-2.3810,2014-12-23,10.40,2014-12-23,2014-12-23
2014-12-29,0.1881,POSITIVE,10.28,-2.9183,2.1401,-2.7237,2015-01-02,9.98,2014-12-30,2015-01-02
2015-01-05,-1.4099,NEGATIVE,9.76,2.3566,6.9672,-2.6639,2015-01-09,9.99,2015-01-09,2015-01-06
2015-01-12,-1.7804,NEGATIVE,9.87,-2.3303,5.5724,-7.0922,2015-01-16,9.64,2015-01-13,2015-01-16
2015-01-19,0.6192,POSITIVE,9.93,11.6818,11.9839,-1.0070,2015-01-23,11.09,2015-01-23,2015-01-20
2015-01-26,-0.4525,NEGATIVE,11.03,-7.2529,0.0000,-11.4234,2015-01-30,10.23,2015-01-27,2015-01-29
2015-02-02,-1.8609,NEGATIVE,10.31,6.0136,4.2677,-0.8729,2015-02-06,10.93,2015-02-06,2015-02-03
2015-02-09,-1.3953,NEGATIVE,10.65,8.7324,9.0141,0.0000,2015-02-13,11.58,2015-02-13,2015-02-10
2015-02-16,-1.9151,NEGATIVE,11.69,3.2506,4.1916,0.0000,2015-02-20,12.07,2015-02-20,2015-02-17
2015-02-23,0.9860,POSITIVE,12.59,-0.1589,0.2383,-2.5417,2015-02-27,12.57,2015-02-27,2015-02-26
2015-03-02,1.5115,POSITIVE,12.76,-0.8621,1.0972,-2.3511,2015-03-06,12.65,2015-03-06,2015-03-04
2015-03-09,-0.6364,NEGATIVE,12.40,-3.4677,0.0000,-2.8226,2015-03-13,11.97,2015-03-10,2015-03-12
2015-03-16,2.5705,POSITIVE,12.64,3.7975,3.7184,-2.8481,2015-03-20,13.12,2015-03-20,2015-03-17
2015-03-23,-1.9142,NEGATIVE,12.77,-8.3790,0.0000,-11.8246,2015-03-27,11.70,2015-03-24,2015-03-26
2015-03-30,0.0000,POSITIVE,12.25,-4.1633,1.0612,-5.1429,2015-04-02,11.74,2015-03-31,2015-04-01
2015-04-13,1.6304,POSITIVE,12.96,-6.5586,0.0000,-6.2500,2015-04-17,12.11,2015-04-14,2015-04-17
2015-04-20,2.8595,POSITIVE,12.83,5.1442,5.6118,-1.7927,2015-04-24,13.49,2015-04-24,2015-04-22
2015-04-27,0.5895,POSITIVE,13.80,-9.4203,0.0000,-10.2899,2015-04-30,12.50,2015-04-28,2015-04-30
2015-05-04,-0.0779,NEGATIVE,12.17,2.3829,2.2186,-5.1767,2015-05-08,12.46,2015-05-08,2015-05-07
2015-05-11,-2.4257,NEGATIVE,11.83,5.4100,5.4100,0.0000,2015-05-15,12.47,2015-05-15,2015-05-12
2015-05-18,0.0000,POSITIVE,13.01,2.1522,1.7679,-1.9985,2015-05-22,13.29,2015-05-21,2015-05-21
2015-05-25,3.4029,POSITIVE,13.24,-0.6042,1.8127,-2.0393,2015-05-29,13.16,2015-05-28,2015-05-27
2015-06-01,0.6818,POSITIVE,12.96,-1.5432,3.9352,-1.3889,2015-06-05,12.76,2015-06-03,2015-06-05
2015-06-08,-1.9685,NEGATIVE,12.13,1.8137,4.6167,-2.3083,2015-06-12,12.35,2015-06-11,2015-06-09
2015-06-15,-1.2285,NEGATIVE,11.92,7.8859,7.8859,-0.0839,2015-06-19,12.86,2015-06-19,2015-06-16
2015-06-22,0.2309,POSITIVE,13.01,-1.3836,1.3836,-1.6910,2015-06-26,12.83,2015-06-23,2015-06-26
2015-06-29,1.7500,POSITIVE,12.14,0.9061,1.8946,-2.3888,2015-07-03,12.25,2015-07-02,2015-06-30
2015-07-06,0.9061,POSITIVE,12.42,-2.8986,1.4493,-4.4283,2015-07-10,12.06,2015-07-07,2015-07-07
2015-07-13,5.8188,POSITIVE,12.87,11.4996,11.4219,0.0000,2015-07-17,14.35,2015-07-17,2015-07-14
2015-07-20,-1.6075,NEGATIVE,14.95,-7.4247,0.0000,-7.4247,2015-07-24,13.84,2015-07-21,2015-07-22
2015-07-27,-0.9084,NEGATIVE,13.29,3.2355,4.8157,-2.0316,2015-07-31,13.72,2015-07-31,2015-07-28
2015-08-03,3.1414,POSITIVE,13.50,-4.5185,5.4074,-3.6296,2015-08-07,12.89,2015-08-05,2015-08-07
2015-08-10,0.3717,POSITIVE,13.50,-4.9630,0.0000,-7.6296,2015-08-14,12.83,2015-08-11,2015-08-12
2015-08-17,0.3035,POSITIVE,13.36,-19.7605,0.0000,-19.9102,2015-08-21,10.72,2015-08-18,2015-08-21
2015-08-24,-16.1200,NEGATIVE,8.95,23.0168,24.0223,-0.2235,2015-08-28,11.01,2015-08-28,2015-08-26
2015-08-31,3.1429,POSITIVE,9.84,1.8293,9.5528,-1.4228,2015-09-04,10.02,2015-09-03,2015-09-01
2015-09-07,0.0000,POSITIVE,10.43,-0.1918,7.6702,-0.9588,2015-09-11,10.41,2015-09-09,2015-09-10
2015-09-14,-0.7456,NEGATIVE,10.73,2.3299,6.6170,-1.2116,2015-09-18,10.98,2015-09-17,2015-09-15
2015-09-21,3.9889,POSITIVE,10.63,0.0941,1.5992,-7.0555,2015-09-25,10.64,2015-09-25,2015-09-24
2015-09-28,-4.9652,NEGATIVE,9.23,3.9003,10.5092,-1.1918,2015-10-02,9.59,2015-10-01,2015-09-29
2015-10-05,4.2927,POSITIVE,10.73,2.3299,2.5163,-2.9823,2015-10-09,10.98,2015-10-09,2015-10-08
2015-10-12,0.4550,POSITIVE,10.89,4.9587,5.2342,-1.3774,2015-10-16,11.43,2015-10-16,2015-10-14
2015-10-19,0.4310,POSITIVE,11.67,13.5390,14.3959,-1.1140,2015-10-23,13.25,2015-10-23,2015-10-20
2015-10-26,-2.7677,NEGATIVE,13.24,3.7764,4.4562,0.0000,2015-10-30,13.74,2015-10-30,2015-10-27
2015-11-02,2.2912,POSITIVE,13.93,2.7279,4.2355,0.0000,2015-11-06,14.31,2015-11-05,2015-11-03
2015-11-09,-5.7338,NEGATIVE,13.98,-7.3677,0.1431,-7.7969,2015-11-13,12.95,2015-11-12,2015-11-13
2015-11-16,-1.5601,NEGATIVE,13.25,8.4528,8.4528,0.0000,2015-11-20,14.37,2015-11-20,2015-11-17
2015-11-23,-0.2069,NEGATIVE,13.89,3.9597,4.1037,0.0000,2015-11-27,14.44,2015-11-26,2015-11-24
2015-11-30,-1.9877,NEGATIVE,14.52,-4.0634,2.9614,-7.5069,2015-12-04,13.93,2015-12-02,2015-12-04
2015-12-07,-2.9944,NEGATIVE,13.91,-7.7642,1.5097,-8.6988,2015-12-11,12.83,2015-12-08,2015-12-11
2015-12-14,-2.2454,NEGATIVE,12.98,-0.4622,10.4777,-0.6163,2015-12-18,12.92,2015-12-17,2015-12-18
2015-12-21,-1.5613,NEGATIVE,12.93,2.3975,3.0162,-1.0054,2015-12-23,13.24,2015-12-23,2015-12-22
2015-12-28,-1.4482,NEGATIVE,13.35,2.9963,4.0449,0.0000,2015-12-30,13.75,2015-12-30,2015-12-29
2016-01-04,-1.7989,NEGATIVE,12.35,-13.6032,1.4575,-15.4656,2016-01-08,10.67,2016-01-05,2016-01-08
2016-01-11,-1.8027,NEGATIVE,10.24,-8.0078,10.2539,-12.5000,2016-01-15,9.42,2016-01-13,2016-01-15
2016-01-18,-1.8692,NEGATIVE,9.86,3.0426,3.6511,-15.1116,2016-01-22,10.16,2016-01-22,2016-01-20
2016-01-25,0.2950,POSITIVE,9.59,4.2753,5.0052,-4.0667,2016-01-29,10.00,2016-01-26,2016-01-28
2016-02-01,0.4888,POSITIVE,10.29,-17.2012,0.0000,-19.6307,2016-02-05,8.52,2016-02-02,2016-02-05
2016-02-08,-7.7658,NEGATIVE,7.94,3.7783,5.7935,-7.4307,2016-02-12,8.24,2016-02-10,2016-02-11
2016-02-15,1.6336,POSITIVE,8.99,3.1146,7.8977,-4.3382,2016-02-19,9.27,2016-02-18,2016-02-16
2016-02-22,1.7745,POSITIVE,9.63,3.1153,6.1267,-8.3074,2016-02-26,9.93,2016-02-26,2016-02-24
2016-02-29,4.8017,POSITIVE,9.95,5.3266,7.2362,-0.5025,2016-03-04,10.48,2016-03-02,2016-03-01
2016-03-07,0.2915,POSITIVE,9.87,5.0659,7.9027,-0.9119,2016-03-11,10.37,2016-03-10,2016-03-10
2016-03-14,1.2393,POSITIVE,10.38,3.9499,3.8536,0.0000,2016-03-18,10.79,2016-03-18,2016-03-15
2016-03-21,0.3717,POSITIVE,10.73,-0.3728,3.5415,-1.0252,2016-03-24,10.69,2016-03-23,2016-03-24
2016-04-04,-1.9015,NEGATIVE,11.10,0.4505,5.5856,-0.4505,2016-04-08,11.15,2016-04-07,2016-04-05
2016-04-11,0.0000,POSITIVE,11.00,7.0909,7.7273,0.0000,2016-04-15,11.78,2016-04-15,2016-04-12
2016-04-18,2.2668,POSITIVE,11.92,-7.9698,0.8389,-8.1376,2016-04-22,10.97,2016-04-19,2016-04-22
2016-04-25,-0.0903,NEGATIVE,11.21,-12.1320,0.0000,-11.6860,2016-04-29,9.85,2016-04-26,2016-04-29
2016-05-02,-0.1992,NEGATIVE,10.10,-3.2673,0.0000,-3.2673,2016-05-06,9.77,2016-05-03,2016-05-04
2016-05-09,3.0675,POSITIVE,10.21,1.1753,3.9177,-2.8404,2016-05-13,10.33,2016-05-11,2016-05-12
2016-05-16,2.3881,POSITIVE,10.50,-0.3810,1.2381,-5.9048,2016-05-20,10.46,2016-05-19,2016-05-19
2016-05-23,1.4521,POSITIVE,10.41,10.8549,10.8549,0.0000,2016-05-27,11.54,2016-05-27,2016-05-24
2016-05-30,0.4314,POSITIVE,11.63,-3.4394,0.3439,-3.6113,2016-06-03,11.23,2016-06-03,2016-06-03
2016-06-06,0.0876,POSITIVE,11.39,-2.5461,0.0878,-2.3705,2016-06-10,11.10,2016-06-09,2016-06-10
2016-06-13,0.0000,POSITIVE,10.77,-4.0854,0.3714,-5.3853,2016-06-17,10.33,2016-06-17,2016-06-16
2016-06-20,1.4995,POSITIVE,10.61,-4.1470,1.1310,-8.2941,2016-06-24,10.17,2016-06-23,2016-06-24
2016-06-27,-3.6194,NEGATIVE,9.50,14.8421,15.5789,-0.2105,2016-07-01,10.91,2016-07-01,2016-06-28
2016-07-04,-0.4575,NEGATIVE,10.61,8.9538,8.6711,0.0000,2016-07-08,11.56,2016-07-08,2016-07-05
2016-07-11,1.1064,POSITIVE,11.86,1.6863,2.5295,0.0000,2016-07-15,12.06,2016-07-14,2016-07-12
2016-07-18,1.8182,POSITIVE,12.15,4.4444,4.5267,0.0000,2016-07-22,12.69,2016-07-21,2016-07-19
2016-07-25,0.0787,POSITIVE,12.70,3.1496,3.5433,0.0000,2016-07-29,13.10,2016-07-27,2016-07-26
2016-08-01,1.2918,POSITIVE,13.29,3.3108,3.3108,-2.1821,2016-08-05,13.73,2016-08-05,2016-08-03
2016-08-08,-1.0933,NEGATIVE,13.79,-0.9427,0.0000,-1.3053,2016-08-12,13.66,2016-08-09,2016-08-10
2016-08-22,-0.2230,NEGATIVE,13.65,-0.1465,0.5128,-1.9780,2016-08-26,13.63,2016-08-24,2016-08-26
2016-08-29,0.6667,POSITIVE,13.59,0.4415,0.0736,-2.7226,2016-09-02,13.65,2016-09-01,2016-09-01
2016-09-05,0.0000,POSITIVE,13.63,-3.6684,1.8342,-1.1739,2016-09-09,13.13,2016-09-07,2016-09-09
2016-09-12,2.5457,POSITIVE,12.78,6.4945,6.9640,0.0000,2016-09-16,13.61,2016-09-16,2016-09-13
2016-09-19,-1.1494,NEGATIVE,13.57,4.3478,5.3795,0.0000,2016-09-23,14.16,2016-09-23,2016-09-20
2016-09-26,-0.6574,NEGATIVE,13.95,1.1470,1.5054,-0.8602,2016-09-30,14.11,2016-09-29,2016-09-30
2016-10-03,0.0000,POSITIVE,14.30,-1.4685,0.0000,-2.0280,2016-10-07,14.09,2016-10-04,2016-10-05
2016-10-10,0.0000,POSITIVE,14.32,-2.6536,0.6983,-5.2374,2016-10-14,13.94,2016-10-11,2016-10-13
2016-10-17,0.5857,POSITIVE,14.16,0.8475,0.8475,-1.5537,2016-10-21,14.28,2016-10-21,2016-10-19
2016-10-24,1.5840,POSITIVE,14.88,-5.1747,0.2688,-7.4597,2016-10-28,14.11,2016-10-25,2016-10-28
2016-10-31,-0.8559,NEGATIVE,13.77,-8.1336,0.0000,-9.5134,2016-11-04,12.65,2016-11-01,2016-11-04
2016-11-07,2.4540,POSITIVE,13.47,-2.0787,7.0527,-8.4633,2016-11-11,13.19,2016-11-10,2016-11-09
2016-11-14,-4.5157,NEGATIVE,13.12,8.9939,10.5945,0.0000,2016-11-18,14.30,2016-11-18,2016-11-15
2016-11-21,1.6748,POSITIVE,14.88,-0.8065,0.0672,-1.9489,2016-11-25,14.76,2016-11-22,2016-11-23
2016-11-28,1.7241,POSITIVE,14.75,-7.4576,0.5424,-9.9661,2016-12-02,13.65,2016-11-30,2016-12-02
2016-12-05,0.2174,POSITIVE,13.79,8.9920,9.3546,-0.6526,2016-12-09,15.03,2016-12-09,2016-12-06
2016-12-12,-0.3383,NEGATIVE,14.76,3.8618,7.6558,0.0000,2016-12-16,15.33,2016-12-15,2016-12-13
2016-12-19,0.7717,POSITIVE,15.74,-1.8424,0.5718,-1.5248,2016-12-23,15.45,2016-12-20,2016-12-22
2017-01-02,2.4275,POSITIVE,15.31,3.8537,2.4820,0.0000,2017-01-06,15.90,2017-01-06,2017-01-03
2017-01-09,0.0000,POSITIVE,16.22,1.6030,1.6030,-0.9864,2017-01-13,16.48,2017-01-13,2017-01-10
2017-01-16,-0.0608,NEGATIVE,16.10,1.7391,2.9193,0.0000,2017-01-20,16.38,2017-01-20,2017-01-17
2017-01-23,-0.4321,NEGATIVE,16.29,6.3229,6.5684,0.0000,2017-01-27,17.32,2017-01-26,2017-01-24
2017-01-30,-2.0979,NEGATIVE,16.43,3.8953,4.6257,0.0000,2017-02-03,17.07,2017-02-01,2017-01-31
2017-02-06,0.8173,POSITIVE,17.38,3.7399,4.2002,0.0000,2017-02-10,18.03,2017-02-10,2017-02-07
2017-02-13,-0.0543,NEGATIVE,18.47,2.1657,2.8695,-0.4331,2017-02-17,18.87,2017-02-16,2017-02-14
2017-02-20,0.4167,POSITIVE,19.38,-1.0320,1.6512,-2.8380,2017-02-24,19.18,2017-02-22,2017-02-24
2017-02-27,-1.1795,NEGATIVE,19.45,0.5141,3.3419,-0.0514,2017-03-03,19.55,2017-03-02,2017-03-03
2017-03-06,0.3621,POSITIVE,19.46,1.1819,1.8499,0.0000,2017-03-10,19.69,2017-03-10,2017-03-07
2017-03-13,0.1018,POSITIVE,19.73,0.5575,2.0781,-1.3178,2017-03-17,19.84,2017-03-16,2017-03-14
2017-03-20,0.6079,POSITIVE,19.98,-2.9530,0.0501,-6.7067,2017-03-24,19.39,2017-03-21,2017-03-22
2017-03-27,2.2629,POSITIVE,19.28,4.9274,4.9793,-0.0519,2017-03-31,20.23,2017-03-31,2017-03-28
2017-04-03,-0.6436,NEGATIVE,20.05,0.0998,1.9950,-1.7456,2017-04-07,20.07,2017-04-05,2017-04-06
2017-04-10,0.3966,POSITIVE,19.53,1.2801,1.2289,-0.8193,2017-04-13,19.78,2017-04-13,2017-04-13
2017-04-24,0.1957,POSITIVE,20.55,3.6983,4.4769,0.0000,2017-04-28,21.31,2017-04-28,2017-04-25
2017-05-08,0.3205,POSITIVE,22.19,0.9914,1.3970,-0.7661,2017-05-12,22.41,2017-05-11,2017-05-11
2017-05-15,-0.3100,NEGATIVE,22.65,-4.5475,0.0000,-9.4923,2017-05-19,21.62,2017-05-16,2017-05-18
2017-05-22,0.9268,POSITIVE,22.03,4.6754,4.9024,-0.1362,2017-05-26,23.06,2017-05-26,2017-05-23
2017-05-29,0.1296,POSITIVE,23.33,1.4145,1.4574,-3.0862,2017-06-02,23.66,2017-06-02,2017-05-31
2017-06-05,0.2089,POSITIVE,24.58,-2.1562,0.6509,-3.1733,2017-06-09,24.05,2017-06-09,2017-06-07
2017-06-12,-0.3167,NEGATIVE,21.87,-1.2346,3.8409,-2.1033,2017-06-16,21.60,2017-06-14,2017-06-15
2017-06-19,2.4864,POSITIVE,22.73,0.8799,1.6278,-2.4637,2017-06-23,22.93,2017-06-23,2017-06-21
2017-06-26,-2.2289,NEGATIVE,22.68,-7.8042,0.0000,-9.0388,2017-06-30,20.91,2017-06-27,2017-06-30
2017-07-03,-2.5000,NEGATIVE,20.17,3.4705,3.4705,-0.8428,2017-07-07,20.87,2017-07-07,2017-07-05
2017-07-10,-0.0472,NEGATIVE,21.33,6.0009,6.3291,-0.6564,2017-07-14,22.61,2017-07-13,2017-07-11
2017-07-17,-0.3484,NEGATIVE,22.56,2.9699,5.5408,0.0000,2017-07-21,23.23,2017-07-20,2017-07-18
2017-07-24,0.0857,POSITIVE,23.35,-1.9272,3.6403,-4.0685,2017-07-28,22.90,2017-07-27,2017-07-28
2017-07-31,-2.4096,NEGATIVE,23.02,-0.1303,1.0860,-3.3015,2017-08-04,22.99,2017-08-02,2017-08-02
2017-08-07,-0.0862,NEGATIVE,23.01,-5.3020,2.3468,-7.1273,2017-08-11,21.79,2017-08-08,2017-08-11
2017-08-21,-1.7528,NEGATIVE,22.23,-2.0243,1.7544,-2.3842,2017-08-25,21.78,2017-08-23,2017-08-25
2017-08-28,-0.4554,NEGATIVE,21.03,12.3157,12.6010,-1.7594,2017-09-01,23.62,2017-09-01,2017-08-29
2017-09-04,0.7769,POSITIVE,23.47,-2.9825,0.1278,-3.0251,2017-09-08,22.77,2017-09-05,2017-09-08
2017-09-11,0.0863,POSITIVE,23.42,0.4697,1.0675,-1.5371,2017-09-15,23.53,2017-09-14,2017-09-15
2017-09-18,0.2965,POSITIVE,23.48,-3.7905,0.0000,-3.8756,2017-09-22,22.59,2017-09-19,2017-09-22
2017-09-25,-2.2867,NEGATIVE,22.20,5.3604,5.8559,0.0000,2017-09-29,23.39,2017-09-29,2017-09-26
2017-10-02,0.4634,POSITIVE,23.84,3.2718,4.1107,-1.1745,2017-10-06,24.62,2017-10-06,2017-10-05
2017-10-09,-0.1210,NEGATIVE,24.77,0.2826,0.2826,-1.5341,2017-10-13,24.84,2017-10-13,2017-10-11
2017-10-16,0.3203,POSITIVE,25.23,-0.4756,0.9512,-3.6465,2017-10-20,25.11,2017-10-18,2017-10-19
2017-10-23,-1.2633,NEGATIVE,24.84,6.5217,5.7568,-3.4219,2017-10-27,26.46,2017-10-27,2017-10-25
2017-10-30,1.2140,POSITIVE,27.05,1.5896,2.0333,-2.0702,2017-11-03,27.48,2017-11-01,2017-11-02
2017-11-06,0.6470,POSITIVE,28.20,-1.9504,0.4610,-2.4468,2017-11-10,27.65,2017-11-08,2017-11-10
2017-11-13,-0.1786,NEGATIVE,27.85,0.1436,1.7594,-4.2370,2017-11-17,27.89,2017-11-14,2017-11-15
2017-11-20,1.0215,POSITIVE,27.82,2.5521,3.1991,0.0000,2017-11-24,28.53,2017-11-22,2017-11-21
2017-11-27,-0.6309,NEGATIVE,28.74,-6.9589,0.5219,-5.0800,2017-12-01,26.74,2017-11-29,2017-11-30
2017-12-04,-2.7143,NEGATIVE,26.83,4.8453,5.5908,-3.8390,2017-12-08,28.13,2017-12-08,2017-12-05
2017-12-11,2.7293,POSITIVE,28.74,1.5658,1.6006,-1.8789,2017-12-15,29.19,2017-12-15,2017-12-13
2017-12-18,-0.7261,NEGATIVE,30.33,-3.1982,0.2638,-3.9565,2017-12-22,29.36,2017-12-19,2017-12-20
2018-01-08,1.8193,POSITIVE,32.01,1.1871,1.4995,-2.6867,2018-01-12,32.39,2018-01-12,2018-01-10
2018-01-15,-0.7029,NEGATIVE,32.84,1.2485,2.9233,-1.8575,2018-01-19,33.25,2018-01-19,2018-01-17
2018-01-22,1.6502,POSITIVE,34.92,0.0573,1.1455,-3.1214,2018-01-26,34.94,2018-01-23,2018-01-25
2018-01-29,1.2571,POSITIVE,34.93,-6.1838,0.0000,-7.0427,2018-02-02,32.77,2018-01-30,2018-02-02
2018-02-05,1.1171,POSITIVE,28.04,-6.9544,10.6277,-9.8787,2018-02-09,26.09,2018-02-07,2018-02-09
2018-02-12,1.8208,POSITIVE,28.06,13.7562,14.8610,-1.3899,2018-02-16,31.92,2018-02-16,2018-02-13
2018-02-19,-1.5967,NEGATIVE,31.40,3.2166,4.0446,-1.7516,2018-02-23,32.41,2018-02-21,2018-02-22
2018-02-26,4.3862,POSITIVE,34.54,-10.4806,1.0133,-13.1152,2018-03-02,30.92,2018-02-27,2018-03-02
2018-03-05,3.7833,POSITIVE,33.23,7.0719,7.0719,-3.5811,2018-03-09,35.58,2018-03-09,2018-03-07
2018-03-12,3.4202,POSITIVE,36.76,-4.4886,1.6322,-5.5495,2018-03-16,35.11,2018-03-13,2018-03-14
2018-03-19,-7.0548,NEGATIVE,32.72,-10.3606,1.8949,-11.5831,2018-03-23,29.33,2018-03-21,2018-03-23
2018-03-26,-3.8868,NEGATIVE,31.33,-10.9480,0.9895,-16.4698,2018-03-29,27.90,2018-03-27,2018-03-28
2018-04-09,2.7146,POSITIVE,28.33,2.1179,4.5888,-2.9298,2018-04-13,28.93,2018-04-13,2018-04-10
2018-04-16,-0.1037,NEGATIVE,29.33,-0.3069,7.0917,-0.0682,2018-04-20,29.24,2018-04-18,2018-04-20
2018-04-23,1.9775,POSITIVE,29.49,0.1017,4.7135,-10.7494,2018-04-27,29.52,2018-04-27,2018-04-25
2018-05-07,4.2258,POSITIVE,32.08,5.5175,6.4214,-1.1534,2018-05-11,33.85,2018-05-11,2018-05-08
2018-05-14,0.6160,POSITIVE,34.00,-1.9118,0.0000,-3.4412,2018-05-18,33.35,2018-05-15,2018-05-15
2018-05-21,-0.5655,NEGATIVE,33.71,3.7674,3.8861,-3.3225,2018-05-25,34.98,2018-05-25,2018-05-23
2018-05-28,0.3421,POSITIVE,34.64,4.4746,4.6189,-1.5012,2018-06-01,36.19,2018-06-01,2018-05-29
2018-06-04,1.9835,POSITIVE,37.17,-0.6188,2.9056,-2.7980,2018-06-08,36.94,2018-06-07,2018-06-08
2018-06-11,0.4852,POSITIVE,37.52,4.0512,6.6898,-0.7729,2018-06-15,39.04,2018-06-15,2018-06-12
2018-06-18,1.2416,POSITIVE,37.69,1.8042,7.1902,-0.0531,2018-06-22,38.37,2018-06-21,2018-06-19
2018-06-25,-3.3552,NEGATIVE,35.82,1.2284,3.0988,-3.9363,2018-06-29,36.26,2018-06-27,2018-06-28
2018-07-02,1.3920,POSITIVE,36.73,1.7152,1.6335,-4.5195,2018-07-06,37.36,2018-07-06,2018-07-05
2018-07-09,0.3396,POSITIVE,39.19,4.2868,4.9758,-3.8785,2018-07-13,40.87,2018-07-13,2018-07-11
2018-07-16,-0.8098,NEGATIVE,39.67,3.0502,4.3862,-1.8150,2018-07-20,40.88,2018-07-18,2018-07-17
2018-07-23,0.9329,POSITIVE,41.30,-2.0823,1.8644,-2.2760,2018-07-27,40.44,2018-07-24,2018-07-27
2018-07-30,-3.1893,NEGATIVE,37.64,8.0234,9.0861,-0.6111,2018-08-03,40.66,2018-08-03,2018-07-31
2018-08-06,0.1457,POSITIVE,42.27,-0.1656,0.9463,-0.9226,2018-08-10,42.20,2018-08-09,2018-08-10
2018-08-13,1.5651,POSITIVE,42.61,-4.2244,0.0235,-4.8815,2018-08-17,40.81,2018-08-14,2018-08-17
2018-08-20,-1.8927,NEGATIVE,41.10,3.2603,3.2603,-1.1192,2018-08-24,42.44,2018-08-24,2018-08-22
2018-08-27,0.6741,POSITIVE,43.63,3.8276,4.3777,-0.4813,2018-08-31,45.30,2018-08-31,2018-08-28
2018-09-03,0.4851,POSITIVE,45.91,-7.7543,0.1743,-11.0433,2018-09-07,42.35,2018-09-04,2018-09-07
2018-09-10,-0.7837,NEGATIVE,41.93,3.5297,4.5314,-1.4310,2018-09-14,43.41,2018-09-14,2018-09-11
2018-09-17,-2.6144,NEGATIVE,41.26,4.5565,5.7683,-0.3151,2018-09-21,43.14,2018-09-21,2018-09-18
2018-09-24,1.2919,POSITIVE,42.79,4.5338,4.4169,-1.0750,2018-09-28,44.73,2018-09-27,2018-09-25
2018-10-01,1.7333,POSITIVE,44.74,-8.6053,1.9893,-8.7394,2018-10-05,40.89,2018-10-03,2018-10-05
2018-10-08,-2.5422,NEGATIVE,40.44,-10.9792,2.6706,-17.8536,2018-10-12,36.00,2018-10-09,2018-10-11
2018-10-15,0.9790,POSITIVE,35.45,3.6953,11.0860,0.0000,2018-10-19,36.76,2018-10-17,2018-10-16
2018-10-22,2.3909,POSITIVE,34.85,-8.0344,4.7059,-13.5151,2018-10-26,32.05,2018-10-24,2018-10-26
2018-10-29,-4.0420,NEGATIVE,30.83,8.4333,14.8557,-5.0924,2018-11-02,33.43,2018-11-02,2018-10-30
2018-11-05,-3.8001,NEGATIVE,32.90,4.8632,11.4590,-1.3678,2018-11-09,34.50,2018-11-08,2018-11-06
2018-11-12,-10.1623,NEGATIVE,32.27,-2.6340,2.7890,-7.5612,2018-11-16,31.42,2018-11-13,2018-11-15
2018-11-19,-8.2213,NEGATIVE,29.31,-5.8342,0.0000,-11.2931,2018-11-23,27.60,2018-11-20,2018-11-20
2018-11-26,2.2873,POSITIVE,28.82,10.8605,11.6586,-1.6655,2018-11-30,31.95,2018-11-30,2018-11-27
2018-12-03,4.9231,POSITIVE,33.80,-14.4675,0.0000,-16.6272,2018-12-07,28.91,2018-12-04,2018-12-06
2018-12-10,-2.8194,NEGATIVE,28.62,0.4892,8.1412,-0.8036,2018-12-14,28.76,2018-12-12,2018-12-14
2018-12-17,-2.0974,NEGATIVE,26.02,-12.2598,3.4589,-13.7586,2018-12-21,22.83,2018-12-19,2018-12-21
2019-01-07,1.2566,POSITIVE,25.24,3.5261,4.8732,-1.3471,2019-01-11,26.13,2019-01-11,2019-01-08
2019-01-14,0.6243,POSITIVE,26.15,11.1663,11.4723,-0.8413,2019-01-18,29.07,2019-01-18,2019-01-15
2019-01-21,-0.5961,NEGATIVE,28.05,1.6399,2.2103,-4.2068,2019-01-25,28.51,2019-01-25,2019-01-23
2019-01-28,-3.9548,NEGATIVE,27.15,9.7606,10.9761,-2.3941,2019-02-01,29.80,2019-02-01,2019-01-29
2019-02-04,3.2203,POSITIVE,30.35,-2.3723,4.8105,-3.1960,2019-02-08,29.63,2019-02-06,2019-02-08
2019-02-11,0.6588,POSITIVE,30.83,4.1194,6.1628,0.0000,2019-02-15,32.10,2019-02-15,2019-02-12
2019-02-18,0.1542,POSITIVE,32.38,0.8956,1.0500,-2.7177,2019-02-22,32.67,2019-02-20,2019-02-21
2019-02-25,1.4848,POSITIVE,32.96,-0.2124,1.4260,-2.9126,2019-03-01,32.89,2019-03-01,2019-02-27
2019-03-04,-1.9429,NEGATIVE,33.57,-6.2258,0.5660,-8.1620,2019-03-08,31.48,2019-03-05,2019-03-08
2019-03-11,4.1266,POSITIVE,34.12,5.0996,5.3048,-1.2603,2019-03-15,35.86,2019-03-15,2019-03-12
2019-03-18,-1.7198,NEGATIVE,35.95,1.5299,9.0403,-0.3338,2019-03-22,36.50,2019-03-22,2019-03-20
2019-03-25,1.0759,POSITIVE,35.97,1.6959,3.0581,-3.1971,2019-03-29,36.58,2019-03-26,2019-03-27
2019-04-01,0.5030,POSITIVE,38.19,4.2681,4.3991,-0.0524,2019-04-05,39.82,2019-04-05,2019-04-02
2019-04-08,-0.1007,NEGATIVE,39.85,0.1757,1.3049,-0.7026,2019-04-12,39.92,2019-04-11,2019-04-09
2019-04-15,0.3015,POSITIVE,40.47,1.4826,3.7064,0.0000,2019-04-18,41.07,2019-04-18,2019-04-16
2019-04-29,0.1821,POSITIVE,43.17,0.9266,1.2509,-2.6407,2019-05-03,43.57,2019-05-03,2019-05-02
2019-05-06,3.2149,POSITIVE,42.79,-12.7834,0.0234,-13.1806,2019-05-10,37.32,2019-05-07,2019-05-10
2019-05-13,-5.9890,NEGATIVE,35.81,10.8350,11.7286,0.0000,2019-05-17,39.69,2019-05-16,2019-05-14
2019-05-20,-4.9948,NEGATIVE,37.02,-4.6731,1.8098,-4.8892,2019-05-24,35.29,2019-05-21,2019-05-24
2019-05-27,-0.7603,NEGATIVE,35.31,-5.0127,1.9824,-7.1085,2019-05-31,33.54,2019-05-28,2019-05-31
2019-06-03,-0.5908,NEGATIVE,30.50,18.4262,19.4754,-0.1967,2019-06-07,36.12,2019-06-07,2019-06-04
2019-06-10,4.1451,POSITIVE,38.33,-2.6350,0.8870,-4.2004,2019-06-14,37.32,2019-06-11,2019-06-13
2019-06-17,1.4917,POSITIVE,38.13,7.8678,9.7036,-0.9179,2019-06-21,41.13,2019-06-20,2019-06-18
2019-06-24,-0.9498,NEGATIVE,40.33,-2.3060,0.0248,-4.4632,2019-06-28,39.40,2019-06-25,2019-06-26
2019-07-01,-0.5529,NEGATIVE,41.30,2.2034,4.7700,-0.8475,2019-07-05,42.21,2019-07-04,2019-07-02
2019-07-08,-0.8784,NEGATIVE,41.08,7.0837,7.3515,-0.4869,2019-07-12,43.99,2019-07-11,2019-07-09
2019-07-15,0.2933,POSITIVE,44.73,-1.9003,0.4471,-5.3432,2019-07-19,43.88,2019-07-16,2019-07-18
2019-07-22,1.5951,POSITIVE,44.01,3.9309,4.5217,-0.3408,2019-07-26,45.74,2019-07-25,2019-07-23
2019-07-29,-1.1630,NEGATIVE,45.33,-11.3170,0.8162,-12.1332,2019-08-02,40.20,2019-08-01,2019-08-02
2019-08-05,-5.6667,NEGATIVE,35.87,7.0254,12.1271,-1.8400,2019-08-09,38.39,2019-08-09,2019-08-07
2019-08-12,-4.1041,NEGATIVE,37.73,2.3324,9.1174,-1.3517,2019-08-16,38.61,2019-08-13,2019-08-13
2019-08-19,1.5539,POSITIVE,40.50,-6.8889,1.6543,-6.8889,2019-08-23,37.71,2019-08-22,2019-08-23
2019-08-26,0.2929,POSITIVE,37.67,4.9907,8.8665,-1.6724,2019-08-30,39.55,2019-08-30,2019-08-28
2019-09-02,0.0505,POSITIVE,39.13,8.8168,10.4012,-1.0989,2019-09-06,42.58,2019-09-06,2019-09-03
2019-09-09,-0.3741,NEGATIVE,41.61,3.4847,6.5850,-2.2591,2019-09-13,43.06,2019-09-12,2019-09-10
2019-09-16,0.8990,POSITIVE,42.25,1.7041,3.7396,-0.2840,2019-09-20,42.97,2019-09-19,2019-09-17
2019-09-23,-1.1543,NEGATIVE,42.42,-2.6874,0.6601,-7.5200,2019-09-27,41.28,2019-09-24,2019-09-25
2019-09-30,1.0633,POSITIVE,41.33,-2.6373,2.2744,-11.4687,2019-10-04,40.24,2019-10-01,2019-10-03
2019-10-07,1.3920,POSITIVE,40.72,4.5432,4.5432,-5.5501,2019-10-11,42.57,2019-10-11,2019-10-09
2019-10-14,-0.0238,NEGATIVE,42.61,-0.6571,2.4642,-0.9622,2019-10-18,42.33,2019-10-17,2019-10-15
2019-10-21,1.8108,POSITIVE,42.95,3.4692,3.4692,-4.1444,2019-10-25,44.44,2019-10-25,2019-10-23
2019-10-28,2.2306,POSITIVE,45.72,0.0219,1.2030,-3.1934,2019-11-01,45.73,2019-11-01,2019-10-30
2019-11-04,0.9634,POSITIVE,47.72,0.8173,1.7393,-1.5717,2019-11-08,48.11,2019-11-07,2019-11-06
2019-11-11,0.2086,POSITIVE,48.52,1.7931,2.1228,-1.2778,2019-11-15,49.39,2019-11-15,2019-11-13
2019-11-18,-1.0835,NEGATIVE,49.93,-2.9641,0.8812,-3.7252,2019-11-22,48.45,2019-11-19,2019-11-22
2019-11-25,2.2907,POSITIVE,50.67,1.5591,2.3288,-0.3552,2019-11-29,51.46,2019-11-28,2019-11-26
2019-12-02,-5.7870,NEGATIVE,49.35,2.7761,2.7356,-6.4235,2019-12-06,50.72,2019-12-06,2019-12-03
2019-12-09,0.0987,POSITIVE,50.03,3.4179,5.1569,-1.7190,2019-12-13,51.74,2019-12-13,2019-12-10
2019-12-16,2.0509,POSITIVE,53.77,3.8125,4.0171,-0.7253,2019-12-20,55.82,2019-12-20,2019-12-17
2020-01-06,1.7263,POSITIVE,58.41,6.1976,7.8069,-1.0443,2020-01-10,62.03,2020-01-10,2020-01-08
2020-01-13,0.8096,POSITIVE,62.57,3.2124,4.5869,-0.4635,2020-01-17,64.58,2020-01-17,2020-01-14
2020-01-20,0.3997,POSITIVE,64.44,3.7089,5.5556,-0.3724,2020-01-24,66.83,2020-01-24,2020-01-21
2020-01-27,-2.3623,NEGATIVE,62.52,-0.6558,5.4223,-1.5195,2020-01-31,62.11,2020-01-31,2020-01-28
2020-02-03,2.0140,POSITIVE,65.45,10.0688,10.0688,0.0000,2020-02-07,72.04,2020-02-07,2020-02-04
2020-02-10,1.7367,POSITIVE,74.64,2.9475,3.4566,-3.4432,2020-02-14,76.84,2020-02-14,2020-02-13
2020-02-17,-0.0900,NEGATIVE,74.81,-1.0293,6.4965,-4.4914,2020-02-21,74.04,2020-02-19,2020-02-21
2020-02-24,-4.7891,NEGATIVE,66.55,-26.8670,0.3306,-33.3884,2020-02-28,48.67,2020-02-25,2020-02-28
2020-03-02,1.2923,POSITIVE,56.67,-15.0697,5.8761,-19.5694,2020-03-06,48.13,2020-03-03,2020-03-06
2020-03-09,2.5854,POSITIVE,42.50,-25.8824,7.3176,-30.5176,2020-03-13,31.50,2020-03-10,2020-03-13
2020-03-16,-0.3646,NEGATIVE,29.34,-8.3163,7.8391,-21.0293,2020-03-20,26.90,2020-03-20,2020-03-18
2020-03-23,8.4715,POSITIVE,25.88,14.7991,24.1499,0.0000,2020-03-27,29.71,2020-03-25,2020-03-24
2020-03-30,10.0588,POSITIVE,32.67,-11.6009,4.0710,-17.2635,2020-04-03,28.88,2020-03-31,2020-04-02
2020-04-06,1.2422,POSITIVE,35.93,0.8350,4.8984,-5.8725,2020-04-09,36.23,2020-04-09,2020-04-08
2020-04-20,1.2410,POSITIVE,43.29,-2.9337,1.8018,-12.7743,2020-04-24,42.02,2020-04-23,2020-04-21
2020-04-27,0.5565,POSITIVE,45.09,2.5948,7.8066,-5.3670,2020-04-30,46.26,2020-04-30,2020-04-28
2020-05-04,2.7325,POSITIVE,44.65,11.3550,12.3852,-0.7839,2020-05-08,49.72,2020-05-08,2020-05-05
2020-05-11,0.6693,POSITIVE,51.04,-8.4444,2.2139,-12.4804,2020-05-15,46.73,2020-05-12,2020-05-14
2020-05-18,3.2728,POSITIVE,52.56,-1.0084,3.1012,-4.7374,2020-05-22,52.03,2020-05-21,2020-05-22
2020-05-25,2.0438,POSITIVE,55.77,-6.8675,0.1972,-12.9281,2020-05-29,51.94,2020-05-26,2020-05-27
2020-06-01,0.2222,POSITIVE,55.00,4.7455,4.7455,-3.4364,2020-06-05,57.61,2020-06-05,2020-06-02
2020-06-08,0.3817,POSITIVE,59.17,-8.2305,4.7828,-9.8699,2020-06-12,54.30,2020-06-10,2020-06-12
2020-06-15,6.1626,POSITIVE,57.97,7.6591,8.4181,-1.4663,2020-06-19,62.41,2020-06-19,2020-06-16
2020-06-22,1.6137,POSITIVE,63.09,-5.5635,3.0591,-7.7350,2020-06-26,59.58,2020-06-23,2020-06-26
2020-06-29,1.1226,POSITIVE,60.60,10.1650,12.4917,-1.5842,2020-07-03,66.76,2020-07-02,2020-06-30
2020-07-06,3.0623,POSITIVE,71.00,4.0845,5.0282,-1.6620,2020-07-10,73.90,2020-07-10,2020-07-08
2020-07-13,3.7726,POSITIVE,72.55,-2.5500,1.5438,-8.7250,2020-07-17,70.70,2020-07-15,2020-07-14
2020-07-20,6.7838,POSITIVE,79.06,-15.1657,0.7716,-19.9342,2020-07-24,67.07,2020-07-21,2020-07-24
2020-07-27,0.0897,POSITIVE,70.00,2.1286,5.5571,-5.4714,2020-07-31,71.49,2020-07-31,2020-07-30
2020-08-03,3.0910,POSITIVE,77.43,3.0479,4.8043,-2.4797,2020-08-07,79.79,2020-08-07,2020-08-04
2020-08-10,-2.4531,NEGATIVE,78.16,0.2303,2.8403,-4.9770,2020-08-14,78.34,2020-08-13,2020-08-12
2020-08-17,1.2666,POSITIVE,80.33,7.9422,8.3406,-0.6224,2020-08-21,86.71,2020-08-21,2020-08-18
2020-08-24,-1.5593,NEGATIVE,89.82,7.3146,9.1071,-2.7722,2020-08-28,96.39,2020-08-27,2020-08-25
2020-08-31,-0.7353,NEGATIVE,100.37,-19.2587,7.6218,-23.9514,2020-09-04,81.04,2020-09-02,2020-09-04
2020-09-07,3.0658,POSITIVE,85.59,-11.3097,0.1519,-12.3729,2020-09-11,75.91,2020-09-08,2020-09-11
2020-09-14,1.8549,POSITIVE,79.18,-10.2677,6.1884,-10.2677,2020-09-18,71.05,2020-09-16,2020-09-18
2020-09-21,-3.8819,NEGATIVE,72.34,2.6680,8.1421,-6.6215,2020-09-25,74.27,2020-09-23,2020-09-24
2020-09-28,1.5353,POSITIVE,80.96,-1.1858,4.9901,-4.8048,2020-10-02,80.00,2020-10-01,2020-09-30
2020-10-05,2.0726,POSITIVE,81.80,4.9511,4.9511,-3.6553,2020-10-09,85.85,2020-10-09,2020-10-07
2020-10-12,6.2961,POSITIVE,94.72,-3.0300,4.5186,-7.4008,2020-10-16,91.85,2020-10-13,2020-10-15
2020-10-19,-3.2725,NEGATIVE,86.80,-3.6290,0.6797,-5.0000,2020-10-23,83.65,2020-10-21,2020-10-22
2020-10-26,-2.6681,NEGATIVE,82.27,-10.3318,1.8354,-13.0910,2020-10-30,73.77,2020-10-27,2020-10-30
2020-11-02,-0.0951,NEGATIVE,73.70,23.8128,27.5441,-0.0407,2020-11-06,91.25,2020-11-05,2020-11-03
2020-11-09,12.7219,POSITIVE,86.95,0.4830,3.7953,-7.5216,2020-11-13,87.37,2020-11-12,2020-11-10
2020-11-16,0.0884,POSITIVE,91.20,-0.8443,0.3838,-5.2303,2020-11-20,90.43,2020-11-17,2020-11-19
2020-11-23,-2.4952,NEGATIVE,89.72,7.1444,7.5457,-1.9171,2020-11-27,96.13,2020-11-27,2020-11-24
2020-11-30,-1.9465,NEGATIVE,98.04,1.8258,2.1624,-2.3460,2020-12-04,99.83,2020-12-04,2020-12-02
2020-12-07,1.4765,POSITIVE,101.70,-7.0305,1.4749,-7.8859,2020-12-11,94.55,2020-12-09,2020-12-10
2020-12-14,2.7430,POSITIVE,99.09,4.0872,6.2973,-0.3835,2020-12-18,103.14,2020-12-18,2020-12-15
2020-12-21,-3.8978,NEGATIVE,103.14,0.0776,1.7452,-0.6205,2020-12-23,103.22,2020-12-22,2020-12-22
2020-12-28,0.9189,POSITIVE,108.12,-0.9804,0.3700,-1.9608,2020-12-30,107.06,2020-12-29,2020-12-29
2021-01-04,-5.1028,NEGATIVE,102.64,8.3885,9.0023,-4.7837,2021-01-08,111.25,2021-01-08,2021-01-06
2021-01-11,-1.6791,NEGATIVE,109.44,-1.3615,2.4854,-3.6915,2021-01-15,107.95,2021-01-14,2021-01-15
2021-01-18,0.4983,POSITIVE,109.62,9.2228,10.5182,-1.6876,2021-01-22,119.73,2021-01-21,2021-01-19
2021-01-25,-2.0498,NEGATIVE,121.82,-9.3088,3.3820,-10.6715,2021-01-29,110.48,2021-01-27,2021-01-28
2021-02-01,4.1501,POSITIVE,119.30,5.5574,7.2925,-0.1174,2021-02-05,125.93,2021-02-05,2021-02-02
2021-02-08,-0.9469,NEGATIVE,128.70,1.2432,1.4918,-3.6519,2021-02-12,130.30,2021-02-10,2021-02-10
2021-02-15,0.3913,POSITIVE,133.76,-3.7455,0.2990,-7.8798,2021-02-19,128.75,2021-02-16,2021-02-18
2021-02-22,-2.4687,NEGATIVE,117.58,-6.6678,0.0850,-12.5361,2021-02-26,109.74,2021-02-23,2021-02-26
2021-03-01,1.8729,POSITIVE,115.36,-19.3828,1.8031,-20.5444,2021-03-05,93.00,2021-03-02,2021-03-05
2021-03-08,4.5455,POSITIVE,97.97,7.3798,13.1571,-0.2348,2021-03-12,105.20,2021-03-11,2021-03-09
2021-03-15,1.3412,POSITIVE,112.64,-6.0547,4.0661,-9.4460,2021-03-19,105.82,2021-03-16,2021-03-19
2021-03-22,5.1028,POSITIVE,110.82,-4.2953,2.8695,-8.9875,2021-03-26,106.06,2021-03-23,2021-03-25
2021-03-29,-0.1858,NEGATIVE,108.36,8.6379,9.6346,-2.9808,2021-04-01,117.72,2021-04-01,2021-03-30
2021-04-12,-0.4914,NEGATIVE,130.00,3.4385,4.8462,-0.1615,2021-04-16,134.47,2021-04-16,2021-04-13
2021-04-19,-2.7557,NEGATIVE,130.90,0.1528,1.2987,-3.7433,2021-04-23,131.10,2021-04-22,2021-04-21
2021-04-26,1.3891,POSITIVE,134.42,-2.8418,0.1785,-4.3743,2021-04-30,130.60,2021-04-27,2021-04-30
2021-05-03,-2.4433,NEGATIVE,127.44,-0.6905,0.3296,-8.3019,2021-05-07,126.56,2021-05-04,2021-05-06
2021-05-10,-4.1842,NEGATIVE,112.32,1.4601,1.7272,-7.0335,2021-05-14,113.96,2021-05-12,2021-05-13
2021-05-17,-2.3899,NEGATIVE,115.48,0.7880,3.1088,-10.1922,2021-05-21,116.39,2021-05-21,2021-05-19
2021-05-24,4.4443,POSITIVE,122.54,0.6120,0.9793,-2.0238,2021-05-28,123.29,2021-05-28,2021-05-25
2021-05-31,-1.0608,NEGATIVE,122.19,1.7268,1.7432,-4.4766,2021-06-04,124.30,2021-06-04,2021-06-03
2021-06-07,-0.8870,NEGATIVE,125.53,3.9512,4.2062,-6.7952,2021-06-11,130.49,2021-06-11,2021-06-10
2021-06-14,-0.0757,NEGATIVE,135.10,0.0370,3.2272,-4.1081,2021-06-18,135.15,2021-06-18,2021-06-17
2021-06-21,0.6113,POSITIVE,137.12,4.6602,5.8270,-1.0721,2021-06-25,143.51,2021-06-24,2021-06-22
2021-06-28,2.3078,POSITIVE,147.67,3.7855,4.5304,-0.1625,2021-07-02,153.26,2021-07-02,2021-06-29
2021-07-05,0.0840,POSITIVE,154.29,2.5990,4.6730,-2.7286,2021-07-09,158.30,2021-07-07,2021-07-08
2021-07-12,0.1133,POSITIVE,160.19,-2.5095,3.0651,-2.4721,2021-07-16,156.17,2021-07-14,2021-07-16
2021-07-19,-2.5394,NEGATIVE,153.80,8.9987,8.9727,-1.8986,2021-07-23,167.64,2021-07-23,2021-07-20
2021-07-26,-0.2249,NEGATIVE,168.51,-3.8633,0.5756,-6.0293,2021-07-30,162.00,2021-07-27,2021-07-30
2021-08-02,-0.0966,NEGATIVE,163.80,2.9426,3.9683,-2.3993,2021-08-06,168.62,2021-08-05,2021-08-03
2021-08-09,1.1091,POSITIVE,170.27,-0.8810,0.5638,-3.4240,2021-08-13,168.77,2021-08-10,2021-08-12
2021-08-16,-2.3040,NEGATIVE,168.58,0.0830,0.7059,-6.8336,2021-08-20,168.72,2021-08-20,2021-08-19
2021-08-23,2.6485,POSITIVE,178.16,-0.1459,0.4715,-2.3350,2021-08-27,177.90,2021-08-27,2021-08-26
2021-08-30,2.7143,POSITIVE,186.95,-0.8772,0.4279,-2.7334,2021-09-03,185.31,2021-09-01,2021-09-03
2021-09-06,0.2457,POSITIVE,187.16,-2.4257,0.0321,-2.3563,2021-09-10,182.62,2021-09-08,2021-09-10
2021-09-13,-2.1571,NEGATIVE,178.80,-1.2864,2.3434,-2.2371,2021-09-17,176.50,2021-09-17,2021-09-15
2021-09-20,-4.1568,NEGATIVE,168.45,2.6180,4.7789,-2.0481,2021-09-24,172.86,2021-09-23,2021-09-21
2021-09-27,-3.7097,NEGATIVE,168.20,-7.1938,0.3270,-9.9405,2021-10-01,156.10,2021-09-28,2021-10-01
2021-10-04,-5.1187,NEGATIVE,150.72,7.3514,10.5361,-1.3668,2021-10-08,161.80,2021-10-07,2021-10-06
2021-10-11,2.4324,POSITIVE,153.62,10.4674,10.6627,-0.0651,2021-10-15,169.70,2021-10-15,2021-10-12
2021-10-18,2.3671,POSITIVE,175.81,0.3925,2.9521,-0.1081,2021-10-22,176.50,2021-10-22,2021-10-19
2021-10-25,1.1790,POSITIVE,185.87,3.3303,3.3303,-1.2966,2021-10-29,192.06,2021-10-29,2021-10-27
2021-11-01,-0.6597,NEGATIVE,195.92,11.1627,11.9334,-0.0612,2021-11-05,217.79,2021-11-05,2021-11-02
2021-11-08,0.7308,POSITIVE,212.78,-1.1279,1.6026,-4.5963,2021-11-12,210.38,2021-11-09,2021-11-11
2021-11-15,-0.6759,NEGATIVE,212.23,8.1233,8.3730,-0.5560,2021-11-19,229.47,2021-11-19,2021-11-16
2021-11-22,0.2681,POSITIVE,219.81,-5.3137,2.1064,-6.1826,2021-11-26,208.13,2021-11-25,2021-11-26
2021-11-29,2.0743,POSITIVE,217.00,-10.7972,2.0645,-12.1659,2021-12-03,193.57,2021-11-30,2021-12-03
2021-12-06,-0.3831,NEGATIVE,204.36,3.1268,7.9663,0.0000,2021-12-10,210.75,2021-12-08,2021-12-07
2021-12-13,-3.2015,NEGATIVE,209.06,-5.2903,5.8261,-9.2414,2021-12-17,198.00,2021-12-16,2021-12-17
2021-12-20,-1.6321,NEGATIVE,194.12,10.3081,10.3081,-2.7766,2021-12-23,214.13,2021-12-23,2021-12-21
2021-12-27,3.6869,POSITIVE,223.10,-0.1210,1.8960,-3.2855,2021-12-30,222.83,2021-12-28,2021-12-29
2022-01-03,0.6410,POSITIVE,222.70,-16.3000,0.6286,-17.9614,2022-01-07,186.40,2022-01-04,2022-01-07
2022-01-10,-6.3506,NEGATIVE,187.23,-3.0497,6.5695,-7.0662,2022-01-14,181.52,2022-01-12,2022-01-14
2022-01-17,0.7725,POSITIVE,178.68,-11.4674,0.3414,-16.3309,2022-01-21,158.19,2022-01-18,2022-01-21
2022-01-24,-10.8975,NEGATIVE,140.89,0.1845,5.6782,-7.1616,2022-01-28,141.15,2022-01-26,2022-01-28
2022-01-31,5.3721,POSITIVE,160.78,-8.4650,6.7297,-12.9245,2022-02-04,147.17,2022-02-02,2022-02-04
2022-02-07,-1.3505,NEGATIVE,147.16,-0.6524,9.6086,-1.8076,2022-02-11,146.20,2022-02-10,2022-02-08
2022-02-14,2.9101,POSITIVE,139.15,-6.0151,7.0068,-7.0068,2022-02-18,130.78,2022-02-16,2022-02-18
2022-02-21,-6.1136,NEGATIVE,120.32,11.2201,11.3447,-12.6828,2022-02-25,133.82,2022-02-25,2022-02-24
2022-02-28,5.5089,POSITIVE,138.36,-8.2105,3.2741,-8.9332,2022-03-04,127.00,2022-03-03,2022-03-04
2022-03-07,-0.2204,NEGATIVE,112.28,3.8831,12.6470,-2.1375,2022-03-11,116.64,2022-03-11,2022-03-08
2022-03-14,-4.7632,NEGATIVE,104.98,30.9773,30.9773,-1.3145,2022-03-18,137.50,2022-03-18,2022-03-15
2022-03-21,-0.5023,NEGATIVE,141.24,4.9419,8.8927,-0.8213,2022-03-25,148.22,2022-03-25,2022-03-22
2022-03-28,1.1277,POSITIVE,159.27,-4.6085,2.9698,-4.6085,2022-04-01,151.93,2022-03-29,2022-04-01
2022-04-04,4.5690,POSITIVE,163.93,-13.2740,0.5307,-15.0857,2022-04-08,142.17,2022-04-05,2022-04-08
2022-04-11,-4.1944,NEGATIVE,129.00,2.6279,6.2791,-1.1860,2022-04-14,132.39,2022-04-12,2022-04-12
2022-04-25,2.2984,POSITIVE,116.96,-5.6601,0.7353,-11.0807,2022-04-29,110.34,2022-04-26,2022-04-27
2022-05-02,-1.9301,NEGATIVE,106.30,-7.8175,8.5889,-13.6406,2022-05-06,97.99,2022-05-05,2022-05-06
2022-05-09,-7.8805,NEGATIVE,88.58,-0.3838,3.8609,-14.7663,2022-05-13,88.24,2022-05-11,2022-05-12
2022-05-16,-1.3551,NEGATIVE,87.95,-15.0313,4.2183,-16.3161,2022-05-20,74.73,2022-05-17,2022-05-20
2022-05-23,-0.8133,NEGATIVE,73.93,20.3977,20.4653,-5.9516,2022-05-27,89.01,2022-05-27,2022-05-24
2022-05-30,-1.2051,NEGATIVE,91.04,-3.9323,3.9214,-5.3713,2022-06-03,87.46,2022-06-03,2022-06-02
2022-06-06,0.0222,POSITIVE,87.05,-14.1758,6.2608,-14.4170,2022-06-10,74.71,2022-06-08,2022-06-10
2022-06-13,-4.1387,NEGATIVE,67.99,-7.1775,1.6326,-10.6192,2022-06-17,63.11,2022-06-15,2022-06-16
2022-06-20,0.5115,POSITIVE,65.90,14.0212,16.3733,-3.5053,2022-06-24,75.14,2022-06-24,2022-06-22
2022-06-27,-1.2947,NEGATIVE,77.10,-13.6057,1.9326,-16.8742,2022-07-01,66.61,2022-06-28,2022-06-30
2022-07-04,0.1479,POSITIVE,69.56,17.0644,17.1794,-5.3479,2022-07-08,81.43,2022-07-08,2022-07-05
2022-07-11,-2.0487,NEGATIVE,75.00,3.1067,4.7333,-8.4667,2022-07-15,77.33,2022-07-12,2022-07-13
2022-07-18,0.0500,POSITIVE,76.31,12.2789,18.2021,-1.9526,2022-07-22,85.68,2022-07-22,2022-07-19
2022-07-25,-1.6667,NEGATIVE,82.58,11.9642,15.7786,-3.1242,2022-07-29,92.46,2022-07-29,2022-07-26
2022-08-01,2.0855,POSITIVE,94.20,5.6794,10.9660,-1.8896,2022-08-05,99.55,2022-08-04,2022-08-02
2022-08-08,-0.5426,NEGATIVE,101.13,5.2507,6.4966,-5.3594,2022-08-12,106.44,2022-08-11,2022-08-09
2022-08-22,-3.8151,NEGATIVE,95.35,-1.9297,6.9743,-2.9890,2022-08-26,93.51,2022-08-26,2022-08-26
2022-08-29,-1.5564,NEGATIVE,87.23,-3.5309,2.2011,-11.7276,2022-09-02,84.15,2022-08-30,2022-09-02
2022-09-05,-0.0252,NEGATIVE,80.31,8.0314,8.1808,-5.6531,2022-09-09,86.76,2022-09-09,2022-09-06
2022-09-12,2.5579,POSITIVE,90.57,-22.3805,2.1530,-22.8221,2022-09-16,70.30,2022-09-13,2022-09-16
2022-09-19,0.8877,POSITIVE,74.16,-12.9854,1.1327,-13.9698,2022-09-23,64.53,2022-09-20,2022-09-23
2022-09-26,2.0722,POSITIVE,66.32,-5.1568,2.8046,-9.4542,2022-09-30,62.90,2022-09-27,2022-09-30
2022-10-03,5.4101,POSITIVE,63.99,-5.6571,7.4387,-5.8759,2022-10-07,60.37,2022-10-06,2022-10-07
2022-10-10,-1.6687,NEGATIVE,55.62,-0.4135,9.3312,-10.2841,2022-10-14,55.39,2022-10-14,2022-10-13
2022-10-17,4.8493,POSITIVE,60.58,-3.1198,3.1694,-7.6758,2022-10-21,58.69,2022-10-18,2022-10-21
2022-10-24,-0.9790,NEGATIVE,63.71,-2.3073,3.7200,-11.7878,2022-10-28,62.24,2022-10-25,2022-10-28
2022-10-31,-0.8976,NEGATIVE,63.70,-18.6656,1.6484,-20.8163,2022-11-04,51.81,2022-11-01,2022-11-04
2022-11-07,2.3131,POSITIVE,53.90,14.7681,18.5529,-3.1911,2022-11-11,61.86,2022-11-11,2022-11-10
2022-11-14,-0.0941,NEGATIVE,64.05,-3.1850,6.6354,-7.0414,2022-11-18,62.01,2022-11-15,2022-11-17
2022-11-21,-1.1143,NEGATIVE,60.52,4.2961,8.0965,-1.0245,2022-11-25,63.12,2022-11-24,2022-11-22
2022-11-28,-0.1295,NEGATIVE,61.49,4.8788,10.2618,-4.9764,2022-12-02,64.49,2022-12-01,2022-11-29
2022-12-05,-2.0595,NEGATIVE,62.57,-3.7718,0.6872,-9.7651,2022-12-09,60.21,2022-12-06,2022-12-07
2022-12-12,0.0856,POSITIVE,60.87,-13.0770,11.7135,-13.8328,2022-12-16,52.91,2022-12-13,2022-12-16
2022-12-19,-3.9842,NEGATIVE,49.54,-2.2608,7.5091,-4.7235,2022-12-23,48.42,2022-12-22,2022-12-23
2023-01-02,4.1093,POSITIVE,49.24,-2.7214,2.5589,-7.8392,2023-01-06,47.90,2023-01-03,2023-01-06
2023-01-09,5.8812,POSITIVE,49.48,7.6395,10.2668,-1.5966,2023-01-13,53.26,2023-01-12,2023-01-10
2023-01-16,0.1463,POSITIVE,54.34,-0.7177,4.9503,-5.6680,2023-01-20,53.95,2023-01-18,2023-01-19
2023-01-23,6.4818,POSITIVE,59.20,6.4696,6.7568,-8.1081,2023-01-27,63.03,2023-01-27,2023-01-25
2023-01-30,-1.6393,NEGATIVE,60.08,23.2856,23.2856,-2.4134,2023-02-03,74.07,2023-02-03,2023-01-31
2023-02-06,1.0543,POSITIVE,69.06,-4.8219,5.8210,-6.0237,2023-02-10,65.73,2023-02-08,2023-02-10
2023-02-13,4.6526,POSITIVE,68.96,-5.2494,5.6555,-5.3074,2023-02-17,65.34,2023-02-16,2023-02-17
2023-02-20,0.0300,POSITIVE,65.70,-7.5342,1.7047,-8.4475,2023-02-24,60.75,2023-02-21,2023-02-24
2023-02-27,-0.0322,NEGATIVE,61.63,3.7806,4.4946,-5.3708,2023-03-03,63.96,2023-03-03,2023-03-02
2023-03-06,2.5216,POSITIVE,65.74,-6.3127,1.2321,-11.0131,2023-03-10,61.59,2023-03-09,2023-03-10
2023-03-13,-0.8105,NEGATIVE,59.63,15.1602,19.0676,-1.8950,2023-03-17,68.67,2023-03-17,2023-03-14
2023-03-20,-0.4444,NEGATIVE,68.90,1.1611,5.5007,-0.3919,2023-03-24,69.70,2023-03-23,2023-03-21
2023-03-27,-2.0055,NEGATIVE,70.24,7.8445,8.0581,-4.3423,2023-03-31,75.75,2023-03-31,2023-03-28
2023-04-03,-1.5112,NEGATIVE,76.50,-3.9869,1.9608,-6.3399,2023-04-06,73.45,2023-04-04,2023-04-06
2023-04-17,-1.3885,NEGATIVE,75.00,-2.7867,2.4000,-4.4000,2023-04-21,72.91,2023-04-18,2023-04-21
2023-04-24,-1.2045,NEGATIVE,71.40,4.9020,6.5686,-2.8711,2023-04-28,74.90,2023-04-28,2023-04-26
2023-05-08,-0.1182,NEGATIVE,76.70,2.5684,4.6936,-2.2164,2023-05-12,78.67,2023-05-12,2023-05-10
2023-05-15,0.0378,POSITIVE,79.65,9.9812,12.0151,-0.3139,2023-05-19,87.60,2023-05-19,2023-05-16
2023-05-22,1.1397,POSITIVE,88.69,8.3662,8.6932,-6.8102,2023-05-26,96.11,2023-05-26,2023-05-24
2023-05-29,-0.5352,NEGATIVE,99.30,3.2729,3.8872,-3.3938,2023-06-02,102.55,2023-06-02,2023-06-01
2023-06-05,2.9175,POSITIVE,102.73,-1.0416,1.7230,-6.3565,2023-06-09,101.66,2023-06-07,2023-06-08
2023-06-12,0.7186,POSITIVE,107.95,4.8726,7.2626,-1.6304,2023-06-16,113.21,2023-06-16,2023-06-13
2023-06-19,-0.8079,NEGATIVE,110.13,-3.4232,2.0884,-5.3755,2023-06-23,106.36,2023-06-20,2023-06-22
2023-06-26,-1.2161,NEGATIVE,103.60,8.3398,9.2664,-0.6274,2023-06-30,112.24,2023-06-30,2023-06-27
2023-07-03,-0.8121,NEGATIVE,113.20,-2.4205,1.7668,-4.3463,2023-07-07,110.46,2023-07-05,2023-07-06
2023-07-10,0.7738,POSITIVE,109.28,9.6724,10.6241,-1.6746,2023-07-14,119.85,2023-07-14,2023-07-11
2023-07-17,1.8089,POSITIVE,119.85,-2.4280,5.0480,-3.8798,2023-07-21,116.94,2023-07-19,2023-07-21
2023-07-24,0.6078,POSITIVE,116.72,5.4661,6.6570,-1.4736,2023-07-28,123.10,2023-07-27,2023-07-26
2023-07-31,0.3672,POSITIVE,123.37,-6.1765,0.0000,-8.8514,2023-08-04,115.75,2023-08-01,2023-08-03
2023-08-07,-1.4258,NEGATIVE,113.30,-6.6108,0.6708,-6.6108,2023-08-11,105.81,2023-08-08,2023-08-11
2023-08-21,1.1664,POSITIVE,104.95,-1.8199,9.2520,-3.6017,2023-08-25,103.04,2023-08-24,2023-08-25
2023-08-28,0.9556,POSITIVE,108.50,7.9816,10.4147,-1.2442,2023-09-01,117.16,2023-09-01,2023-08-29
2023-09-04,-0.3732,NEGATIVE,117.01,-1.9058,2.0853,-5.8029,2023-09-08,114.78,2023-09-05,2023-09-07
2023-09-11,0.2088,POSITIVE,117.08,-4.0314,1.3324,-4.8599,2023-09-15,112.36,2023-09-15,2023-09-13
2023-09-18,-0.0980,NEGATIVE,111.57,-7.1973,0.7260,-9.1154,2023-09-22,103.54,2023-09-19,2023-09-22
2023-09-25,0.1770,POSITIVE,100.85,2.1616,4.4125,-3.1235,2023-09-29,103.03,2023-09-29,2023-09-28
2023-10-02,2.0999,POSITIVE,104.75,-1.3938,0.7255,-7.4463,2023-10-06,103.29,2023-10-03,2023-10-04
2023-10-09,0.4792,POSITIVE,108.35,-0.1754,5.3992,-0.6091,2023-10-13,108.16,2023-10-12,2023-10-10
2023-10-16,2.4836,POSITIVE,110.25,-11.8095,0.2721,-11.9274,2023-10-20,97.23,2023-10-17,2023-10-20
2023-10-23,0.6663,POSITIVE,98.93,-8.1876,2.1429,-9.6129,2023-10-27,90.83,2023-10-24,2023-10-27
2023-10-30,-1.1151,NEGATIVE,90.40,17.0022,17.0022,-0.5752,2023-11-03,105.77,2023-11-03,2023-10-31
2023-11-06,0.4062,POSITIVE,106.23,5.0833,5.3375,-0.1694,2023-11-10,111.63,2023-11-10,2023-11-07
2023-11-13,0.6164,POSITIVE,114.32,3.7001,7.1554,-0.3674,2023-11-17,118.55,2023-11-15,2023-11-14
2023-11-20,2.3542,POSITIVE,122.88,-1.2044,2.1322,-3.0436,2023-11-24,121.40,2023-11-22,2023-11-21
2023-11-27,0.8110,POSITIVE,120.54,0.5144,4.0484,-1.3605,2023-12-01,121.16,2023-11-29,2023-11-30
2023-12-04,-3.0338,NEGATIVE,117.76,5.6810,6.6831,-0.5010,2023-12-08,124.45,2023-12-08,2023-12-05
2023-12-11,1.5173,POSITIVE,128.98,6.2800,6.9623,-1.1475,2023-12-15,137.08,2023-12-14,2023-12-12
2023-12-18,1.1247,POSITIVE,138.23,0.3690,2.2571,-1.7579,2023-12-22,138.74,2023-12-20,2023-12-21
2024-01-08,3.3205,POSITIVE,133.64,3.8387,5.2828,-1.6761,2024-01-12,138.77,2024-01-11,2024-01-09
2024-01-15,-0.3300,NEGATIVE,135.59,8.0316,8.5626,-1.6152,2024-01-19,146.48,2024-01-19,2024-01-17
2024-01-22,-0.4885,NEGATIVE,152.25,2.8571,5.0903,-0.6897,2024-01-26,156.60,2024-01-25,2024-01-23
2024-01-29,0.4444,POSITIVE,158.69,0.1953,0.7562,-7.0074,2024-02-02,159.00,2024-01-30,2024-01-31
2024-02-05,-1.0076,NEGATIVE,161.70,3.5498,3.8961,-2.3500,2024-02-09,167.44,2024-02-09,2024-02-06
2024-02-12,1.5118,POSITIVE,166.92,-1.5576,1.1503,-5.6374,2024-02-16,164.32,2024-02-16,2024-02-13
2024-02-19,0.5456,POSITIVE,160.17,4.2580,6.5118,-4.7887,2024-02-23,166.99,2024-02-23,2024-02-21
2024-02-26,0.8336,POSITIVE,166.12,4.0453,4.3884,-2.4139,2024-03-01,172.84,2024-03-01,2024-02-29
2024-03-04,-0.9816,NEGATIVE,171.68,-0.7630,2.9823,-4.7647,2024-03-08,170.37,2024-03-08,2024-03-05
2024-03-11,-0.3087,NEGATIVE,167.12,-4.4100,2.6209,-4.8468,2024-03-15,159.75,2024-03-13,2024-03-15
2024-03-18,2.3082,POSITIVE,164.54,6.4300,8.4843,-2.4371,2024-03-22,175.12,2024-03-21,2024-03-19
2024-03-25,-0.5263,NEGATIVE,175.45,-1.3907,0.4560,-2.7643,2024-03-28,173.01,2024-03-26,2024-03-27
2024-04-08,0.6942,POSITIVE,167.60,1.1456,4.7136,-3.7232,2024-04-12,169.52,2024-04-12,2024-04-10
2024-04-15,-1.1325,NEGATIVE,158.63,-9.1912,1.6453,-9.2227,2024-04-19,144.05,2024-04-17,2024-04-19
2024-04-22,-1.1715,NEGATIVE,144.99,8.0074,8.8972,-1.1656,2024-04-26,156.60,2024-04-26,2024-04-25
2024-04-29,-0.7095,NEGATIVE,158.01,0.3164,1.5758,-7.9172,2024-05-03,158.51,2024-05-03,2024-05-02
2024-05-06,1.3146,POSITIVE,164.27,0.8949,2.3620,-1.5645,2024-05-10,165.74,2024-05-10,2024-05-08
2024-05-13,-0.2750,NEGATIVE,166.80,5.1918,7.0863,-1.6787,2024-05-17,175.46,2024-05-16,2024-05-14
2024-05-20,1.4334,POSITIVE,178.18,2.6546,4.6807,-1.0102,2024-05-24,182.91,2024-05-23,2024-05-21
2024-05-27,0.8014,POSITIVE,183.54,-9.2078,0.7083,-9.2078,2024-05-31,166.64,2024-05-28,2024-05-31
2024-06-03,-0.9607,NEGATIVE,173.31,8.6435,9.2839,-0.9290,2024-06-07,188.29,2024-06-07,2024-06-04
2024-06-10,1.2369,POSITIVE,189.48,9.0775,9.9272,-0.9922,2024-06-14,206.68,2024-06-14,2024-06-11
2024-06-17,0.4575,POSITIVE,215.93,-2.4360,2.6397,-3.6725,2024-06-21,210.67,2024-06-20,2024-06-21
2024-06-24,-1.5629,NEGATIVE,202.88,5.3776,7.9456,-0.6802,2024-06-28,213.79,2024-06-28,2024-06-25
2024-07-01,-0.3056,NEGATIVE,209.25,8.0573,8.1673,-0.6499,2024-07-05,226.11,2024-07-05,2024-07-02
2024-07-08,0.6052,POSITIVE,231.10,-1.7655,3.4617,-5.8503,2024-07-12,227.02,2024-07-11,2024-07-12
2024-07-15,0.8025,POSITIVE,225.55,-12.2146,0.9532,-12.2146,2024-07-19,198.00,2024-07-16,2024-07-19
2024-07-22,0.6606,POSITIVE,204.15,-12.0304,2.5471,-15.0380,2024-07-26,179.59,2024-07-23,2024-07-25
2024-07-29,-2.5534,NEGATIVE,183.07,-12.4543,7.0738,-13.6942,2024-08-02,160.27,2024-08-01,2024-08-02
2024-08-05,8.4846,POSITIVE,154.66,3.7114,6.1490,-6.2460,2024-08-09,160.40,2024-08-09,2024-08-08
2024-08-12,-0.0367,NEGATIVE,166.75,11.9040,14.4468,-1.6492,2024-08-16,186.60,2024-08-16,2024-08-13
2024-08-19,0.9879,POSITIVE,195.29,-2.8573,1.3877,-4.8082,2024-08-23,189.71,2024-08-22,2024-08-23
2024-08-26,-2.6218,NEGATIVE,185.50,-1.6334,1.9084,-3.8275,2024-08-30,182.47,2024-08-29,2024-08-28
2024-09-02,1.4352,POSITIVE,186.98,-16.3707,0.5723,-17.0125,2024-09-06,156.37,2024-09-03,2024-09-06
2024-09-09,0.4488,POSITIVE,159.42,14.7974,14.8852,-0.7151,2024-09-13,183.01,2024-09-13,2024-09-11
2024-09-16,-1.6836,NEGATIVE,180.40,3.0987,7.1175,-0.7262,2024-09-20,185.99,2024-09-19,2024-09-18
2024-09-23,0.6204,POSITIVE,192.97,1.4769,5.8507,-3.3839,2024-09-27,195.82,2024-09-26,2024-09-24
2024-09-30,0.2888,POSITIVE,196.24,-1.3045,1.4676,-5.9927,2024-10-04,193.68,2024-10-04,2024-10-01
2024-10-07,-0.3558,NEGATIVE,190.36,7.5594,8.0059,-0.3152,2024-10-11,204.75,2024-10-11,2024-10-08
2024-10-14,1.8935,POSITIVE,210.26,-1.2175,0.7752,-5.5931,2024-10-18,207.70,2024-10-15,2024-10-16
2024-10-21,-1.0560,NEGATIVE,207.00,2.5700,3.4589,-1.8357,2024-10-25,212.32,2024-10-25,2024-10-24
2024-10-28,-1.2489,NEGATIVE,209.19,-4.5365,3.4179,-7.5147,2024-11-01,199.70,2024-10-30,2024-10-31
2024-11-04,-0.4357,NEGATIVE,195.68,18.2645,18.5558,-0.3271,2024-11-08,231.42,2024-11-08,2024-11-05
2024-11-11,-0.9151,NEGATIVE,233.19,-7.9806,0.9048,-8.4352,2024-11-15,214.58,2024-11-14,2024-11-15
2024-11-18,1.2366,POSITIVE,217.43,3.1872,4.4014,-4.3370,2024-11-22,224.36,2024-11-22,2024-11-19
2024-11-25,-0.6911,NEGATIVE,226.00,0.7257,1.6460,-3.5398,2024-11-29,227.64,2024-11-26,2024-11-27
2024-12-02,3.1854,POSITIVE,236.83,4.8896,5.2654,-1.6172,2024-12-06,248.41,2024-12-06,2024-12-03
2024-12-09,-2.5648,NEGATIVE,243.09,4.7225,6.8740,-0.1399,2024-12-13,254.57,2024-12-13,2024-12-10
2024-12-16,3.1697,POSITIVE,264.43,-7.7261,1.1610,-16.1668,2024-12-20,244.00,2024-12-17,2024-12-20
2025-01-06,3.7533,POSITIVE,245.48,-8.9539,1.3932,-9.7686,2025-01-10,223.50,2025-01-07,2025-01-10
2025-01-13,-1.4898,NEGATIVE,227.06,7.4914,8.5176,-2.7217,2025-01-17,244.07,2025-01-17,2025-01-14
2025-01-20,0.1886,POSITIVE,242.10,4.1594,5.6588,-1.3218,2025-01-24,252.17,2025-01-22,2025-01-21
2025-01-27,-1.4672,NEGATIVE,231.31,8.1103,9.0571,-2.4858,2025-01-31,250.07,2025-01-31,2025-01-28
2025-02-03,3.5285,POSITIVE,235.08,3.7094,7.3975,-1.1485,2025-02-07,243.80,2025-02-07,2025-02-04
2025-02-10,2.4910,POSITIVE,246.19,3.4201,4.0253,-3.4851,2025-02-14,254.61,2025-02-14,2025-02-12
2025-02-17,-0.0386,NEGATIVE,261.50,-3.9847,0.3824,-4.5468,2025-02-21,251.08,2025-02-18,2025-02-21
2025-02-24,-1.9205,NEGATIVE,229.28,-8.8233,0.9552,-11.8109,2025-02-28,209.05,2025-02-25,2025-02-28
2025-03-03,-2.1371,NEGATIVE,201.16,-12.1694,0.7656,-12.3633,2025-03-07,176.68,2025-03-04,2025-03-07
2025-03-10,-7.0196,NEGATIVE,165.63,1.7086,4.2625,-3.7010,2025-03-14,168.46,2025-03-12,2025-03-11
2025-03-17,1.0742,POSITIVE,171.16,-0.8063,2.8278,-5.3108,2025-03-21,169.78,2025-03-20,2025-03-18
2025-03-24,2.8631,POSITIVE,182.62,-12.2659,2.2232,-12.6273,2025-03-28,160.22,2025-03-26,2025-03-28
2025-03-31,0.1700,POSITIVE,158.78,-24.1088,3.7284,-27.6357,2025-04-04,120.50,2025-04-02,2025-04-04
2025-04-07,16.6953,POSITIVE,117.26,3.5903,20.9193,-15.5040,2025-04-11,121.47,2025-04-10,2025-04-09
2025-04-14,-1.6156,NEGATIVE,131.33,-9.3886,3.3808,-10.8429,2025-04-17,119.00,2025-04-15,2025-04-17
2025-04-28,-3.1453,NEGATIVE,141.60,10.2825,10.8121,-6.2782,2025-05-02,156.16,2025-05-02,2025-04-30
2025-05-05,0.6489,POSITIVE,151.80,3.4519,5.9157,-3.3926,2025-05-09,157.04,2025-05-09,2025-05-06
2025-05-12,1.0487,POSITIVE,175.13,8.2053,9.0104,-0.1999,2025-05-16,189.50,2025-05-16,2025-05-13
2025-05-19,2.7169,POSITIVE,187.58,-6.8824,0.9703,-9.9051,2025-05-23,174.67,2025-05-20,2025-05-23
2025-05-26,0.6042,POSITIVE,181.46,1.0250,9.1921,-0.8046,2025-05-30,183.32,2025-05-29,2025-05-27
2025-06-02,1.1783,POSITIVE,185.72,4.6899,6.1813,-0.8184,2025-06-06,194.43,2025-06-05,2025-06-03
2025-06-09,0.8067,POSITIVE,195.08,-1.7429,3.0347,-4.3777,2025-06-13,191.68,2025-06-11,2025-06-13
2025-06-16,2.5611,POSITIVE,193.04,-2.5642,1.0153,-4.9420,2025-06-20,188.09,2025-06-20,2025-06-19
2025-06-23,1.3790,POSITIVE,199.05,5.0138,5.2499,-1.1304,2025-06-27,209.03,2025-06-27,2025-06-24
2025-06-30,-0.6649,NEGATIVE,209.59,0.8445,3.0584,-3.2635,2025-07-04,211.36,2025-07-03,2025-07-02
2025-07-07,-0.2634,NEGATIVE,211.93,0.7502,2.7462,-0.4388,2025-07-11,213.52,2025-07-09,2025-07-08
2025-07-14,2.1588,POSITIVE,219.14,1.2367,2.4870,-3.2582,2025-07-18,221.85,2025-07-18,2025-07-16
2025-07-21,0.8710,POSITIVE,224.30,0.7445,0.7579,-2.8310,2025-07-25,225.97,2025-07-25,2025-07-22
2025-07-28,-0.0435,NEGATIVE,233.34,-8.1212,4.7827,-9.4626,2025-08-01,214.39,2025-07-31,2025-08-01
2025-08-04,2.8430,POSITIVE,227.91,2.3343,3.1109,-3.7339,2025-08-08,233.23,2025-08-08,2025-08-06
2025-08-11,0.3886,POSITIVE,234.66,2.6933,4.4064,-0.7884,2025-08-14,240.98,2025-08-13,2025-08-12
2025-08-18,-0.7188,NEGATIVE,236.87,-2.2797,0.3251,-9.1063,2025-08-22,231.47,2025-08-19,2025-08-20
2025-08-25,1.1025,POSITIVE,228.26,-0.6571,3.3164,-1.2617,2025-08-29,226.76,2025-08-28,2025-08-29
2025-09-01,0.6498,POSITIVE,226.28,1.7721,5.5020,-4.8524,2025-09-05,230.29,2025-09-05,2025-09-02
2025-09-08,1.2998,POSITIVE,236.70,3.3164,3.5065,-2.7883,2025-09-12,244.55,2025-09-12,2025-09-11
2025-09-15,1.0325,POSITIVE,250.72,2.0262,2.9435,-2.6763,2025-09-19,255.80,2025-09-19,2025-09-17
2025-09-22,0.7766,POSITIVE,263.16,-3.5378,0.3268,-5.7608,2025-09-26,253.85,2025-09-23,2025-09-25
2025-09-29,0.2967,POSITIVE,258.38,4.0173,4.8920,-2.2022,2025-10-03,268.76,2025-10-03,2025-10-01
2025-10-06,0.5991,POSITIVE,270.33,-4.2689,3.8361,-4.2689,2025-10-10,258.79,2025-10-10,2025-10-10
2025-10-13,0.9427,POSITIVE,256.38,-0.3432,5.3124,-4.2437,2025-10-17,255.50,2025-10-16,2025-10-17
2025-10-20,2.3681,POSITIVE,273.56,2.8403,3.1949,-3.6372,2025-10-24,281.33,2025-10-24,2025-10-23
2025-10-27,1.2491,POSITIVE,295.30,1.6221,4.4700,-0.1761,2025-10-31,300.09,2025-10-29,2025-10-28
2025-11-03,0.3862,POSITIVE,291.68,-11.5915,1.8239,-11.8212,2025-11-07,257.87,2025-11-04,2025-11-07
2025-11-10,0.2568,POSITIVE,286.60,-5.7467,1.6748,-12.4215,2025-11-14,270.13,2025-11-12,2025-11-14
2025-11-17,-2.5619,NEGATIVE,255.15,-5.9494,7.5446,-9.2299,2025-11-21,239.97,2025-11-20,2025-11-21
2025-11-24,4.7333,POSITIVE,261.21,5.4592,6.0411,-4.1231,2025-11-28,275.47,2025-11-28,2025-11-25
2025-12-01,1.1902,POSITIVE,273.06,3.7391,5.8375,-0.0732,2025-12-05,283.27,2025-12-05,2025-12-02
2025-12-08,-1.4912,NEGATIVE,283.80,-6.7125,0.4581,-7.2657,2025-12-12,264.75,2025-12-10,2025-12-12
2025-12-15,-1.0964,NEGATIVE,255.39,4.9532,5.5445,-1.4174,2025-12-19,268.04,2025-12-19,2025-12-17
2025-12-22,-0.3041,NEGATIVE,271.35,0.6891,0.7592,-1.0135,2025-12-23,273.22,2025-12-23,2025-12-23
2025-12-29,-0.8268,NEGATIVE,272.17,-3.0018,1.3411,-4.4421,2026-01-02,264.00,2026-01-02,2026-01-02
2026-01-05,2.0299,POSITIVE,270.59,3.5367,3.9211,-1.0828,2026-01-09,280.16,2026-01-07,2026-01-06
2026-01-12,2.3216,POSITIVE,280.92,-1.6980,1.6304,-4.9373,2026-01-16,276.15,2026-01-13,2026-01-14
2026-01-19,-0.5255,NEGATIVE,259.15,5.4872,6.4982,-2.9134,2026-01-23,273.37,2026-01-23,2026-01-21
2026-01-26,1.8808,POSITIVE,278.19,-2.5270,2.7715,-5.8917,2026-01-30,271.16,2026-01-28,2026-01-29
2026-02-02,6.8404,POSITIVE,279.23,-10.8692,0.2399,-16.3020,2026-02-06,248.88,2026-02-03,2026-02-06
2026-02-09,1.6026,POSITIVE,255.18,-5.4902,1.8889,-8.1041,2026-02-13,241.17,2026-02-11,2026-02-13
2026-02-16,-1.5138,NEGATIVE,238.13,3.7249,5.6272,-2.9438,2026-02-20,247.00,2026-02-20,2026-02-17
2026-02-23,-1.1880,NEGATIVE,241.52,1.9170,7.2292,-1.0434,2026-02-27,246.15,2026-02-26,2026-02-24
2026-03-02,4.5175,POSITIVE,240.00,1.9417,6.8958,-3.2500,2026-03-06,244.66,2026-03-05,2026-03-03
2026-03-09,4.9924,POSITIVE,251.10,-5.6910,1.5532,-6.2286,2026-03-13,236.81,2026-03-11,2026-03-13
2026-03-16,0.6339,POSITIVE,239.32,-6.6188,4.5044,-6.9029,2026-03-20,223.48,2026-03-18,2026-03-20
2026-03-23,5.2035,POSITIVE,226.91,-10.9383,0.9211,-11.4186,2026-03-27,202.09,2026-03-25,2026-03-27
2026-03-30,0.6870,POSITIVE,198.06,10.2494,11.5823,-0.7624,2026-04-02,218.36,2026-04-02,2026-03-31
2026-04-13,2.1241,POSITIVE,253.70,15.0177,15.0177,0.0000,2026-04-17,291.80,2026-04-17,2026-04-14
2026-04-20,0.1393,POSITIVE,290.97,6.2824,6.5402,-1.4331,2026-04-24,309.25,2026-04-24,2026-04-21
2026-04-27,-0.8775,NEGATIVE,309.56,0.6655,2.3776,-3.5954,2026-04-30,311.62,2026-04-30,2026-04-28
2026-05-04,-1.5005,NEGATIVE,328.77,13.4501,13.5018,-0.1430,2026-05-08,372.99,2026-05-08,2026-05-05
2026-05-11,1.0112,POSITIVE,374.47,2.2966,6.4918,-3.5944,2026-05-15,383.07,2026-05-14,2026-05-12
2026-05-18,-1.2067,NEGATIVE,369.42,7.6498,7.7365,-3.1455,2026-05-22,397.68,2026-05-22,2026-05-19
2026-05-25,-0.3342,NEGATIVE,401.67,5.4348,6.9983,-0.8913,2026-05-29,423.50,2026-05-29,2026-05-26
2026-06-01,-0.1717,NEGATIVE,429.64,-7.4109,3.1096,-7.4109,2026-06-05,397.80,2026-06-03,2026-06-05
2026-06-08,4.5616,POSITIVE,394.85,-0.7547,1.4385,-10.5508,2026-06-12,391.87,2026-06-09,2026-06-10
2026-06-15,2.9292,POSITIVE,424.78,-0.8263,1.3019,-5.2451,2026-06-19,421.27,2026-06-16,2026-06-17
2026-06-22,-1.4620,NEGATIVE,393.62,-3.8235,3.0944,-7.8731,2026-06-26,378.57,2026-06-25,2026-06-26
2026-06-29,1.6845,POSITIVE,399.34,-2.6193,2.9323,-6.0900,2026-07-03,388.88,2026-07-01,2026-07-02
2026-07-06,2.1607,POSITIVE,382.16,2.5565,2.5565,-7.8423,2026-07-10,391.93,2026-07-10,2026-07-08
2026-07-13,0.5476,POSITIVE,376.78,-8.5700,4.6048,-11.8053,2026-07-17,344.49,2026-07-15,2026-07-17
2026-07-20,2.1687,POSITIVE,359.66,-6.4311,1.8545,-8.8028,2026-07-24,336.53,2026-07-22,2026-07-24
2026-07-27,-6.6822,NEGATIVE,317.48,1.0961,6.8697,-7.1343,2026-07-31,320.96,2026-07-31,2026-07-30
2026-08-03,1.9660,POSITIVE,351.96,6.9809,9.6716,-0.8410,2026-08-07,376.53,2026-08-05,2026-08-04
2026-08-10,-1.5415,NEGATIVE,373.78,-0.4816,1.2253,-1.0916,2026-08-11,371.98,2026-08-11,2026-08-11
